ID_Pedido;Fecha_Pedido;Fecha_Envio;Modo_Envio;Estado_Pedido;ID_Detalle;ID_Producto;Cantidad;Descuento;Ventas;Ganancia;Nombre_Producto;Categoria;Subcategoria;Marca;Precio_Lista;Costo_Unitario;Nombre_Campania;Canal_Marketing;Ingreso_Neto;Venta_Promedio_Unidad;Mes_Pedido;Dias_Envio
ORD-2023-00001;2025-03-31;2025-04-04;estándar;completado;1;P0082;1;0.00;590.86;322.42;papelería eco 2;oficina;papelería;orion;590.86;268.44;sin dato;sin dato;590.86;590.86;3;4
ORD-2023-00001;2025-03-31;2025-04-04;estándar;completado;2;P0119;7;0.00;4341.68;1907.85;sobres plus 9;oficina;sobres;andes;620.24;347.69;sin dato;sin dato;4341.68;620.24;3;4
ORD-2023-00001;2025-03-31;2025-04-04;estándar;completado;3;P0048;2;0.00;1250.86;281.32;sillas plus 8;muebles;sillas;orion;625.43;484.77;sin dato;sin dato;1250.86;625.43;3;4
ORD-2023-00001;2025-03-31;2025-04-04;estándar;completado;4;P0079;5;0.00;244.35;64.85;almacenamiento nova 9;muebles;almacenamiento;alerce;48.87;35.90;sin dato;sin dato;244.35;48.87;3;4
ORD-2023-00002;2024-03-25;2024-03-25;segunda clase;completado;5;P0087;1;0.15;629.31;115.33;papelería flex 7;oficina;papelería;andes;740.37;525.57;campaña cliente vip 5;display;534.91;629.31;3;0
ORD-2023-00002;2024-03-25;2024-03-25;segunda clase;completado;6;P0021;2;0.10;1429.92;529.33;computadores plus 1;tecnología;computadores;andes;794.40;441.41;campaña cliente vip 5;display;1286.93;714.96;3;0
ORD-2023-00003;2024-02-20;2024-02-24;estándar;completado;7;P0093;6;0.15;3186.84;1333.80;archivadores flex 3;oficina;archivadores;vector;624.87;291.47;campaña cliente vip 1;email;2708.81;531.14;2;4
ORD-2023-00003;2024-02-20;2024-02-24;estándar;completado;8;P0029;4;0.30;787.14;-68.77;computadores eco 9;tecnología;computadores;patagonia;281.12;199.48;campaña cliente vip 1;email;551.00;196.78;2;4
ORD-2023-00003;2024-02-20;2024-02-24;estándar;completado;9;P0034;3;0.20;1007.23;179.29;periféricos flex 4;tecnología;periféricos;orion;419.68;275.77;campaña cliente vip 1;email;805.78;335.74;2;4
ORD-2023-00004;2023-10-29;2023-10-31;primera clase;enviado;10;P0089;8;0.20;2247.17;378.49;papelería plus 9;oficina;papelería;vector;351.12;231.81;sin dato;sin dato;1797.74;280.90;10;2
ORD-2023-00004;2023-10-29;2023-10-31;primera clase;enviado;11;P0097;6;0.30;1121.57;-167.29;archivadores smart 7;oficina;archivadores;altura;267.04;208.99;sin dato;sin dato;785.10;186.93;10;2
ORD-2023-00004;2023-10-29;2023-10-31;primera clase;enviado;12;P0062;2;0.10;838.22;383.39;libreros plus 2;muebles;libreros;vector;465.68;235.47;sin dato;sin dato;754.40;419.11;10;2
ORD-2023-00005;2025-03-30;2025-04-01;estándar;completado;13;P0032;5;0.00;3617.95;1085.70;periféricos eco 2;tecnología;periféricos;vector;723.59;506.45;campaña ahorro 6;afiliados;3617.95;723.59;3;2
ORD-2023-00005;2025-03-30;2025-04-01;estándar;completado;14;P0010;3;0.30;1423.97;-21.81;accesorios nova 10;tecnología;accesorios;andes;678.08;497.07;campaña ahorro 6;afiliados;996.78;474.66;3;2
ORD-2023-00005;2025-03-30;2025-04-01;estándar;completado;15;P0115;5;0.00;659.35;228.20;sobres pro 5;oficina;sobres;alerce;131.87;86.23;campaña ahorro 6;afiliados;659.35;131.87;3;2
ORD-2023-00006;2025-01-24;2025-01-25;segunda clase;enviado;16;P0107;4;0.15;263.33;99.88;etiquetas pro 7;oficina;etiquetas;orion;77.45;42.46;campaña activa 4;afiliados;223.83;65.83;1;1
ORD-2023-00006;2025-01-24;2025-01-25;segunda clase;enviado;17;P0016;2;0.30;1091.02;304.33;teléfonos pro 6;tecnología;teléfonos;orion;779.30;382.70;campaña activa 4;afiliados;763.71;545.51;1;1
ORD-2023-00007;2024-01-16;2024-01-20;primera clase;completado;18;P0097;3;0.00;801.12;174.15;archivadores smart 7;oficina;archivadores;altura;267.04;208.99;campaña cliente vip 5;display;801.12;267.04;1;4
ORD-2023-00007;2024-01-16;2024-01-20;primera clase;completado;19;P0062;1;0.15;395.83;163.33;libreros plus 2;muebles;libreros;vector;465.68;235.47;campaña cliente vip 5;display;336.46;395.83;1;4
ORD-2023-00008;2023-05-04;2023-05-09;estándar;completado;20;P0049;2;0.15;491.50;72.41;sillas smart 9;muebles;sillas;orion;289.12;211.95;sin dato;sin dato;417.77;245.75;5;5
ORD-2023-00008;2023-05-04;2023-05-09;estándar;completado;21;P0024;5;0.05;3834.91;1839.18;computadores nova 4;tecnología;computadores;vector;807.35;402.87;sin dato;sin dato;3643.16;766.98;5;5
ORD-2023-00009;2023-07-08;2023-07-11;primera clase;completado;22;P0036;8;0.00;7017.60;3651.12;periféricos nova 6;tecnología;periféricos;patagonia;877.20;420.81;campaña ahorro 7;afiliados;7017.60;877.20;7;3
ORD-2023-00009;2023-07-08;2023-07-11;primera clase;completado;23;P0105;2;0.10;467.06;214.53;etiquetas pro 5;oficina;etiquetas;lumen;259.48;123.11;campaña ahorro 7;afiliados;420.35;233.53;7;3
ORD-2023-00009;2023-07-08;2023-07-11;primera clase;completado;24;P0110;7;0.05;401.13;159.54;etiquetas nova 10;oficina;etiquetas;orion;60.32;34.94;campaña ahorro 7;afiliados;381.07;57.30;7;3
ORD-2023-00009;2023-07-08;2023-07-11;primera clase;completado;25;P0061;1;0.00;875.36;411.61;libreros plus 1;muebles;libreros;altura;875.36;463.75;campaña ahorro 7;afiliados;875.36;875.36;7;3
ORD-2023-00010;2024-06-30;2024-07-05;estándar;completado;26;P0089;3;0.00;1053.36;357.93;papelería plus 9;oficina;papelería;vector;351.12;231.81;campaña outlet 8;búsqueda;1053.36;351.12;6;5
ORD-2023-00011;2024-10-06;2024-10-06;primera clase;completado;27;P0045;1;0.20;427.92;52.49;sillas eco 5;muebles;sillas;lumen;534.90;391.64;campaña ahorro 6;afiliados;342.34;427.92;10;0
ORD-2023-00011;2024-10-06;2024-10-06;primera clase;completado;28;P0074;3;0.10;1113.78;338.70;almacenamiento smart 4;muebles;almacenamiento;lumen;412.51;260.75;campaña ahorro 6;afiliados;1002.40;371.26;10;0
ORD-2023-00011;2024-10-06;2024-10-06;primera clase;completado;29;P0100;8;0.00;420.96;114.48;archivadores smart 10;oficina;archivadores;andes;52.62;38.31;campaña ahorro 6;afiliados;420.96;52.62;10;0
ORD-2023-00012;2024-10-08;2024-10-09;primera clase;completado;30;P0109;2;0.00;1527.58;408.94;etiquetas smart 9;oficina;etiquetas;patagonia;763.79;559.32;sin dato;sin dato;1527.58;763.79;10;1
ORD-2023-00012;2024-10-08;2024-10-09;primera clase;completado;31;P0041;6;0.10;834.41;223.18;sillas eco 1;muebles;sillas;vector;154.52;100.57;sin dato;sin dato;750.97;139.07;10;1
ORD-2023-00012;2024-10-08;2024-10-09;primera clase;completado;32;P0035;8;0.15;5200.03;798.96;periféricos nova 5;tecnología;periféricos;orion;764.71;538.76;sin dato;sin dato;4420.03;650.00;10;1
ORD-2023-00012;2024-10-08;2024-10-09;primera clase;completado;33;P0053;3;0.00;1112.13;396.00;mesas eco 3;muebles;mesas;alerce;370.71;238.71;sin dato;sin dato;1112.13;370.71;10;1
ORD-2023-00013;2024-11-08;2024-11-10;estándar;completado;34;P0051;2;0.00;189.76;72.52;mesas smart 1;muebles;mesas;orion;94.88;58.62;sin dato;sin dato;189.76;94.88;11;2
ORD-2023-00013;2024-11-08;2024-11-10;estándar;completado;35;P0071;1;0.00;888.52;211.03;almacenamiento flex 1;muebles;almacenamiento;patagonia;888.52;677.49;sin dato;sin dato;888.52;888.52;11;2
ORD-2023-00014;2023-09-26;2023-09-30;segunda clase;completado;36;P0057;3;0.00;1547.43;571.17;mesas smart 7;muebles;mesas;patagonia;515.81;325.42;campaña ahorro 7;afiliados;1547.43;515.81;9;4
ORD-2023-00014;2023-09-26;2023-09-30;segunda clase;completado;37;P0004;1;0.15;23.90;3.48;accesorios eco 4;tecnología;accesorios;orion;28.12;19.81;campaña ahorro 7;afiliados;20.31;23.90;9;4
ORD-2023-00014;2023-09-26;2023-09-30;segunda clase;completado;38;P0111;8;0.30;2883.22;251.97;sobres flex 1;oficina;sobres;lumen;514.86;299.56;campaña ahorro 7;afiliados;2018.25;360.40;9;4
ORD-2023-00015;2024-03-31;2024-04-01;segunda clase;completado;39;P0081;7;0.10;5168.90;1520.29;papelería smart 1;oficina;papelería;altura;820.46;507.81;sin dato;sin dato;4652.01;738.41;3;1
ORD-2023-00015;2024-03-31;2024-04-01;segunda clase;completado;40;P0070;4;0.00;3066.76;1181.68;libreros eco 10;muebles;libreros;andes;766.69;471.27;sin dato;sin dato;3066.76;766.69;3;1
ORD-2023-00015;2024-03-31;2024-04-01;segunda clase;completado;41;P0053;5;0.00;1853.55;660.00;mesas eco 3;muebles;mesas;alerce;370.71;238.71;sin dato;sin dato;1853.55;370.71;3;1
ORD-2023-00015;2024-03-31;2024-04-01;segunda clase;completado;42;P0067;3;0.15;440.56;120.10;libreros pro 7;muebles;libreros;nova;172.77;109.03;sin dato;sin dato;374.48;146.85;3;1
ORD-2023-00016;2025-02-12;2025-02-15;segunda clase;enviado;43;P0071;6;0.05;5064.56;1009.03;almacenamiento flex 1;muebles;almacenamiento;patagonia;888.52;677.49;campaña ahorro 7;afiliados;4811.33;844.09;2;3
ORD-2023-00017;2023-09-13;2023-09-14;mismo día;completado;44;P0011;7;0.05;3669.00;1136.31;teléfonos plus 1;tecnología;teléfonos;lumen;551.73;361.63;sin dato;sin dato;3485.55;524.14;9;1
ORD-2023-00017;2023-09-13;2023-09-14;mismo día;completado;45;P0037;5;0.20;1155.92;404.23;periféricos nova 7;tecnología;periféricos;orion;288.98;157.55;sin dato;sin dato;924.74;231.18;9;1
ORD-2023-00017;2023-09-13;2023-09-14;mismo día;completado;46;P0024;3;0.10;2179.85;1008.98;computadores nova 4;tecnología;computadores;vector;807.35;402.87;sin dato;sin dato;1961.87;726.62;9;1
ORD-2023-00018;2023-10-06;2023-10-11;estándar;completado;47;P0069;1;0.00;667.86;197.81;libreros smart 9;muebles;libreros;patagonia;667.86;470.05;sin dato;sin dato;667.86;667.86;10;5
ORD-2023-00019;2023-05-09;2023-05-14;segunda clase;completado;48;P0028;6;0.20;2218.22;815.10;computadores pro 8;tecnología;computadores;lumen;462.13;240.82;campaña cliente vip 1;email;1774.58;369.70;5;5
ORD-2023-00019;2023-05-09;2023-05-14;segunda clase;completado;49;P0048;8;0.00;5003.44;1125.28;sillas plus 8;muebles;sillas;orion;625.43;484.77;campaña cliente vip 1;email;5003.44;625.43;5;5
ORD-2023-00019;2023-05-09;2023-05-14;segunda clase;completado;50;P0008;5;0.20;1586.40;278.45;accesorios plus 8;tecnología;accesorios;andes;396.60;275.19;campaña cliente vip 1;email;1269.12;317.28;5;5
ORD-2023-00019;2023-05-09;2023-05-14;segunda clase;completado;51;P0024;4;0.10;2906.46;1254.00;computadores nova 4;tecnología;computadores;vector;807.35;402.87;campaña cliente vip 1;email;2615.81;726.62;5;5
ORD-2023-00020;2025-02-25;2025-03-02;estándar;completado;52;P0095;2;0.05;1001.77;433.71;archivadores plus 5;oficina;archivadores;altura;527.25;284.32;campaña outlet 8;búsqueda;951.68;500.88;2;5
ORD-2023-00020;2025-02-25;2025-03-02;estándar;completado;53;P0120;6;0.00;4237.62;1615.14;sobres plus 10;oficina;sobres;altura;706.27;437.08;campaña outlet 8;búsqueda;4237.62;706.27;2;5
ORD-2023-00020;2025-02-25;2025-03-02;estándar;completado;54;P0096;2;0.10;1271.68;479.70;archivadores pro 6;oficina;archivadores;patagonia;706.49;396.52;campaña outlet 8;búsqueda;1144.51;635.84;2;5
ORD-2023-00020;2025-02-25;2025-03-02;estándar;completado;55;P0026;6;0.00;2864.04;595.14;computadores plus 6;tecnología;computadores;lumen;477.34;378.15;campaña outlet 8;búsqueda;2864.04;477.34;2;5
ORD-2023-00021;2023-08-30;2023-09-04;primera clase;completado;56;P0051;4;0.00;379.52;145.04;mesas smart 1;muebles;mesas;orion;94.88;58.62;campaña cliente vip 1;email;379.52;94.88;8;5
ORD-2023-00022;2024-01-16;2024-01-22;primera clase;completado;57;P0008;6;0.00;2379.60;728.46;accesorios plus 8;tecnología;accesorios;andes;396.60;275.19;campaña activa 3;afiliados;2379.60;396.60;1;6
ORD-2023-00023;2024-05-14;2024-05-15;mismo día;enviado;58;P0003;7;0.15;5166.15;288.62;accesorios plus 3;tecnología;accesorios;altura;868.26;685.10;campaña ahorro 6;afiliados;4391.23;738.02;5;1
ORD-2023-00023;2024-05-14;2024-05-15;mismo día;enviado;59;P0116;1;0.30;541.93;37.69;sobres flex 6;oficina;sobres;patagonia;774.19;485.05;campaña ahorro 6;afiliados;379.35;541.93;5;1
ORD-2023-00024;2024-12-14;2024-12-17;primera clase;completado;60;P0036;3;0.00;2631.60;1369.17;periféricos nova 6;tecnología;periféricos;patagonia;877.20;420.81;campaña activa 3;afiliados;2631.60;877.20;12;3
ORD-2023-00024;2024-12-14;2024-12-17;primera clase;completado;61;P0038;5;0.15;1737.91;491.89;periféricos nova 8;tecnología;periféricos;andes;408.92;250.33;campaña activa 3;afiliados;1477.22;347.58;12;3
ORD-2023-00024;2024-12-14;2024-12-17;primera clase;completado;62;P0094;3;0.00;540.12;160.02;archivadores pro 4;oficina;archivadores;alerce;180.04;126.70;campaña activa 3;afiliados;540.12;180.04;12;3
ORD-2023-00024;2024-12-14;2024-12-17;primera clase;completado;63;P0100;4;0.15;178.91;22.88;archivadores smart 10;oficina;archivadores;andes;52.62;38.31;campaña activa 3;afiliados;152.07;44.73;12;3
ORD-2023-00025;2024-06-20;2024-06-25;primera clase;completado;64;P0083;6;0.00;317.34;103.08;papelería pro 3;oficina;papelería;altura;52.89;35.71;sin dato;sin dato;317.34;52.89;6;5
ORD-2023-00025;2024-06-20;2024-06-25;primera clase;completado;65;P0006;3;0.00;2607.84;1041.42;accesorios nova 6;tecnología;accesorios;andes;869.28;522.14;sin dato;sin dato;2607.84;869.28;6;5
ORD-2023-00025;2024-06-20;2024-06-25;primera clase;completado;66;P0014;8;0.05;593.33;310.58;teléfonos pro 4;tecnología;teléfonos;alerce;78.07;35.97;sin dato;sin dato;563.66;74.17;6;5
ORD-2023-00025;2024-06-20;2024-06-25;primera clase;completado;67;P0085;8;0.10;5356.87;1136.31;papelería smart 5;oficina;papelería;alerce;744.01;540.99;sin dato;sin dato;4821.18;669.61;6;5
ORD-2023-00026;2023-01-14;2023-01-15;estándar;cancelado;68;P0047;7;0.15;4152.09;420.46;sillas plus 7;muebles;sillas;andes;697.83;520.77;sin dato;sin dato;3529.28;593.16;1;1
ORD-2023-00027;2024-06-25;2024-06-25;estándar;enviado;69;P0013;4;0.20;914.75;248.12;teléfonos nova 3;tecnología;teléfonos;lumen;285.86;173.76;sin dato;sin dato;731.80;228.69;6;0
ORD-2023-00028;2024-10-02;2024-10-03;estándar;completado;70;P0087;8;0.20;4738.37;352.41;papelería flex 7;oficina;papelería;andes;740.37;525.57;sin dato;sin dato;3790.70;592.30;10;1
ORD-2023-00028;2024-10-02;2024-10-03;estándar;completado;71;P0102;3;0.20;1028.86;209.52;etiquetas pro 2;oficina;etiquetas;vector;428.69;272.95;sin dato;sin dato;823.09;342.95;10;1
ORD-2023-00028;2024-10-02;2024-10-03;estándar;completado;72;P0069;8;0.15;4541.45;652.02;libreros smart 9;muebles;libreros;patagonia;667.86;470.05;sin dato;sin dato;3860.23;567.68;10;1
ORD-2023-00029;2024-02-27;2024-03-04;primera clase;enviado;73;P0073;4;0.20;559.23;64.21;almacenamiento eco 3;muebles;almacenamiento;orion;174.76;120.04;sin dato;sin dato;447.38;139.81;2;6
ORD-2023-00029;2024-02-27;2024-03-04;primera clase;enviado;74;P0047;8;0.30;3907.85;-566.36;sillas plus 7;muebles;sillas;andes;697.83;520.77;sin dato;sin dato;2735.49;488.48;2;6
ORD-2023-00030;2023-10-19;2023-10-23;primera clase;devuelto;75;P0029;4;0.15;955.81;190.16;computadores eco 9;tecnología;computadores;patagonia;281.12;199.48;campaña activa 3;afiliados;812.44;238.95;10;4
ORD-2023-00030;2023-10-19;2023-10-23;primera clase;devuelto;76;P0118;3;0.00;696.15;196.29;sobres nova 8;oficina;sobres;alerce;232.05;166.62;campaña activa 3;afiliados;696.15;232.05;10;4
ORD-2023-00030;2023-10-19;2023-10-23;primera clase;devuelto;77;P0020;3;0.10;1334.85;607.53;teléfonos flex 10;tecnología;teléfonos;lumen;494.39;245.07;campaña activa 3;afiliados;1201.37;444.95;10;4
ORD-2023-00031;2023-09-20;2023-09-26;segunda clase;completado;78;P0093;6;0.30;2624.45;1022.80;archivadores flex 3;oficina;archivadores;vector;624.87;291.47;campaña ahorro 7;afiliados;1837.11;437.41;9;6
ORD-2023-00032;2023-02-08;2023-02-13;estándar;completado;79;P0045;7;0.20;2995.44;125.08;sillas eco 5;muebles;sillas;lumen;534.90;391.64;sin dato;sin dato;2396.35;427.92;2;5
ORD-2023-00032;2023-02-08;2023-02-13;estándar;completado;80;P0112;4;0.00;1814.60;909.76;sobres pro 2;oficina;sobres;orion;453.65;226.21;sin dato;sin dato;1814.60;453.65;2;5
ORD-2023-00032;2023-02-08;2023-02-13;estándar;completado;81;P0007;5;0.00;1565.45;847.55;accesorios nova 7;tecnología;accesorios;alerce;313.09;143.58;sin dato;sin dato;1565.45;313.09;2;5
ORD-2023-00033;2024-05-29;2024-06-03;mismo día;completado;82;P0029;7;0.10;1771.06;352.15;computadores eco 9;tecnología;computadores;patagonia;281.12;199.48;campaña cliente vip 1;email;1593.95;253.01;5;5
ORD-2023-00034;2023-12-11;2023-12-11;mismo día;enviado;83;P0052;7;0.00;3459.05;815.15;mesas nova 2;muebles;mesas;lumen;494.15;377.70;sin dato;sin dato;3459.05;494.15;12;0
ORD-2023-00035;2023-07-22;2023-07-25;segunda clase;completado;84;P0035;7;0.15;4550.02;719.37;periféricos nova 5;tecnología;periféricos;orion;764.71;538.76;campaña activa 4;afiliados;3867.52;650.00;7;3
ORD-2023-00036;2024-11-18;2024-11-21;primera clase;completado;85;P0099;5;0.00;52.85;27.85;archivadores eco 9;oficina;archivadores;orion;10.57;5.00;campaña ahorro 6;afiliados;52.85;10.57;11;3
ORD-2023-00037;2024-03-27;2024-03-27;primera clase;completado;86;P0015;1;0.05;663.57;141.70;teléfonos plus 5;tecnología;teléfonos;nova;698.50;515.60;sin dato;sin dato;630.39;663.57;3;0
ORD-2023-00038;2023-01-15;2023-01-17;mismo día;completado;87;P0043;4;0.05;2677.48;1071.66;sillas smart 3;muebles;sillas;altura;704.60;405.63;sin dato;sin dato;2543.61;669.37;1;2
ORD-2023-00039;2024-05-09;2024-05-13;estándar;completado;88;P0033;3;0.00;2650.05;572.61;periféricos nova 3;tecnología;periféricos;altura;883.35;692.48;sin dato;sin dato;2650.05;883.35;5;4
ORD-2023-00040;2024-04-21;2024-04-26;primera clase;completado;89;P0111;2;0.00;1029.72;430.60;sobres flex 1;oficina;sobres;lumen;514.86;299.56;sin dato;sin dato;1029.72;514.86;4;5
ORD-2023-00040;2024-04-21;2024-04-26;primera clase;completado;90;P0030;7;0.00;4866.40;2626.54;computadores flex 10;tecnología;computadores;alerce;695.20;319.98;sin dato;sin dato;4866.40;695.20;4;5
ORD-2023-00040;2024-04-21;2024-04-26;primera clase;completado;91;P0077;2;0.00;218.98;111.70;almacenamiento nova 7;muebles;almacenamiento;altura;109.49;53.64;sin dato;sin dato;218.98;109.49;4;5
ORD-2023-00041;2024-12-30;2024-12-30;mismo día;completado;92;P0003;6;0.15;4428.13;362.73;accesorios plus 3;tecnología;accesorios;altura;868.26;685.10;campaña cliente vip 5;display;3763.91;738.02;12;0
ORD-2023-00041;2024-12-30;2024-12-30;mismo día;completado;93;P0031;5;0.00;1162.90;597.70;periféricos smart 1;tecnología;periféricos;andes;232.58;113.04;campaña cliente vip 5;display;1162.90;232.58;12;0
ORD-2023-00042;2024-07-22;2024-07-24;segunda clase;enviado;94;P0067;4;0.20;552.86;131.10;libreros pro 7;muebles;libreros;nova;172.77;109.03;campaña ahorro 6;afiliados;442.29;138.22;7;2
ORD-2023-00042;2024-07-22;2024-07-24;segunda clase;enviado;95;P0055;5;0.15;2461.22;774.30;mesas plus 5;muebles;mesas;vector;579.11;339.15;campaña ahorro 6;afiliados;2092.04;492.24;7;2
ORD-2023-00042;2024-07-22;2024-07-24;segunda clase;enviado;96;P0027;3;0.05;113.09;56.12;computadores flex 7;tecnología;computadores;alerce;39.68;18.70;campaña ahorro 6;afiliados;107.44;37.70;7;2
ORD-2023-00042;2024-07-22;2024-07-24;segunda clase;enviado;97;P0089;3;0.20;842.69;105.49;papelería plus 9;oficina;papelería;vector;351.12;231.81;campaña ahorro 6;afiliados;674.15;280.90;7;2
ORD-2023-00043;2023-06-11;2023-06-13;segunda clase;completado;98;P0098;6;0.20;1122.77;83.81;archivadores nova 8;oficina;archivadores;lumen;233.91;164.53;campaña ahorro 2;afiliados;898.22;187.13;6;2
ORD-2023-00044;2025-02-02;2025-02-08;primera clase;cancelado;99;P0014;3;0.00;234.21;126.30;teléfonos pro 4;tecnología;teléfonos;alerce;78.07;35.97;sin dato;sin dato;234.21;78.07;2;6
ORD-2023-00044;2025-02-02;2025-02-08;primera clase;cancelado;100;P0078;4;0.05;1140.84;605.74;almacenamiento eco 8;muebles;almacenamiento;andes;300.22;135.39;sin dato;sin dato;1083.80;285.21;2;6
ORD-2023-00045;2023-03-23;2023-03-28;mismo día;completado;101;P0024;7;0.30;3956.01;1153.66;computadores nova 4;tecnología;computadores;vector;807.35;402.87;sin dato;sin dato;2769.21;565.14;3;5
ORD-2023-00045;2023-03-23;2023-03-28;mismo día;completado;102;P0025;4;0.00;3054.84;976.20;computadores plus 5;tecnología;computadores;orion;763.71;519.66;sin dato;sin dato;3054.84;763.71;3;5
ORD-2023-00045;2023-03-23;2023-03-28;mismo día;completado;103;P0119;5;0.20;2480.96;811.34;sobres plus 9;oficina;sobres;andes;620.24;347.69;sin dato;sin dato;1984.77;496.19;3;5
ORD-2023-00046;2023-03-09;2023-03-10;mismo día;devuelto;104;P0111;8;0.05;3912.94;1522.42;sobres flex 1;oficina;sobres;lumen;514.86;299.56;sin dato;sin dato;3717.29;489.12;3;1
ORD-2023-00046;2023-03-09;2023-03-10;mismo día;devuelto;105;P0078;7;0.15;1786.31;851.93;almacenamiento eco 8;muebles;almacenamiento;andes;300.22;135.39;sin dato;sin dato;1518.36;255.19;3;1
ORD-2023-00046;2023-03-09;2023-03-10;mismo día;devuelto;106;P0067;2;0.30;241.88;25.61;libreros pro 7;muebles;libreros;nova;172.77;109.03;sin dato;sin dato;169.32;120.94;3;1
ORD-2023-00047;2024-06-15;2024-06-19;estándar;completado;107;P0057;7;0.10;3249.60;932.14;mesas smart 7;muebles;mesas;patagonia;515.81;325.42;campaña cliente vip 1;email;2924.64;464.23;6;4
ORD-2023-00047;2024-06-15;2024-06-19;estándar;completado;108;P0060;3;0.20;379.90;107.03;mesas smart 10;muebles;mesas;vector;158.29;93.56;campaña cliente vip 1;email;303.92;126.63;6;4
ORD-2023-00047;2024-06-15;2024-06-19;estándar;completado;109;P0089;3;0.30;737.35;0.22;papelería plus 9;oficina;papelería;vector;351.12;231.81;campaña cliente vip 1;email;516.14;245.78;6;4
ORD-2023-00048;2025-01-09;2025-01-13;primera clase;completado;110;P0023;8;0.05;6029.61;2820.33;computadores pro 3;tecnología;computadores;patagonia;793.37;395.09;campaña activa 3;afiliados;5728.13;753.70;1;4
ORD-2023-00049;2023-11-28;2023-12-03;segunda clase;completado;111;P0012;2;0.30;473.87;124.86;teléfonos flex 2;tecnología;teléfonos;vector;338.48;169.06;sin dato;sin dato;331.71;236.94;11;5
ORD-2023-00050;2024-12-25;2024-12-28;segunda clase;devuelto;112;P0006;3;0.15;2216.66;640.00;accesorios nova 6;tecnología;accesorios;andes;869.28;522.14;sin dato;sin dato;1884.16;738.89;12;3
ORD-2023-00050;2024-12-25;2024-12-28;segunda clase;devuelto;113;P0021;3;0.00;2383.20;1058.97;computadores plus 1;tecnología;computadores;andes;794.40;441.41;sin dato;sin dato;2383.20;794.40;12;3
ORD-2023-00050;2024-12-25;2024-12-28;segunda clase;devuelto;114;P0054;5;0.10;371.34;62.89;mesas eco 4;muebles;mesas;altura;82.52;60.93;sin dato;sin dato;334.21;74.27;12;3
ORD-2023-00050;2024-12-25;2024-12-28;segunda clase;devuelto;115;P0037;3;0.00;866.94;394.29;periféricos nova 7;tecnología;periféricos;orion;288.98;157.55;sin dato;sin dato;866.94;288.98;12;3
ORD-2023-00051;2024-09-29;2024-10-05;mismo día;completado;116;P0078;8;0.05;2281.67;1212.15;almacenamiento eco 8;muebles;almacenamiento;andes;300.22;135.39;campaña outlet 8;búsqueda;2167.59;285.21;9;6
ORD-2023-00052;2024-02-24;2024-02-27;primera clase;completado;117;P0007;3;0.00;939.27;508.53;accesorios nova 7;tecnología;accesorios;alerce;313.09;143.58;campaña cliente vip 1;email;939.27;313.09;2;3
ORD-2023-00052;2024-02-24;2024-02-27;primera clase;completado;118;P0005;3;0.00;2675.01;1022.58;accesorios flex 5;tecnología;accesorios;vector;891.67;550.81;campaña cliente vip 1;email;2675.01;891.67;2;3
ORD-2023-00053;2023-03-31;2023-03-31;primera clase;completado;119;P0059;6;0.00;828.48;291.36;mesas smart 9;muebles;mesas;andes;138.08;89.52;campaña activa 3;afiliados;828.48;138.08;3;0
ORD-2023-00053;2023-03-31;2023-03-31;primera clase;completado;120;P0042;6;0.20;2672.69;326.83;sillas flex 2;muebles;sillas;vector;556.81;376.71;campaña activa 3;afiliados;2138.15;445.45;3;0
ORD-2023-00054;2023-03-08;2023-03-10;primera clase;completado;121;P0068;4;0.05;2426.03;759.83;libreros pro 8;muebles;libreros;lumen;638.43;415.12;sin dato;sin dato;2304.73;606.51;3;2
ORD-2023-00054;2023-03-08;2023-03-10;primera clase;completado;122;P0074;2;0.30;577.51;33.83;almacenamiento smart 4;muebles;almacenamiento;lumen;412.51;260.75;sin dato;sin dato;404.26;288.76;3;2
ORD-2023-00054;2023-03-08;2023-03-10;primera clase;completado;123;P0055;6;0.10;3127.19;1088.76;mesas plus 5;muebles;mesas;vector;579.11;339.15;sin dato;sin dato;2814.47;521.20;3;2
ORD-2023-00054;2023-03-08;2023-03-10;primera clase;completado;124;P0119;3;0.30;1302.50;255.03;sobres plus 9;oficina;sobres;andes;620.24;347.69;sin dato;sin dato;911.75;434.17;3;2
ORD-2023-00055;2025-04-07;2025-04-08;primera clase;completado;125;P0016;1;0.30;545.51;151.08;teléfonos pro 6;tecnología;teléfonos;orion;779.30;382.70;sin dato;sin dato;381.86;545.51;4;1
ORD-2023-00056;2025-03-29;2025-04-02;primera clase;completado;126;P0002;4;0.10;36.22;12.93;accesorios smart 2;tecnología;accesorios;vector;10.06;5.92;sin dato;sin dato;32.60;9.06;3;4
ORD-2023-00056;2025-03-29;2025-04-02;primera clase;completado;127;P0040;5;0.15;3153.54;941.20;periféricos eco 10;tecnología;periféricos;andes;742.01;430.58;sin dato;sin dato;2680.51;630.71;3;4
ORD-2023-00057;2023-12-16;2023-12-19;estándar;completado;128;P0025;6;0.15;3894.92;660.86;computadores plus 5;tecnología;computadores;orion;763.71;519.66;sin dato;sin dato;3310.68;649.15;12;3
ORD-2023-00057;2023-12-16;2023-12-19;estándar;completado;129;P0118;8;0.00;1856.40;523.44;sobres nova 8;oficina;sobres;alerce;232.05;166.62;sin dato;sin dato;1856.40;232.05;12;3
ORD-2023-00058;2024-10-04;2024-10-07;primera clase;completado;130;P0119;1;0.10;558.22;208.91;sobres plus 9;oficina;sobres;andes;620.24;347.69;sin dato;sin dato;502.40;558.22;10;3
ORD-2023-00058;2024-10-04;2024-10-07;primera clase;completado;131;P0072;1;0.05;654.53;225.36;almacenamiento nova 2;muebles;almacenamiento;patagonia;688.98;428.10;sin dato;sin dato;621.80;654.53;10;3
ORD-2023-00058;2024-10-04;2024-10-07;primera clase;completado;132;P0103;6;0.00;3231.60;1169.82;etiquetas nova 3;oficina;etiquetas;alerce;538.60;343.63;sin dato;sin dato;3231.60;538.60;10;3
ORD-2023-00058;2024-10-04;2024-10-07;primera clase;completado;133;P0108;1;0.15;417.31;10.52;etiquetas flex 8;oficina;etiquetas;patagonia;490.95;392.54;sin dato;sin dato;354.71;417.31;10;3
ORD-2023-00059;2024-09-12;2024-09-15;primera clase;enviado;134;P0091;1;0.10;463.76;113.34;archivadores flex 1;oficina;archivadores;alerce;515.29;352.20;campaña ahorro 2;afiliados;417.38;463.76;9;3
ORD-2023-00059;2024-09-12;2024-09-15;primera clase;enviado;135;P0113;4;0.15;2070.63;573.02;sobres smart 3;oficina;sobres;patagonia;609.01;376.16;campaña ahorro 2;afiliados;1760.04;517.66;9;3
ORD-2023-00059;2024-09-12;2024-09-15;primera clase;enviado;136;P0028;5;0.00;2310.65;1106.55;computadores pro 8;tecnología;computadores;lumen;462.13;240.82;campaña ahorro 2;afiliados;2310.65;462.13;9;3
ORD-2023-00060;2023-04-05;2023-04-08;segunda clase;enviado;137;P0119;8;0.10;4465.73;1629.52;sobres plus 9;oficina;sobres;andes;620.24;347.69;sin dato;sin dato;4019.16;558.22;4;3
ORD-2023-00060;2023-04-05;2023-04-08;segunda clase;enviado;138;P0099;2;0.00;21.14;11.14;archivadores eco 9;oficina;archivadores;orion;10.57;5.00;sin dato;sin dato;21.14;10.57;4;3
ORD-2023-00060;2023-04-05;2023-04-08;segunda clase;enviado;139;P0059;7;0.00;966.56;339.92;mesas smart 9;muebles;mesas;andes;138.08;89.52;sin dato;sin dato;966.56;138.08;4;3
ORD-2023-00061;2023-12-08;2023-12-11;primera clase;completado;140;P0082;4;0.15;2008.92;977.63;papelería eco 2;oficina;papelería;orion;590.86;268.44;sin dato;sin dato;1707.58;502.23;12;3
ORD-2023-00061;2023-12-08;2023-12-11;primera clase;completado;141;P0036;6;0.30;3684.24;1051.30;periféricos nova 6;tecnología;periféricos;patagonia;877.20;420.81;sin dato;sin dato;2578.97;614.04;12;3
ORD-2023-00061;2023-12-08;2023-12-11;primera clase;completado;142;P0020;3;0.10;1334.85;622.52;teléfonos flex 10;tecnología;teléfonos;lumen;494.39;245.07;sin dato;sin dato;1201.37;444.95;12;3
ORD-2023-00062;2024-07-09;2024-07-11;primera clase;completado;143;P0022;2;0.10;776.20;344.13;computadores pro 2;tecnología;computadores;altura;431.22;214.08;sin dato;sin dato;698.58;388.10;7;2
ORD-2023-00062;2024-07-09;2024-07-11;primera clase;completado;144;P0070;8;0.00;6133.52;2363.36;libreros eco 10;muebles;libreros;andes;766.69;471.27;sin dato;sin dato;6133.52;766.69;7;2
ORD-2023-00063;2023-04-19;2023-04-22;mismo día;completado;145;P0040;6;0.05;4229.46;1627.02;periféricos eco 10;tecnología;periféricos;andes;742.01;430.58;campaña ahorro 7;afiliados;4017.99;704.91;4;3
ORD-2023-00063;2023-04-19;2023-04-22;mismo día;completado;146;P0119;8;0.00;4961.92;2180.40;sobres plus 9;oficina;sobres;andes;620.24;347.69;campaña ahorro 7;afiliados;4961.92;620.24;4;3
ORD-2023-00063;2023-04-19;2023-04-22;mismo día;completado;147;P0013;8;0.10;2058.19;651.24;teléfonos nova 3;tecnología;teléfonos;lumen;285.86;173.76;campaña ahorro 7;afiliados;1852.37;257.27;4;3
ORD-2023-00064;2023-08-26;2023-08-27;mismo día;cancelado;148;P0101;6;0.30;2430.58;121.77;etiquetas eco 1;oficina;etiquetas;nova;578.71;385.67;sin dato;sin dato;1701.41;405.10;8;1
ORD-2023-00064;2023-08-26;2023-08-27;mismo día;cancelado;149;P0061;2;0.15;1488.11;562.85;libreros plus 1;muebles;libreros;altura;875.36;463.75;sin dato;sin dato;1264.89;744.06;8;1
ORD-2023-00064;2023-08-26;2023-08-27;mismo día;cancelado;150;P0037;6;0.00;1733.88;788.58;periféricos nova 7;tecnología;periféricos;orion;288.98;157.55;sin dato;sin dato;1733.88;288.98;8;1
ORD-2023-00065;2023-11-30;2023-12-04;mismo día;enviado;151;P0031;4;0.00;930.32;478.16;periféricos smart 1;tecnología;periféricos;andes;232.58;113.04;sin dato;sin dato;930.32;232.58;11;4
ORD-2023-00065;2023-11-30;2023-12-04;mismo día;enviado;152;P0009;6;0.05;4917.85;2135.73;accesorios flex 9;tecnología;accesorios;patagonia;862.78;458.27;sin dato;sin dato;4671.96;819.64;11;4
ORD-2023-00065;2023-11-30;2023-12-04;mismo día;enviado;153;P0101;7;0.15;3443.32;732.81;etiquetas eco 1;oficina;etiquetas;nova;578.71;385.67;sin dato;sin dato;2926.82;491.90;11;4
ORD-2023-00065;2023-11-30;2023-12-04;mismo día;enviado;154;P0023;2;0.30;1110.72;393.97;computadores pro 3;tecnología;computadores;patagonia;793.37;395.09;sin dato;sin dato;777.50;555.36;11;4
ORD-2023-00066;2024-07-22;2024-07-22;mismo día;completado;155;P0088;7;0.15;4140.25;1181.97;papelería eco 8;oficina;papelería;patagonia;695.84;422.85;sin dato;sin dato;3519.21;591.46;7;0
ORD-2023-00067;2023-08-11;2023-08-17;segunda clase;enviado;156;P0050;8;0.05;1836.39;809.05;sillas nova 10;muebles;sillas;lumen;241.63;129.84;campaña cliente vip 1;email;1744.57;229.55;8;6
ORD-2023-00067;2023-08-11;2023-08-17;segunda clase;enviado;157;P0039;5;0.20;948.44;-16.77;periféricos nova 9;tecnología;periféricos;vector;237.11;188.91;campaña cliente vip 1;email;758.75;189.69;8;6
ORD-2023-00067;2023-08-11;2023-08-17;segunda clase;enviado;158;P0012;1;0.20;270.78;92.31;teléfonos flex 2;tecnología;teléfonos;vector;338.48;169.06;campaña cliente vip 1;email;216.62;270.78;8;6
ORD-2023-00068;2024-01-14;2024-01-18;primera clase;completado;159;P0111;1;0.05;489.12;190.26;sobres flex 1;oficina;sobres;lumen;514.86;299.56;sin dato;sin dato;464.66;489.12;1;4
ORD-2023-00068;2024-01-14;2024-01-18;primera clase;completado;160;P0081;6;0.20;3938.21;928.35;papelería smart 1;oficina;papelería;altura;820.46;507.81;sin dato;sin dato;3150.57;656.37;1;4
ORD-2023-00068;2024-01-14;2024-01-18;primera clase;completado;161;P0070;4;0.00;3066.76;1181.68;libreros eco 10;muebles;libreros;andes;766.69;471.27;sin dato;sin dato;3066.76;766.69;1;4
ORD-2023-00069;2024-01-29;2024-02-04;segunda clase;enviado;162;P0018;1;0.00;686.28;215.02;teléfonos flex 8;tecnología;teléfonos;patagonia;686.28;471.26;sin dato;sin dato;686.28;686.28;1;6
ORD-2023-00069;2024-01-29;2024-02-04;segunda clase;enviado;163;P0093;8;0.20;3999.17;1477.46;archivadores flex 3;oficina;archivadores;vector;624.87;291.47;sin dato;sin dato;3199.34;499.90;1;6
ORD-2023-00070;2023-05-21;2023-05-26;mismo día;enviado;164;P0059;7;0.30;676.59;63.32;mesas smart 9;muebles;mesas;andes;138.08;89.52;sin dato;sin dato;473.61;96.66;5;5
ORD-2023-00070;2023-05-21;2023-05-26;mismo día;enviado;165;P0024;7;0.00;5651.45;2831.36;computadores nova 4;tecnología;computadores;vector;807.35;402.87;sin dato;sin dato;5651.45;807.35;5;5
ORD-2023-00071;2023-10-03;2023-10-06;estándar;completado;166;P0091;6;0.00;3091.74;978.54;archivadores flex 1;oficina;archivadores;alerce;515.29;352.20;sin dato;sin dato;3091.74;515.29;10;3
ORD-2023-00071;2023-10-03;2023-10-06;estándar;completado;167;P0019;5;0.30;1839.00;-147.54;teléfonos eco 9;tecnología;teléfonos;andes;525.43;396.24;sin dato;sin dato;1287.30;367.80;10;3
ORD-2023-00071;2023-10-03;2023-10-06;estándar;completado;168;P0032;8;0.00;5788.72;1737.12;periféricos eco 2;tecnología;periféricos;vector;723.59;506.45;sin dato;sin dato;5788.72;723.59;10;3
ORD-2023-00071;2023-10-03;2023-10-06;estándar;completado;169;P0079;1;0.15;41.54;5.54;almacenamiento nova 9;muebles;almacenamiento;alerce;48.87;35.90;sin dato;sin dato;35.31;41.54;10;3
ORD-2023-00072;2024-04-09;2024-04-13;primera clase;completado;170;P0103;5;0.10;2423.70;741.37;etiquetas nova 3;oficina;etiquetas;alerce;538.60;343.63;sin dato;sin dato;2181.33;484.74;4;4
ORD-2023-00072;2024-04-09;2024-04-13;primera clase;completado;171;P0094;5;0.00;900.20;266.70;archivadores pro 4;oficina;archivadores;alerce;180.04;126.70;sin dato;sin dato;900.20;180.04;4;4
ORD-2023-00072;2024-04-09;2024-04-13;primera clase;completado;172;P0074;1;0.10;371.26;105.41;almacenamiento smart 4;muebles;almacenamiento;lumen;412.51;260.75;sin dato;sin dato;334.13;371.26;4;4
ORD-2023-00073;2024-05-11;2024-05-11;primera clase;enviado;173;P0079;5;0.10;219.91;36.92;almacenamiento nova 9;muebles;almacenamiento;alerce;48.87;35.90;campaña ahorro 2;afiliados;197.92;43.98;5;0
ORD-2023-00073;2024-05-11;2024-05-11;primera clase;enviado;174;P0095;2;0.00;1054.50;485.86;archivadores plus 5;oficina;archivadores;altura;527.25;284.32;campaña ahorro 2;afiliados;1054.50;527.25;5;0
ORD-2023-00074;2024-01-14;2024-01-20;estándar;completado;175;P0019;3;0.30;1103.40;-133.13;teléfonos eco 9;tecnología;teléfonos;andes;525.43;396.24;campaña activa 4;afiliados;772.38;367.80;1;6
ORD-2023-00075;2023-09-01;2023-09-06;primera clase;completado;176;P0097;2;0.00;534.08;116.10;archivadores smart 7;oficina;archivadores;altura;267.04;208.99;campaña activa 3;afiliados;534.08;267.04;9;5
ORD-2023-00075;2023-09-01;2023-09-06;primera clase;completado;177;P0061;5;0.30;3063.76;615.73;libreros plus 1;muebles;libreros;altura;875.36;463.75;campaña activa 3;afiliados;2144.63;612.75;9;5
ORD-2023-00075;2023-09-01;2023-09-06;primera clase;completado;178;P0049;7;0.30;1416.69;-9.31;sillas smart 9;muebles;sillas;orion;289.12;211.95;campaña activa 3;afiliados;991.68;202.38;9;5
ORD-2023-00076;2023-10-23;2023-10-29;estándar;devuelto;179;P0109;7;0.10;4811.88;931.93;etiquetas smart 9;oficina;etiquetas;patagonia;763.79;559.32;campaña ahorro 6;afiliados;4330.69;687.41;10;6
ORD-2023-00076;2023-10-23;2023-10-29;estándar;devuelto;180;P0103;2;0.10;969.48;275.57;etiquetas nova 3;oficina;etiquetas;alerce;538.60;343.63;campaña ahorro 6;afiliados;872.53;484.74;10;6
ORD-2023-00076;2023-10-23;2023-10-29;estándar;devuelto;181;P0060;4;0.05;601.50;227.01;mesas smart 10;muebles;mesas;vector;158.29;93.56;campaña ahorro 6;afiliados;571.42;150.38;10;6
ORD-2023-00077;2024-07-14;2024-07-14;estándar;enviado;182;P0068;2;0.30;893.80;86.31;libreros pro 8;muebles;libreros;lumen;638.43;415.12;sin dato;sin dato;625.66;446.90;7;0
ORD-2023-00078;2023-07-17;2023-07-17;segunda clase;completado;183;P0091;2;0.00;1030.58;326.18;archivadores flex 1;oficina;archivadores;alerce;515.29;352.20;campaña ahorro 2;afiliados;1030.58;515.29;7;0
ORD-2023-00079;2024-11-03;2024-11-09;segunda clase;completado;184;P0033;5;0.30;3091.72;-455.73;periféricos nova 3;tecnología;periféricos;altura;883.35;692.48;sin dato;sin dato;2164.20;618.34;11;6
ORD-2023-00079;2024-11-03;2024-11-09;segunda clase;completado;185;P0082;8;0.10;4254.19;2055.74;papelería eco 2;oficina;papelería;orion;590.86;268.44;sin dato;sin dato;3828.77;531.77;11;6
ORD-2023-00080;2023-06-15;2023-06-21;primera clase;completado;186;P0105;5;0.00;1297.40;681.85;etiquetas pro 5;oficina;etiquetas;lumen;259.48;123.11;campaña cliente vip 1;email;1297.40;259.48;6;6
ORD-2023-00080;2023-06-15;2023-06-21;primera clase;completado;187;P0119;4;0.20;1984.77;657.83;sobres plus 9;oficina;sobres;andes;620.24;347.69;campaña cliente vip 1;email;1587.82;496.19;6;6
ORD-2023-00080;2023-06-15;2023-06-21;primera clase;completado;188;P0014;3;0.20;187.37;84.73;teléfonos pro 4;tecnología;teléfonos;alerce;78.07;35.97;campaña cliente vip 1;email;149.90;62.46;6;6
ORD-2023-00081;2025-01-02;2025-01-04;primera clase;completado;189;P0003;8;0.00;6946.08;1465.28;accesorios plus 3;tecnología;accesorios;altura;868.26;685.10;campaña ahorro 2;afiliados;6946.08;868.26;1;2
ORD-2023-00081;2025-01-02;2025-01-04;primera clase;completado;190;P0120;1;0.20;565.02;141.13;sobres plus 10;oficina;sobres;altura;706.27;437.08;campaña ahorro 2;afiliados;452.02;565.02;1;2
ORD-2023-00081;2025-01-02;2025-01-04;primera clase;completado;191;P0116;7;0.00;5419.33;2023.98;sobres flex 6;oficina;sobres;patagonia;774.19;485.05;campaña ahorro 2;afiliados;5419.33;774.19;1;2
ORD-2023-00081;2025-01-02;2025-01-04;primera clase;completado;192;P0062;7;0.20;2607.81;869.80;libreros plus 2;muebles;libreros;vector;465.68;235.47;campaña ahorro 2;afiliados;2086.25;372.54;1;2
ORD-2023-00082;2023-08-20;2023-08-20;primera clase;completado;193;P0052;1;0.00;494.15;116.45;mesas nova 2;muebles;mesas;lumen;494.15;377.70;campaña outlet 8;búsqueda;494.15;494.15;8;0
ORD-2023-00082;2023-08-20;2023-08-20;primera clase;completado;194;P0011;8;0.10;3972.46;1053.32;teléfonos plus 1;tecnología;teléfonos;lumen;551.73;361.63;campaña outlet 8;búsqueda;3575.21;496.56;8;0
ORD-2023-00082;2023-08-20;2023-08-20;primera clase;completado;195;P0071;1;0.20;710.82;21.90;almacenamiento flex 1;muebles;almacenamiento;patagonia;888.52;677.49;campaña outlet 8;búsqueda;568.66;710.82;8;0
ORD-2023-00083;2023-04-20;2023-04-25;mismo día;completado;196;P0018;1;0.05;651.97;187.22;teléfonos flex 8;tecnología;teléfonos;patagonia;686.28;471.26;sin dato;sin dato;619.37;651.97;4;5
ORD-2023-00083;2023-04-20;2023-04-25;mismo día;completado;197;P0063;7;0.00;1746.36;457.17;libreros smart 3;muebles;libreros;vector;249.48;184.17;sin dato;sin dato;1746.36;249.48;4;5
ORD-2023-00084;2024-06-30;2024-07-06;estándar;devuelto;198;P0008;6;0.00;2379.60;728.46;accesorios plus 8;tecnología;accesorios;andes;396.60;275.19;sin dato;sin dato;2379.60;396.60;6;6
ORD-2023-00084;2024-06-30;2024-07-06;estándar;devuelto;199;P0104;8;0.00;4841.60;1701.60;etiquetas nova 4;oficina;etiquetas;altura;605.20;392.50;sin dato;sin dato;4841.60;605.20;6;6
ORD-2023-00084;2024-06-30;2024-07-06;estándar;devuelto;200;P0119;2;0.00;1240.48;545.10;sobres plus 9;oficina;sobres;andes;620.24;347.69;sin dato;sin dato;1240.48;620.24;6;6
ORD-2023-00085;2024-04-27;2024-05-01;estándar;completado;201;P0059;3;0.00;414.24;145.68;mesas smart 9;muebles;mesas;andes;138.08;89.52;campaña activa 3;afiliados;414.24;138.08;4;4
ORD-2023-00086;2024-05-24;2024-05-28;segunda clase;completado;202;P0104;7;0.15;3600.94;949.83;etiquetas nova 4;oficina;etiquetas;altura;605.20;392.50;sin dato;sin dato;3060.80;514.42;5;4
ORD-2023-00086;2024-05-24;2024-05-28;segunda clase;completado;203;P0042;4;0.00;2227.24;720.40;sillas flex 2;muebles;sillas;vector;556.81;376.71;sin dato;sin dato;2227.24;556.81;5;4
ORD-2023-00086;2024-05-24;2024-05-28;segunda clase;completado;204;P0009;2;0.10;1553.00;661.23;accesorios flex 9;tecnología;accesorios;patagonia;862.78;458.27;sin dato;sin dato;1397.70;776.50;5;4
ORD-2023-00087;2024-12-14;2024-12-16;estándar;completado;205;P0102;7;0.00;3000.83;1090.18;etiquetas pro 2;oficina;etiquetas;vector;428.69;272.95;sin dato;sin dato;3000.83;428.69;12;2
ORD-2023-00088;2023-01-07;2023-01-07;primera clase;completado;206;P0089;3;0.05;1000.69;312.78;papelería plus 9;oficina;papelería;vector;351.12;231.81;campaña ahorro 2;afiliados;950.66;333.56;1;0
ORD-2023-00088;2023-01-07;2023-01-07;primera clase;completado;207;P0067;8;0.20;1105.73;262.32;libreros pro 7;muebles;libreros;nova;172.77;109.03;campaña ahorro 2;afiliados;884.58;138.22;1;0
ORD-2023-00088;2023-01-07;2023-01-07;primera clase;completado;208;P0079;1;0.00;48.87;12.97;almacenamiento nova 9;muebles;almacenamiento;alerce;48.87;35.90;campaña ahorro 2;afiliados;48.87;48.87;1;0
ORD-2023-00088;2023-01-07;2023-01-07;primera clase;completado;209;P0081;5;0.15;3486.95;967.89;papelería smart 1;oficina;papelería;altura;820.46;507.81;campaña ahorro 2;afiliados;2963.91;697.39;1;0
ORD-2023-00089;2023-05-01;2023-05-05;segunda clase;completado;210;P0036;1;0.05;833.34;419.33;periféricos nova 6;tecnología;periféricos;patagonia;877.20;420.81;sin dato;sin dato;791.67;833.34;5;4
ORD-2023-00089;2023-05-01;2023-05-05;segunda clase;completado;211;P0088;8;0.30;3896.70;730.12;papelería eco 8;oficina;papelería;patagonia;695.84;422.85;sin dato;sin dato;2727.69;487.09;5;4
ORD-2023-00090;2024-10-22;2024-10-24;mismo día;completado;212;P0095;1;0.00;527.25;242.93;archivadores plus 5;oficina;archivadores;altura;527.25;284.32;campaña ahorro 7;afiliados;527.25;527.25;10;2
ORD-2023-00091;2024-06-11;2024-06-11;primera clase;completado;213;P0096;6;0.05;4026.99;1624.22;archivadores pro 6;oficina;archivadores;patagonia;706.49;396.52;campaña activa 4;afiliados;3825.64;671.16;6;0
ORD-2023-00091;2024-06-11;2024-06-11;primera clase;completado;214;P0030;2;0.05;1320.88;674.31;computadores flex 10;tecnología;computadores;alerce;695.20;319.98;campaña activa 4;afiliados;1254.84;660.44;6;0
ORD-2023-00092;2023-08-14;2023-08-14;mismo día;completado;215;P0119;8;0.00;4961.92;2180.40;sobres plus 9;oficina;sobres;andes;620.24;347.69;sin dato;sin dato;4961.92;620.24;8;0
ORD-2023-00092;2023-08-14;2023-08-14;mismo día;completado;216;P0059;4;0.15;469.47;95.63;mesas smart 9;muebles;mesas;andes;138.08;89.52;sin dato;sin dato;399.05;117.37;8;0
ORD-2023-00093;2023-05-11;2023-05-11;segunda clase;completado;217;P0059;7;0.00;966.56;339.92;mesas smart 9;muebles;mesas;andes;138.08;89.52;sin dato;sin dato;966.56;138.08;5;0
ORD-2023-00093;2023-05-11;2023-05-11;segunda clase;completado;218;P0114;5;0.00;270.50;124.30;sobres pro 4;oficina;sobres;vector;54.10;29.24;sin dato;sin dato;270.50;54.10;5;0
ORD-2023-00093;2023-05-11;2023-05-11;segunda clase;completado;219;P0074;4;0.00;1650.04;607.04;almacenamiento smart 4;muebles;almacenamiento;lumen;412.51;260.75;sin dato;sin dato;1650.04;412.51;5;0
ORD-2023-00093;2023-05-11;2023-05-11;segunda clase;completado;220;P0111;4;0.30;1441.61;160.09;sobres flex 1;oficina;sobres;lumen;514.86;299.56;sin dato;sin dato;1009.13;360.40;5;0
ORD-2023-00094;2025-01-17;2025-01-20;primera clase;completado;221;P0115;3;0.00;395.61;136.92;sobres pro 5;oficina;sobres;alerce;131.87;86.23;sin dato;sin dato;395.61;131.87;1;3
ORD-2023-00094;2025-01-17;2025-01-20;primera clase;completado;222;P0006;8;0.00;6954.24;2777.12;accesorios nova 6;tecnología;accesorios;andes;869.28;522.14;sin dato;sin dato;6954.24;869.28;1;3
ORD-2023-00095;2025-04-09;2025-04-15;mismo día;completado;223;P0072;1;0.20;551.18;98.28;almacenamiento nova 2;muebles;almacenamiento;patagonia;688.98;428.10;sin dato;sin dato;440.94;551.18;4;6
ORD-2023-00096;2023-10-30;2023-10-31;mismo día;completado;224;P0021;8;0.00;6355.20;2823.92;computadores plus 1;tecnología;computadores;andes;794.40;441.41;sin dato;sin dato;6355.20;794.40;10;1
ORD-2023-00096;2023-10-30;2023-10-31;mismo día;completado;225;P0099;3;0.20;25.37;11.17;archivadores eco 9;oficina;archivadores;orion;10.57;5.00;sin dato;sin dato;20.30;8.46;10;1
ORD-2023-00096;2023-10-30;2023-10-31;mismo día;completado;226;P0081;8;0.00;6563.68;2501.20;papelería smart 1;oficina;papelería;altura;820.46;507.81;sin dato;sin dato;6563.68;820.46;10;1
ORD-2023-00097;2024-12-08;2024-12-10;primera clase;completado;227;P0101;2;0.15;983.81;196.09;etiquetas eco 1;oficina;etiquetas;nova;578.71;385.67;sin dato;sin dato;836.24;491.90;12;2
ORD-2023-00097;2024-12-08;2024-12-10;primera clase;completado;228;P0066;6;0.00;2159.10;1110.18;libreros smart 6;muebles;libreros;lumen;359.85;174.82;sin dato;sin dato;2159.10;359.85;12;2
ORD-2023-00098;2024-09-25;2024-09-25;estándar;completado;229;P0018;6;0.05;3911.80;1080.97;teléfonos flex 8;tecnología;teléfonos;patagonia;686.28;471.26;campaña activa 3;afiliados;3716.21;651.97;9;0
ORD-2023-00098;2024-09-25;2024-09-25;estándar;completado;230;P0095;4;0.05;2003.55;873.84;archivadores plus 5;oficina;archivadores;altura;527.25;284.32;campaña activa 3;afiliados;1903.37;500.89;9;0
ORD-2023-00099;2024-11-27;2024-11-30;mismo día;completado;231;P0061;5;0.30;3063.76;681.48;libreros plus 1;muebles;libreros;altura;875.36;463.75;campaña ahorro 2;afiliados;2144.63;612.75;11;3
ORD-2023-00100;2024-04-13;2024-04-13;estándar;completado;232;P0036;2;0.00;1754.40;912.78;periféricos nova 6;tecnología;periféricos;patagonia;877.20;420.81;campaña activa 3;afiliados;1754.40;877.20;4;0
ORD-2023-00100;2024-04-13;2024-04-13;estándar;completado;233;P0067;1;0.10;155.49;47.04;libreros pro 7;muebles;libreros;nova;172.77;109.03;campaña activa 3;afiliados;139.94;155.49;4;0
ORD-2023-00101;2023-12-22;2023-12-25;estándar;completado;234;P0107;6;0.20;371.76;114.07;etiquetas pro 7;oficina;etiquetas;orion;77.45;42.46;campaña cliente vip 1;email;297.41;61.96;12;3
ORD-2023-00101;2023-12-22;2023-12-25;estándar;completado;235;P0063;8;0.30;1397.09;-29.35;libreros smart 3;muebles;libreros;vector;249.48;184.17;campaña cliente vip 1;email;977.96;174.64;12;3
ORD-2023-00102;2023-06-25;2023-07-01;primera clase;completado;236;P0019;6;0.10;2837.32;465.44;teléfonos eco 9;tecnología;teléfonos;andes;525.43;396.24;campaña outlet 8;búsqueda;2553.59;472.89;6;6
ORD-2023-00103;2024-12-29;2025-01-02;segunda clase;enviado;237;P0015;1;0.15;593.73;75.00;teléfonos plus 5;tecnología;teléfonos;nova;698.50;515.60;campaña activa 3;afiliados;504.67;593.73;12;4
ORD-2023-00103;2024-12-29;2025-01-02;segunda clase;enviado;238;P0034;6;0.00;2518.08;863.46;periféricos flex 4;tecnología;periféricos;orion;419.68;275.77;campaña activa 3;afiliados;2518.08;419.68;12;4
ORD-2023-00104;2023-12-19;2023-12-20;estándar;completado;239;P0120;8;0.00;5650.16;2153.52;sobres plus 10;oficina;sobres;altura;706.27;437.08;campaña activa 3;afiliados;5650.16;706.27;12;1
ORD-2023-00104;2023-12-19;2023-12-20;estándar;completado;240;P0020;1;0.15;420.23;170.79;teléfonos flex 10;tecnología;teléfonos;lumen;494.39;245.07;campaña activa 3;afiliados;357.20;420.23;12;1
ORD-2023-00104;2023-12-19;2023-12-20;estándar;completado;241;P0061;5;0.00;4376.80;2058.05;libreros plus 1;muebles;libreros;altura;875.36;463.75;campaña activa 3;afiliados;4376.80;875.36;12;1
ORD-2023-00104;2023-12-19;2023-12-20;estándar;completado;242;P0044;2;0.30;1019.97;53.76;sillas plus 4;muebles;sillas;orion;728.55;448.12;campaña activa 3;afiliados;713.98;509.98;12;1
ORD-2023-00105;2023-04-30;2023-05-02;estándar;completado;243;P0078;4;0.05;1140.84;592.52;almacenamiento eco 8;muebles;almacenamiento;andes;300.22;135.39;campaña activa 4;afiliados;1083.80;285.21;4;2
ORD-2023-00106;2023-01-24;2023-01-24;estándar;completado;244;P0025;8;0.15;5193.23;998.13;computadores plus 5;tecnología;computadores;orion;763.71;519.66;sin dato;sin dato;4414.25;649.15;1;0
ORD-2023-00106;2023-01-24;2023-01-24;estándar;completado;245;P0117;6;0.20;3578.21;287.24;sobres eco 7;oficina;sobres;vector;745.46;569.49;sin dato;sin dato;2862.57;596.37;1;0
ORD-2023-00106;2023-01-24;2023-01-24;estándar;completado;246;P0048;7;0.15;3721.31;456.06;sillas plus 8;muebles;sillas;orion;625.43;484.77;sin dato;sin dato;3163.11;531.62;1;0
ORD-2023-00106;2023-01-24;2023-01-24;estándar;completado;247;P0045;5;0.30;1872.15;-206.18;sillas eco 5;muebles;sillas;lumen;534.90;391.64;sin dato;sin dato;1310.50;374.43;1;0
ORD-2023-00107;2025-01-15;2025-01-18;mismo día;completado;248;P0104;7;0.20;3389.12;763.77;etiquetas nova 4;oficina;etiquetas;altura;605.20;392.50;sin dato;sin dato;2711.30;484.16;1;3
ORD-2023-00107;2025-01-15;2025-01-18;mismo día;completado;249;P0019;4;0.10;1891.55;308.72;teléfonos eco 9;tecnología;teléfonos;andes;525.43;396.24;sin dato;sin dato;1702.39;472.89;1;3
ORD-2023-00108;2024-08-27;2024-09-02;primera clase;completado;250;P0072;8;0.00;5511.84;2087.04;almacenamiento nova 2;muebles;almacenamiento;patagonia;688.98;428.10;campaña cliente vip 1;email;5511.84;688.98;8;6
ORD-2023-00108;2024-08-27;2024-09-02;primera clase;completado;251;P0038;8;0.00;3271.36;1268.72;periféricos nova 8;tecnología;periféricos;andes;408.92;250.33;campaña cliente vip 1;email;3271.36;408.92;8;6
ORD-2023-00109;2023-11-08;2023-11-11;estándar;completado;252;P0020;5;0.10;2224.76;954.31;teléfonos flex 10;tecnología;teléfonos;lumen;494.39;245.07;sin dato;sin dato;2002.28;444.95;11;3
ORD-2023-00110;2024-10-31;2024-11-05;mismo día;completado;253;P0004;2;0.10;50.62;11.01;accesorios eco 4;tecnología;accesorios;orion;28.12;19.81;sin dato;sin dato;45.56;25.31;10;5
ORD-2023-00110;2024-10-31;2024-11-05;mismo día;completado;254;P0077;6;0.30;459.86;132.85;almacenamiento nova 7;muebles;almacenamiento;altura;109.49;53.64;sin dato;sin dato;321.90;76.64;10;5
ORD-2023-00111;2024-12-11;2024-12-17;segunda clase;enviado;255;P0019;6;0.30;2206.81;-313.76;teléfonos eco 9;tecnología;teléfonos;andes;525.43;396.24;campaña cliente vip 1;email;1544.77;367.80;12;6
ORD-2023-00112;2023-06-17;2023-06-17;primera clase;completado;256;P0038;2;0.05;776.95;271.93;periféricos nova 8;tecnología;periféricos;andes;408.92;250.33;campaña ahorro 7;afiliados;738.10;388.48;6;0
ORD-2023-00112;2023-06-17;2023-06-17;primera clase;completado;257;P0098;2;0.00;467.82;138.76;archivadores nova 8;oficina;archivadores;lumen;233.91;164.53;campaña ahorro 7;afiliados;467.82;233.91;6;0
ORD-2023-00112;2023-06-17;2023-06-17;primera clase;completado;258;P0106;5;0.10;1010.56;409.89;etiquetas eco 6;oficina;etiquetas;vector;224.57;118.47;campaña ahorro 7;afiliados;909.50;202.11;6;0
ORD-2023-00113;2024-07-01;2024-07-05;primera clase;completado;259;P0053;6;0.00;2224.26;792.00;mesas eco 3;muebles;mesas;alerce;370.71;238.71;campaña activa 3;afiliados;2224.26;370.71;7;4
ORD-2023-00113;2024-07-01;2024-07-05;primera clase;completado;260;P0065;4;0.05;1629.40;768.04;libreros pro 5;muebles;libreros;nova;428.79;212.81;campaña activa 3;afiliados;1547.93;407.35;7;4
ORD-2023-00113;2024-07-01;2024-07-05;primera clase;completado;261;P0054;8;0.00;660.16;172.72;mesas eco 4;muebles;mesas;altura;82.52;60.93;campaña activa 3;afiliados;660.16;82.52;7;4
ORD-2023-00113;2024-07-01;2024-07-05;primera clase;completado;262;P0119;1;0.30;434.17;97.78;sobres plus 9;oficina;sobres;andes;620.24;347.69;campaña activa 3;afiliados;303.92;434.17;7;4
ORD-2023-00114;2025-04-16;2025-04-19;primera clase;completado;263;P0004;2;0.05;53.43;14.23;accesorios eco 4;tecnología;accesorios;orion;28.12;19.81;sin dato;sin dato;50.76;26.72;4;3
ORD-2023-00114;2025-04-16;2025-04-19;primera clase;completado;264;P0089;4;0.10;1264.03;357.84;papelería plus 9;oficina;papelería;vector;351.12;231.81;sin dato;sin dato;1137.63;316.01;4;3
ORD-2023-00114;2025-04-16;2025-04-19;primera clase;completado;265;P0011;7;0.00;3862.11;1330.70;teléfonos plus 1;tecnología;teléfonos;lumen;551.73;361.63;sin dato;sin dato;3862.11;551.73;4;3
ORD-2023-00115;2023-02-13;2023-02-14;primera clase;completado;266;P0039;1;0.00;237.11;48.20;periféricos nova 9;tecnología;periféricos;vector;237.11;188.91;campaña cliente vip 1;email;237.11;237.11;2;1
ORD-2023-00116;2023-07-09;2023-07-14;primera clase;completado;267;P0046;3;0.05;241.88;106.55;sillas pro 6;muebles;sillas;nova;84.87;45.10;campaña ahorro 2;afiliados;229.79;80.63;7;5
ORD-2023-00116;2023-07-09;2023-07-14;primera clase;completado;268;P0013;1;0.05;271.57;96.57;teléfonos nova 3;tecnología;teléfonos;lumen;285.86;173.76;campaña ahorro 2;afiliados;257.99;271.57;7;5
ORD-2023-00116;2023-07-09;2023-07-14;primera clase;completado;269;P0022;1;0.00;431.22;217.14;computadores pro 2;tecnología;computadores;altura;431.22;214.08;campaña ahorro 2;afiliados;431.22;431.22;7;5
ORD-2023-00117;2024-12-15;2024-12-19;primera clase;completado;270;P0028;4;0.20;1478.82;572.79;computadores pro 8;tecnología;computadores;lumen;462.13;240.82;campaña ahorro 2;afiliados;1183.06;369.70;12;4
ORD-2023-00117;2024-12-15;2024-12-19;primera clase;completado;271;P0016;8;0.00;6234.40;3172.80;teléfonos pro 6;tecnología;teléfonos;orion;779.30;382.70;campaña ahorro 2;afiliados;6234.40;779.30;12;4
ORD-2023-00117;2024-12-15;2024-12-19;primera clase;completado;272;P0098;6;0.10;1263.11;272.73;archivadores nova 8;oficina;archivadores;lumen;233.91;164.53;campaña ahorro 2;afiliados;1136.80;210.52;12;4
ORD-2023-00117;2024-12-15;2024-12-19;primera clase;completado;273;P0011;6;0.30;2317.27;300.14;teléfonos plus 1;tecnología;teléfonos;lumen;551.73;361.63;campaña ahorro 2;afiliados;1622.09;386.21;12;4
ORD-2023-00118;2024-09-06;2024-09-11;mismo día;completado;274;P0025;2;0.30;1069.19;-50.61;computadores plus 5;tecnología;computadores;orion;763.71;519.66;campaña outlet 8;búsqueda;748.43;534.60;9;5
ORD-2023-00118;2024-09-06;2024-09-11;mismo día;completado;275;P0023;1;0.30;555.36;143.88;computadores pro 3;tecnología;computadores;patagonia;793.37;395.09;campaña outlet 8;búsqueda;388.75;555.36;9;5
ORD-2023-00118;2024-09-06;2024-09-11;mismo día;completado;276;P0057;2;0.00;1031.62;380.78;mesas smart 7;muebles;mesas;patagonia;515.81;325.42;campaña outlet 8;búsqueda;1031.62;515.81;9;5
ORD-2023-00118;2024-09-06;2024-09-11;mismo día;completado;277;P0089;2;0.00;702.24;238.62;papelería plus 9;oficina;papelería;vector;351.12;231.81;campaña outlet 8;búsqueda;702.24;351.12;9;5
ORD-2023-00119;2023-07-25;2023-07-29;segunda clase;completado;278;P0093;8;0.10;4499.06;2114.35;archivadores flex 3;oficina;archivadores;vector;624.87;291.47;sin dato;sin dato;4049.15;562.38;7;4
ORD-2023-00119;2023-07-25;2023-07-29;segunda clase;completado;279;P0097;7;0.15;1588.89;128.67;archivadores smart 7;oficina;archivadores;altura;267.04;208.99;sin dato;sin dato;1350.56;226.98;7;4
ORD-2023-00119;2023-07-25;2023-07-29;segunda clase;completado;280;P0063;5;0.00;1247.40;326.55;libreros smart 3;muebles;libreros;vector;249.48;184.17;sin dato;sin dato;1247.40;249.48;7;4
ORD-2023-00119;2023-07-25;2023-07-29;segunda clase;completado;281;P0016;5;0.30;2727.55;815.32;teléfonos pro 6;tecnología;teléfonos;orion;779.30;382.70;sin dato;sin dato;1909.29;545.51;7;4
ORD-2023-00120;2023-04-12;2023-04-17;estándar;completado;282;P0078;6;0.00;1801.32;988.98;almacenamiento eco 8;muebles;almacenamiento;andes;300.22;135.39;campaña ahorro 2;afiliados;1801.32;300.22;4;5
ORD-2023-00120;2023-04-12;2023-04-17;estándar;completado;283;P0098;2;0.30;327.47;-18.02;archivadores nova 8;oficina;archivadores;lumen;233.91;164.53;campaña ahorro 2;afiliados;229.23;163.74;4;5
ORD-2023-00120;2023-04-12;2023-04-17;estándar;completado;284;P0038;8;0.30;2289.95;285.43;periféricos nova 8;tecnología;periféricos;andes;408.92;250.33;campaña ahorro 2;afiliados;1602.96;286.24;4;5
ORD-2023-00120;2023-04-12;2023-04-17;estándar;completado;285;P0104;1;0.00;605.20;212.70;etiquetas nova 4;oficina;etiquetas;altura;605.20;392.50;campaña ahorro 2;afiliados;605.20;605.20;4;5
ORD-2023-00121;2024-04-05;2024-04-07;estándar;completado;286;P0072;5;0.00;3444.90;1304.40;almacenamiento nova 2;muebles;almacenamiento;patagonia;688.98;428.10;sin dato;sin dato;3444.90;688.98;4;2
ORD-2023-00121;2024-04-05;2024-04-07;estándar;completado;287;P0040;7;0.30;3635.85;457.23;periféricos eco 10;tecnología;periféricos;andes;742.01;430.58;sin dato;sin dato;2545.09;519.41;4;2
ORD-2023-00122;2024-12-02;2024-12-06;segunda clase;completado;288;P0051;5;0.30;332.08;33.80;mesas smart 1;muebles;mesas;orion;94.88;58.62;sin dato;sin dato;232.46;66.42;12;4
ORD-2023-00123;2025-02-23;2025-02-25;segunda clase;completado;289;P0045;1;0.15;454.66;66.86;sillas eco 5;muebles;sillas;lumen;534.90;391.64;campaña cliente vip 1;email;386.46;454.66;2;2
ORD-2023-00123;2025-02-23;2025-02-25;segunda clase;completado;290;P0046;7;0.15;504.98;205.09;sillas pro 6;muebles;sillas;nova;84.87;45.10;campaña cliente vip 1;email;429.23;72.14;2;2
ORD-2023-00123;2025-02-23;2025-02-25;segunda clase;completado;291;P0032;4;0.10;2604.92;568.41;periféricos eco 2;tecnología;periféricos;vector;723.59;506.45;campaña cliente vip 1;email;2344.43;651.23;2;2
ORD-2023-00124;2023-04-28;2023-04-30;mismo día;completado;292;P0035;1;0.30;535.30;-11.54;periféricos nova 5;tecnología;periféricos;orion;764.71;538.76;campaña ahorro 6;afiliados;374.71;535.30;4;2
ORD-2023-00124;2023-04-28;2023-04-30;mismo día;completado;293;P0049;7;0.15;1720.26;227.81;sillas smart 9;muebles;sillas;orion;289.12;211.95;campaña ahorro 6;afiliados;1462.22;245.75;4;2
ORD-2023-00124;2023-04-28;2023-04-30;mismo día;completado;294;P0013;4;0.15;971.92;277.11;teléfonos nova 3;tecnología;teléfonos;lumen;285.86;173.76;campaña ahorro 6;afiliados;826.13;242.98;4;2
ORD-2023-00124;2023-04-28;2023-04-30;mismo día;completado;295;P0022;5;0.15;1832.69;701.56;computadores pro 2;tecnología;computadores;altura;431.22;214.08;campaña ahorro 6;afiliados;1557.79;366.54;4;2
ORD-2023-00125;2024-10-12;2024-10-18;segunda clase;completado;296;P0007;5;0.20;1252.36;496.31;accesorios nova 7;tecnología;accesorios;alerce;313.09;143.58;sin dato;sin dato;1001.89;250.47;10;6
ORD-2023-00125;2024-10-12;2024-10-18;segunda clase;completado;297;P0092;2;0.15;1047.74;446.65;archivadores nova 2;oficina;archivadores;alerce;616.32;308.93;sin dato;sin dato;890.58;523.87;10;6
ORD-2023-00125;2024-10-12;2024-10-18;segunda clase;completado;298;P0055;4;0.15;1968.97;571.28;mesas plus 5;muebles;mesas;vector;579.11;339.15;sin dato;sin dato;1673.62;492.24;10;6
ORD-2023-00126;2025-04-03;2025-04-05;mismo día;completado;299;P0086;3;0.00;1938.39;819.63;papelería flex 6;oficina;papelería;andes;646.13;372.92;campaña ahorro 6;afiliados;1938.39;646.13;4;2
ORD-2023-00126;2025-04-03;2025-04-05;mismo día;completado;300;P0074;8;0.05;3135.08;1038.46;almacenamiento smart 4;muebles;almacenamiento;lumen;412.51;260.75;campaña ahorro 6;afiliados;2978.33;391.88;4;2
ORD-2023-00126;2025-04-03;2025-04-05;mismo día;completado;301;P0035;7;0.00;5352.97;1581.65;periféricos nova 5;tecnología;periféricos;orion;764.71;538.76;campaña ahorro 6;afiliados;5352.97;764.71;4;2
ORD-2023-00126;2025-04-03;2025-04-05;mismo día;completado;302;P0060;3;0.05;451.13;173.77;mesas smart 10;muebles;mesas;vector;158.29;93.56;campaña ahorro 6;afiliados;428.57;150.38;4;2
ORD-2023-00127;2024-02-25;2024-02-27;segunda clase;cancelado;303;P0035;5;0.00;3823.55;1129.75;periféricos nova 5;tecnología;periféricos;orion;764.71;538.76;sin dato;sin dato;3823.55;764.71;2;2
ORD-2023-00127;2024-02-25;2024-02-27;segunda clase;cancelado;304;P0052;4;0.00;1976.60;465.80;mesas nova 2;muebles;mesas;lumen;494.15;377.70;sin dato;sin dato;1976.60;494.15;2;2
ORD-2023-00127;2024-02-25;2024-02-27;segunda clase;cancelado;305;P0032;5;0.30;2532.57;6.66;periféricos eco 2;tecnología;periféricos;vector;723.59;506.45;sin dato;sin dato;1772.80;506.51;2;2
ORD-2023-00127;2024-02-25;2024-02-27;segunda clase;cancelado;306;P0055;1;0.05;550.15;214.95;mesas plus 5;muebles;mesas;vector;579.11;339.15;sin dato;sin dato;522.64;550.15;2;2
ORD-2023-00128;2023-09-22;2023-09-28;segunda clase;completado;307;P0093;8;0.00;4998.96;2667.20;archivadores flex 3;oficina;archivadores;vector;624.87;291.47;sin dato;sin dato;4998.96;624.87;9;6
ORD-2023-00129;2024-09-08;2024-09-10;mismo día;cancelado;308;P0051;3;0.05;270.41;96.76;mesas smart 1;muebles;mesas;orion;94.88;58.62;sin dato;sin dato;256.89;90.14;9;2
ORD-2023-00130;2024-11-11;2024-11-17;primera clase;enviado;309;P0031;2;0.15;395.39;174.07;periféricos smart 1;tecnología;periféricos;andes;232.58;113.04;sin dato;sin dato;336.08;197.70;11;6
ORD-2023-00131;2024-03-09;2024-03-10;primera clase;completado;310;P0033;1;0.30;618.35;-77.68;periféricos nova 3;tecnología;periféricos;altura;883.35;692.48;campaña activa 3;afiliados;432.84;618.35;3;1
ORD-2023-00131;2024-03-09;2024-03-10;primera clase;completado;311;P0041;7;0.30;757.15;29.44;sillas eco 1;muebles;sillas;vector;154.52;100.57;campaña activa 3;afiliados;530.00;108.16;3;1
ORD-2023-00131;2024-03-09;2024-03-10;primera clase;completado;312;P0113;3;0.15;1552.98;427.21;sobres smart 3;oficina;sobres;patagonia;609.01;376.16;campaña activa 3;afiliados;1320.03;517.66;3;1
ORD-2023-00131;2024-03-09;2024-03-10;primera clase;completado;313;P0106;5;0.00;1122.85;530.50;etiquetas eco 6;oficina;etiquetas;vector;224.57;118.47;campaña activa 3;afiliados;1122.85;224.57;3;1
ORD-2023-00132;2024-12-08;2024-12-14;mismo día;completado;314;P0116;2;0.05;1470.96;489.79;sobres flex 6;oficina;sobres;patagonia;774.19;485.05;sin dato;sin dato;1397.41;735.48;12;6
ORD-2023-00132;2024-12-08;2024-12-14;mismo día;completado;315;P0002;7;0.10;63.38;22.50;accesorios smart 2;tecnología;accesorios;vector;10.06;5.92;sin dato;sin dato;57.04;9.05;12;6
ORD-2023-00132;2024-12-08;2024-12-14;mismo día;completado;316;P0039;4;0.00;948.44;192.80;periféricos nova 9;tecnología;periféricos;vector;237.11;188.91;sin dato;sin dato;948.44;237.11;12;6
ORD-2023-00133;2025-03-19;2025-03-19;mismo día;enviado;317;P0119;6;0.20;2977.15;778.84;sobres plus 9;oficina;sobres;andes;620.24;347.69;campaña ahorro 2;afiliados;2381.72;496.19;3;0
ORD-2023-00133;2025-03-19;2025-03-19;mismo día;enviado;318;P0106;3;0.10;606.34;250.76;etiquetas eco 6;oficina;etiquetas;vector;224.57;118.47;campaña ahorro 2;afiliados;545.71;202.11;3;0
ORD-2023-00133;2025-03-19;2025-03-19;mismo día;enviado;319;P0054;6;0.30;346.58;-30.59;mesas eco 4;muebles;mesas;altura;82.52;60.93;campaña ahorro 2;afiliados;242.61;57.76;3;0
ORD-2023-00133;2025-03-19;2025-03-19;mismo día;enviado;320;P0083;3;0.30;111.07;-1.60;papelería pro 3;oficina;papelería;altura;52.89;35.71;campaña ahorro 2;afiliados;77.75;37.02;3;0
ORD-2023-00134;2024-02-15;2024-02-16;estándar;completado;321;P0032;3;0.20;1736.62;166.45;periféricos eco 2;tecnología;periféricos;vector;723.59;506.45;sin dato;sin dato;1389.30;578.87;2;1
ORD-2023-00134;2024-02-15;2024-02-16;estándar;completado;322;P0058;8;0.00;1880.56;434.80;mesas nova 8;muebles;mesas;andes;235.07;180.72;sin dato;sin dato;1880.56;235.07;2;1
ORD-2023-00135;2023-07-23;2023-07-23;mismo día;completado;323;P0003;1;0.05;824.85;132.68;accesorios plus 3;tecnología;accesorios;altura;868.26;685.10;campaña activa 3;afiliados;783.61;824.85;7;0
ORD-2023-00135;2023-07-23;2023-07-23;mismo día;completado;324;P0026;5;0.00;2386.70;495.95;computadores plus 6;tecnología;computadores;lumen;477.34;378.15;campaña activa 3;afiliados;2386.70;477.34;7;0
ORD-2023-00136;2023-06-02;2023-06-02;estándar;completado;325;P0099;8;0.30;59.19;23.06;archivadores eco 9;oficina;archivadores;orion;10.57;5.00;sin dato;sin dato;41.43;7.40;6;0
ORD-2023-00136;2023-06-02;2023-06-02;estándar;completado;326;P0025;5;0.10;3436.70;800.75;computadores plus 5;tecnología;computadores;orion;763.71;519.66;sin dato;sin dato;3093.03;687.34;6;0
ORD-2023-00136;2023-06-02;2023-06-02;estándar;completado;327;P0017;7;0.05;1701.40;554.16;teléfonos plus 7;tecnología;teléfonos;alerce;255.85;163.38;sin dato;sin dato;1616.33;243.06;6;0
ORD-2023-00136;2023-06-02;2023-06-02;estándar;completado;328;P0094;4;0.20;576.13;87.74;archivadores pro 4;oficina;archivadores;alerce;180.04;126.70;sin dato;sin dato;460.90;144.03;6;0
ORD-2023-00137;2023-10-25;2023-10-27;primera clase;cancelado;329;P0011;1;0.30;386.21;48.87;teléfonos plus 1;tecnología;teléfonos;lumen;551.73;361.63;sin dato;sin dato;270.35;386.21;10;2
ORD-2023-00137;2023-10-25;2023-10-27;primera clase;cancelado;330;P0089;7;0.05;2334.95;701.79;papelería plus 9;oficina;papelería;vector;351.12;231.81;sin dato;sin dato;2218.20;333.56;10;2
ORD-2023-00137;2023-10-25;2023-10-27;primera clase;cancelado;331;P0095;5;0.00;2636.25;1214.65;archivadores plus 5;oficina;archivadores;altura;527.25;284.32;sin dato;sin dato;2636.25;527.25;10;2
ORD-2023-00137;2023-10-25;2023-10-27;primera clase;cancelado;332;P0007;6;0.05;1784.61;924.23;accesorios nova 7;tecnología;accesorios;alerce;313.09;143.58;sin dato;sin dato;1695.38;297.44;10;2
ORD-2023-00138;2023-01-06;2023-01-08;mismo día;completado;333;P0017;1;0.00;255.85;92.47;teléfonos plus 7;tecnología;teléfonos;alerce;255.85;163.38;sin dato;sin dato;255.85;255.85;1;2
ORD-2023-00138;2023-01-06;2023-01-08;mismo día;completado;334;P0120;6;0.30;2966.33;531.03;sobres plus 10;oficina;sobres;altura;706.27;437.08;sin dato;sin dato;2076.43;494.39;1;2
ORD-2023-00138;2023-01-06;2023-01-08;mismo día;completado;335;P0091;7;0.00;3607.03;1141.63;archivadores flex 1;oficina;archivadores;alerce;515.29;352.20;sin dato;sin dato;3607.03;515.29;1;2
ORD-2023-00139;2023-05-11;2023-05-14;primera clase;enviado;336;P0116;5;0.10;3483.86;1055.98;sobres flex 6;oficina;sobres;patagonia;774.19;485.05;sin dato;sin dato;3135.47;696.77;5;3
ORD-2023-00139;2023-05-11;2023-05-14;primera clase;enviado;337;P0115;3;0.15;336.27;71.96;sobres pro 5;oficina;sobres;alerce;131.87;86.23;sin dato;sin dato;285.83;112.09;5;3
ORD-2023-00139;2023-05-11;2023-05-14;primera clase;enviado;338;P0098;3;0.30;491.21;35.24;archivadores nova 8;oficina;archivadores;lumen;233.91;164.53;sin dato;sin dato;343.85;163.74;5;3
ORD-2023-00140;2023-08-24;2023-08-25;mismo día;completado;339;P0115;8;0.00;1054.96;365.12;sobres pro 5;oficina;sobres;alerce;131.87;86.23;campaña cliente vip 5;display;1054.96;131.87;8;1
ORD-2023-00141;2024-05-19;2024-05-19;estándar;enviado;340;P0027;5;0.00;198.40;104.90;computadores flex 7;tecnología;computadores;alerce;39.68;18.70;sin dato;sin dato;198.40;39.68;5;0
ORD-2023-00142;2024-11-10;2024-11-14;segunda clase;completado;341;P0032;8;0.00;5788.72;1737.12;periféricos eco 2;tecnología;periféricos;vector;723.59;506.45;campaña cliente vip 1;email;5788.72;723.59;11;4
ORD-2023-00143;2024-11-28;2024-12-03;estándar;completado;342;P0020;1;0.00;494.39;249.32;teléfonos flex 10;tecnología;teléfonos;lumen;494.39;245.07;campaña ahorro 6;afiliados;494.39;494.39;11;5
ORD-2023-00143;2024-11-28;2024-12-03;estándar;completado;343;P0059;5;0.00;690.40;242.80;mesas smart 9;muebles;mesas;andes;138.08;89.52;campaña ahorro 6;afiliados;690.40;138.08;11;5
ORD-2023-00143;2024-11-28;2024-12-03;estándar;completado;344;P0084;8;0.15;5005.62;2035.05;papelería flex 4;oficina;papelería;altura;736.12;351.56;campaña ahorro 6;afiliados;4254.78;625.70;11;5
ORD-2023-00144;2023-02-19;2023-02-25;estándar;completado;345;P0071;7;0.00;6219.64;1477.21;almacenamiento flex 1;muebles;almacenamiento;patagonia;888.52;677.49;sin dato;sin dato;6219.64;888.52;2;6
ORD-2023-00145;2025-02-28;2025-03-06;segunda clase;enviado;346;P0037;3;0.00;866.94;394.29;periféricos nova 7;tecnología;periféricos;orion;288.98;157.55;campaña cliente vip 1;email;866.94;288.98;2;6
ORD-2023-00145;2025-02-28;2025-03-06;segunda clase;enviado;347;P0095;5;0.00;2636.25;1214.65;archivadores plus 5;oficina;archivadores;altura;527.25;284.32;campaña cliente vip 1;email;2636.25;527.25;2;6
ORD-2023-00145;2025-02-28;2025-03-06;segunda clase;enviado;348;P0107;6;0.05;441.47;186.80;etiquetas pro 7;oficina;etiquetas;orion;77.45;42.46;campaña cliente vip 1;email;419.40;73.58;2;6
ORD-2023-00145;2025-02-28;2025-03-06;segunda clase;enviado;349;P0061;5;0.20;3501.44;1326.17;libreros plus 1;muebles;libreros;altura;875.36;463.75;campaña cliente vip 1;email;2801.15;700.29;2;6
ORD-2023-00146;2024-09-20;2024-09-21;primera clase;completado;350;P0083;3;0.30;111.07;3.42;papelería pro 3;oficina;papelería;altura;52.89;35.71;campaña ahorro 7;afiliados;77.75;37.02;9;1
ORD-2023-00146;2024-09-20;2024-09-21;primera clase;completado;351;P0038;8;0.20;2617.09;724.58;periféricos nova 8;tecnología;periféricos;andes;408.92;250.33;campaña ahorro 7;afiliados;2093.67;327.14;9;1
ORD-2023-00147;2023-06-02;2023-06-03;segunda clase;completado;352;P0038;1;0.00;408.92;158.59;periféricos nova 8;tecnología;periféricos;andes;408.92;250.33;sin dato;sin dato;408.92;408.92;6;1
ORD-2023-00147;2023-06-02;2023-06-03;segunda clase;completado;353;P0066;7;0.20;2015.16;873.14;libreros smart 6;muebles;libreros;lumen;359.85;174.82;sin dato;sin dato;1612.13;287.88;6;1
ORD-2023-00147;2023-06-02;2023-06-03;segunda clase;completado;354;P0046;5;0.00;424.35;198.85;sillas pro 6;muebles;sillas;nova;84.87;45.10;sin dato;sin dato;424.35;84.87;6;1
ORD-2023-00147;2023-06-02;2023-06-03;segunda clase;completado;355;P0015;8;0.00;5588.00;1463.20;teléfonos plus 5;tecnología;teléfonos;nova;698.50;515.60;sin dato;sin dato;5588.00;698.50;6;1
ORD-2023-00148;2023-03-27;2023-03-30;mismo día;completado;356;P0080;5;0.15;3362.22;1342.75;almacenamiento plus 10;muebles;almacenamiento;patagonia;791.11;381.74;sin dato;sin dato;2857.89;672.44;3;3
ORD-2023-00148;2023-03-27;2023-03-30;mismo día;completado;357;P0028;3;0.00;1386.39;663.93;computadores pro 8;tecnología;computadores;lumen;462.13;240.82;sin dato;sin dato;1386.39;462.13;3;3
ORD-2023-00148;2023-03-27;2023-03-30;mismo día;completado;358;P0112;2;0.20;725.84;270.92;sobres pro 2;oficina;sobres;orion;453.65;226.21;sin dato;sin dato;580.67;362.92;3;3
ORD-2023-00148;2023-03-27;2023-03-30;mismo día;completado;359;P0051;2;0.00;189.76;72.52;mesas smart 1;muebles;mesas;orion;94.88;58.62;sin dato;sin dato;189.76;94.88;3;3
ORD-2023-00149;2024-12-09;2024-12-12;mismo día;devuelto;360;P0089;7;0.10;2212.06;629.93;papelería plus 9;oficina;papelería;vector;351.12;231.81;sin dato;sin dato;1990.85;316.01;12;3
ORD-2023-00149;2024-12-09;2024-12-12;mismo día;devuelto;361;P0002;4;0.00;40.24;16.56;accesorios smart 2;tecnología;accesorios;vector;10.06;5.92;sin dato;sin dato;40.24;10.06;12;3
ORD-2023-00149;2024-12-09;2024-12-12;mismo día;devuelto;362;P0110;1;0.05;57.30;22.39;etiquetas nova 10;oficina;etiquetas;orion;60.32;34.94;sin dato;sin dato;54.43;57.30;12;3
ORD-2023-00150;2024-03-22;2024-03-28;segunda clase;enviado;363;P0099;8;0.00;84.56;44.56;archivadores eco 9;oficina;archivadores;orion;10.57;5.00;sin dato;sin dato;84.56;10.57;3;6
ORD-2023-00150;2024-03-22;2024-03-28;segunda clase;enviado;364;P0015;3;0.00;2095.50;548.70;teléfonos plus 5;tecnología;teléfonos;nova;698.50;515.60;sin dato;sin dato;2095.50;698.50;3;6
ORD-2023-00150;2024-03-22;2024-03-28;segunda clase;enviado;365;P0063;8;0.00;1995.84;522.48;libreros smart 3;muebles;libreros;vector;249.48;184.17;sin dato;sin dato;1995.84;249.48;3;6
ORD-2023-00151;2023-10-29;2023-11-02;primera clase;completado;366;P0081;7;0.20;4594.58;879.73;papelería smart 1;oficina;papelería;altura;820.46;507.81;sin dato;sin dato;3675.66;656.37;10;4
ORD-2023-00152;2024-05-14;2024-05-17;mismo día;completado;367;P0068;1;0.20;510.74;91.72;libreros pro 8;muebles;libreros;lumen;638.43;415.12;sin dato;sin dato;408.59;510.74;5;3
ORD-2023-00153;2024-10-25;2024-10-28;primera clase;completado;368;P0003;3;0.10;2344.30;265.43;accesorios plus 3;tecnología;accesorios;altura;868.26;685.10;sin dato;sin dato;2109.87;781.43;10;3
ORD-2023-00153;2024-10-25;2024-10-28;primera clase;completado;369;P0045;8;0.05;4065.24;931.47;sillas eco 5;muebles;sillas;lumen;534.90;391.64;sin dato;sin dato;3861.98;508.16;10;3
ORD-2023-00153;2024-10-25;2024-10-28;primera clase;completado;370;P0118;8;0.00;1856.40;523.44;sobres nova 8;oficina;sobres;alerce;232.05;166.62;sin dato;sin dato;1856.40;232.05;10;3
ORD-2023-00153;2024-10-25;2024-10-28;primera clase;completado;371;P0054;6;0.30;346.58;-36.81;mesas eco 4;muebles;mesas;altura;82.52;60.93;sin dato;sin dato;242.61;57.76;10;3
ORD-2023-00154;2023-10-17;2023-10-22;segunda clase;completado;372;P0021;8;0.00;6355.20;2823.92;computadores plus 1;tecnología;computadores;andes;794.40;441.41;sin dato;sin dato;6355.20;794.40;10;5
ORD-2023-00154;2023-10-17;2023-10-22;segunda clase;completado;373;P0039;4;0.05;901.02;144.30;periféricos nova 9;tecnología;periféricos;vector;237.11;188.91;sin dato;sin dato;855.97;225.26;10;5
ORD-2023-00155;2023-09-25;2023-09-27;estándar;completado;374;P0044;7;0.00;5099.85;1963.01;sillas plus 4;muebles;sillas;orion;728.55;448.12;sin dato;sin dato;5099.85;728.55;9;2
ORD-2023-00156;2023-08-18;2023-08-21;estándar;enviado;375;P0115;3;0.00;395.61;136.92;sobres pro 5;oficina;sobres;alerce;131.87;86.23;campaña ahorro 6;afiliados;395.61;131.87;8;3
ORD-2023-00156;2023-08-18;2023-08-21;estándar;enviado;376;P0103;8;0.00;4308.80;1559.76;etiquetas nova 3;oficina;etiquetas;alerce;538.60;343.63;campaña ahorro 6;afiliados;4308.80;538.60;8;3
ORD-2023-00156;2023-08-18;2023-08-21;estándar;enviado;377;P0106;1;0.00;224.57;106.10;etiquetas eco 6;oficina;etiquetas;vector;224.57;118.47;campaña ahorro 6;afiliados;224.57;224.57;8;3
ORD-2023-00157;2024-01-06;2024-01-07;mismo día;completado;378;P0020;6;0.15;2521.39;994.16;teléfonos flex 10;tecnología;teléfonos;lumen;494.39;245.07;sin dato;sin dato;2143.18;420.23;1;1
ORD-2023-00158;2024-03-25;2024-03-28;mismo día;completado;379;P0065;3;0.00;1286.37;647.94;libreros pro 5;muebles;libreros;nova;428.79;212.81;sin dato;sin dato;1286.37;428.79;3;3
ORD-2023-00158;2024-03-25;2024-03-28;mismo día;completado;380;P0047;4;0.00;2791.32;708.24;sillas plus 7;muebles;sillas;andes;697.83;520.77;sin dato;sin dato;2791.32;697.83;3;3
ORD-2023-00158;2024-03-25;2024-03-28;mismo día;completado;381;P0101;4;0.00;2314.84;772.16;etiquetas eco 1;oficina;etiquetas;nova;578.71;385.67;sin dato;sin dato;2314.84;578.71;3;3
ORD-2023-00159;2024-04-14;2024-04-20;estándar;completado;382;P0099;1;0.00;10.57;5.57;archivadores eco 9;oficina;archivadores;orion;10.57;5.00;sin dato;sin dato;10.57;10.57;4;6
ORD-2023-00159;2024-04-14;2024-04-20;estándar;completado;383;P0052;3;0.20;1185.96;104.87;mesas nova 2;muebles;mesas;lumen;494.15;377.70;sin dato;sin dato;948.77;395.32;4;6
ORD-2023-00160;2024-08-11;2024-08-11;primera clase;devuelto;384;P0114;5;0.15;229.92;77.08;sobres pro 4;oficina;sobres;vector;54.10;29.24;sin dato;sin dato;195.43;45.98;8;0
ORD-2023-00160;2024-08-11;2024-08-11;primera clase;devuelto;385;P0106;5;0.00;1122.85;530.50;etiquetas eco 6;oficina;etiquetas;vector;224.57;118.47;sin dato;sin dato;1122.85;224.57;8;0
ORD-2023-00160;2024-08-11;2024-08-11;primera clase;devuelto;386;P0083;4;0.30;148.09;0.24;papelería pro 3;oficina;papelería;altura;52.89;35.71;sin dato;sin dato;103.66;37.02;8;0
ORD-2023-00160;2024-08-11;2024-08-11;primera clase;devuelto;387;P0100;4;0.10;189.43;39.69;archivadores smart 10;oficina;archivadores;andes;52.62;38.31;sin dato;sin dato;170.49;47.36;8;0
ORD-2023-00161;2025-01-12;2025-01-17;primera clase;completado;388;P0066;5;0.15;1529.36;627.51;libreros smart 6;muebles;libreros;lumen;359.85;174.82;sin dato;sin dato;1299.96;305.87;1;5
ORD-2023-00162;2023-01-29;2023-02-04;primera clase;completado;389;P0065;2;0.00;857.58;431.96;libreros pro 5;muebles;libreros;nova;428.79;212.81;sin dato;sin dato;857.58;428.79;1;6
ORD-2023-00162;2023-01-29;2023-02-04;primera clase;completado;390;P0081;6;0.00;4922.76;1875.90;papelería smart 1;oficina;papelería;altura;820.46;507.81;sin dato;sin dato;4922.76;820.46;1;6
ORD-2023-00162;2023-01-29;2023-02-04;primera clase;completado;391;P0058;5;0.00;1175.35;271.75;mesas nova 8;muebles;mesas;andes;235.07;180.72;sin dato;sin dato;1175.35;235.07;1;6
ORD-2023-00162;2023-01-29;2023-02-04;primera clase;completado;392;P0104;4;0.15;2057.68;516.85;etiquetas nova 4;oficina;etiquetas;altura;605.20;392.50;sin dato;sin dato;1749.03;514.42;1;6
ORD-2023-00163;2024-06-16;2024-06-21;segunda clase;completado;393;P0059;2;0.00;276.16;97.12;mesas smart 9;muebles;mesas;andes;138.08;89.52;campaña ahorro 6;afiliados;276.16;138.08;6;5
ORD-2023-00163;2024-06-16;2024-06-21;segunda clase;completado;394;P0011;2;0.00;1103.46;380.20;teléfonos plus 1;tecnología;teléfonos;lumen;551.73;361.63;campaña ahorro 6;afiliados;1103.46;551.73;6;5
ORD-2023-00163;2024-06-16;2024-06-21;segunda clase;completado;395;P0061;4;0.30;2451.01;773.29;libreros plus 1;muebles;libreros;altura;875.36;463.75;campaña ahorro 6;afiliados;1715.71;612.75;6;5
ORD-2023-00164;2024-06-15;2024-06-21;mismo día;completado;396;P0094;7;0.00;1260.28;373.38;archivadores pro 4;oficina;archivadores;alerce;180.04;126.70;campaña cliente vip 5;display;1260.28;180.04;6;6
ORD-2023-00164;2024-06-15;2024-06-21;mismo día;completado;397;P0063;8;0.00;1995.84;522.48;libreros smart 3;muebles;libreros;vector;249.48;184.17;campaña cliente vip 5;display;1995.84;249.48;6;6
ORD-2023-00164;2024-06-15;2024-06-21;mismo día;completado;398;P0089;4;0.30;983.14;60.39;papelería plus 9;oficina;papelería;vector;351.12;231.81;campaña cliente vip 5;display;688.20;245.78;6;6
ORD-2023-00164;2024-06-15;2024-06-21;mismo día;completado;399;P0072;6;0.00;4133.88;1565.28;almacenamiento nova 2;muebles;almacenamiento;patagonia;688.98;428.10;campaña cliente vip 5;display;4133.88;688.98;6;6
ORD-2023-00165;2023-05-04;2023-05-06;segunda clase;completado;400;P0040;6;0.10;4006.85;1460.06;periféricos eco 10;tecnología;periféricos;andes;742.01;430.58;sin dato;sin dato;3606.16;667.81;5;2
ORD-2023-00165;2023-05-04;2023-05-06;segunda clase;completado;401;P0102;3;0.00;1286.07;467.22;etiquetas pro 2;oficina;etiquetas;vector;428.69;272.95;sin dato;sin dato;1286.07;428.69;5;2
ORD-2023-00165;2023-05-04;2023-05-06;segunda clase;completado;402;P0007;5;0.10;1408.90;708.81;accesorios nova 7;tecnología;accesorios;alerce;313.09;143.58;sin dato;sin dato;1268.01;281.78;5;2
ORD-2023-00166;2023-05-06;2023-05-10;primera clase;completado;403;P0116;6;0.20;3716.11;815.02;sobres flex 6;oficina;sobres;patagonia;774.19;485.05;campaña cliente vip 1;email;2972.89;619.35;5;4
ORD-2023-00166;2023-05-06;2023-05-10;primera clase;completado;404;P0098;3;0.30;491.21;-24.41;archivadores nova 8;oficina;archivadores;lumen;233.91;164.53;campaña cliente vip 1;email;343.85;163.74;5;4
ORD-2023-00166;2023-05-06;2023-05-10;primera clase;completado;405;P0020;6;0.00;2966.34;1495.92;teléfonos flex 10;tecnología;teléfonos;lumen;494.39;245.07;campaña cliente vip 1;email;2966.34;494.39;5;4
ORD-2023-00166;2023-05-06;2023-05-10;primera clase;completado;406;P0050;4;0.20;773.22;266.30;sillas nova 10;muebles;sillas;lumen;241.63;129.84;campaña cliente vip 1;email;618.58;193.30;5;4
ORD-2023-00167;2025-01-23;2025-01-25;estándar;enviado;407;P0072;2;0.00;1377.96;521.76;almacenamiento nova 2;muebles;almacenamiento;patagonia;688.98;428.10;sin dato;sin dato;1377.96;688.98;1;2
ORD-2023-00167;2025-01-23;2025-01-25;estándar;enviado;408;P0073;4;0.30;489.33;8.95;almacenamiento eco 3;muebles;almacenamiento;orion;174.76;120.04;sin dato;sin dato;342.53;122.33;1;2
ORD-2023-00167;2025-01-23;2025-01-25;estándar;enviado;409;P0016;3;0.00;2337.90;1189.80;teléfonos pro 6;tecnología;teléfonos;orion;779.30;382.70;sin dato;sin dato;2337.90;779.30;1;2
ORD-2023-00168;2025-04-29;2025-05-04;estándar;completado;410;P0052;1;0.30;345.90;-53.26;mesas nova 2;muebles;mesas;lumen;494.15;377.70;sin dato;sin dato;242.13;345.90;4;5
ORD-2023-00168;2025-04-29;2025-05-04;estándar;completado;411;P0044;7;0.00;5099.85;1963.01;sillas plus 4;muebles;sillas;orion;728.55;448.12;sin dato;sin dato;5099.85;728.55;4;5
ORD-2023-00168;2025-04-29;2025-05-04;estándar;completado;412;P0049;5;0.00;1445.60;385.85;sillas smart 9;muebles;sillas;orion;289.12;211.95;sin dato;sin dato;1445.60;289.12;4;5
ORD-2023-00169;2023-06-22;2023-06-24;segunda clase;enviado;413;P0087;3;0.00;2221.11;644.40;papelería flex 7;oficina;papelería;andes;740.37;525.57;campaña cliente vip 5;display;2221.11;740.37;6;2
ORD-2023-00169;2023-06-22;2023-06-24;segunda clase;enviado;414;P0024;1;0.00;807.35;404.48;computadores nova 4;tecnología;computadores;vector;807.35;402.87;campaña cliente vip 5;display;807.35;807.35;6;2
ORD-2023-00169;2023-06-22;2023-06-24;segunda clase;enviado;415;P0041;3;0.20;370.85;54.56;sillas eco 1;muebles;sillas;vector;154.52;100.57;campaña cliente vip 5;display;296.68;123.62;6;2
ORD-2023-00169;2023-06-22;2023-06-24;segunda clase;enviado;416;P0049;2;0.00;578.24;154.34;sillas smart 9;muebles;sillas;orion;289.12;211.95;campaña cliente vip 5;display;578.24;289.12;6;2
ORD-2023-00170;2024-06-04;2024-06-10;primera clase;cancelado;417;P0060;7;0.00;1108.03;453.11;mesas smart 10;muebles;mesas;vector;158.29;93.56;sin dato;sin dato;1108.03;158.29;6;6
ORD-2023-00170;2024-06-04;2024-06-10;primera clase;cancelado;418;P0082;4;0.00;2363.44;1289.68;papelería eco 2;oficina;papelería;orion;590.86;268.44;sin dato;sin dato;2363.44;590.86;6;6
ORD-2023-00170;2024-06-04;2024-06-10;primera clase;cancelado;419;P0032;3;0.10;1953.69;428.42;periféricos eco 2;tecnología;periféricos;vector;723.59;506.45;sin dato;sin dato;1758.32;651.23;6;6
ORD-2023-00171;2024-10-13;2024-10-17;segunda clase;completado;420;P0069;7;0.30;3272.51;239.22;libreros smart 9;muebles;libreros;patagonia;667.86;470.05;campaña activa 3;afiliados;2290.76;467.50;10;4
ORD-2023-00171;2024-10-13;2024-10-17;segunda clase;completado;421;P0107;5;0.00;387.25;174.95;etiquetas pro 7;oficina;etiquetas;orion;77.45;42.46;campaña activa 3;afiliados;387.25;77.45;10;4
ORD-2023-00172;2024-09-04;2024-09-06;primera clase;completado;422;P0075;5;0.00;2661.80;1306.55;almacenamiento plus 5;muebles;almacenamiento;nova;532.36;271.05;sin dato;sin dato;2661.80;532.36;9;2
ORD-2023-00172;2024-09-04;2024-09-06;primera clase;completado;423;P0039;2;0.20;379.38;-5.97;periféricos nova 9;tecnología;periféricos;vector;237.11;188.91;sin dato;sin dato;303.50;189.69;9;2
ORD-2023-00173;2023-10-14;2023-10-17;primera clase;enviado;424;P0097;8;0.10;1922.69;272.48;archivadores smart 7;oficina;archivadores;altura;267.04;208.99;campaña ahorro 6;afiliados;1730.42;240.34;10;3
ORD-2023-00173;2023-10-14;2023-10-17;primera clase;enviado;425;P0044;4;0.30;2039.94;86.95;sillas plus 4;muebles;sillas;orion;728.55;448.12;campaña ahorro 6;afiliados;1427.96;509.98;10;3
ORD-2023-00173;2023-10-14;2023-10-17;primera clase;enviado;426;P0003;3;0.00;2604.78;549.48;accesorios plus 3;tecnología;accesorios;altura;868.26;685.10;campaña ahorro 6;afiliados;2604.78;868.26;10;3
ORD-2023-00174;2024-11-19;2024-11-20;estándar;enviado;427;P0069;1;0.30;467.50;-16.35;libreros smart 9;muebles;libreros;patagonia;667.86;470.05;campaña outlet 8;búsqueda;327.25;467.50;11;1
ORD-2023-00175;2025-04-27;2025-05-01;estándar;enviado;428;P0048;4;0.30;1751.20;-40.58;sillas plus 8;muebles;sillas;orion;625.43;484.77;campaña activa 3;afiliados;1225.84;437.80;4;4
ORD-2023-00175;2025-04-27;2025-05-01;estándar;enviado;429;P0098;5;0.15;994.12;193.12;archivadores nova 8;oficina;archivadores;lumen;233.91;164.53;campaña activa 3;afiliados;845.00;198.82;4;4
ORD-2023-00175;2025-04-27;2025-05-01;estándar;enviado;430;P0104;4;0.05;2299.76;706.51;etiquetas nova 4;oficina;etiquetas;altura;605.20;392.50;campaña activa 3;afiliados;2184.77;574.94;4;4
ORD-2023-00175;2025-04-27;2025-05-01;estándar;enviado;431;P0005;5;0.30;3120.84;150.38;accesorios flex 5;tecnología;accesorios;vector;891.67;550.81;campaña activa 3;afiliados;2184.59;624.17;4;4
ORD-2023-00176;2023-07-20;2023-07-26;primera clase;completado;432;P0022;4;0.00;1724.88;868.56;computadores pro 2;tecnología;computadores;altura;431.22;214.08;sin dato;sin dato;1724.88;431.22;7;6
ORD-2023-00176;2023-07-20;2023-07-26;primera clase;completado;433;P0096;2;0.00;1412.98;619.94;archivadores pro 6;oficina;archivadores;patagonia;706.49;396.52;sin dato;sin dato;1412.98;706.49;7;6
ORD-2023-00176;2023-07-20;2023-07-26;primera clase;completado;434;P0113;5;0.05;2892.80;990.82;sobres smart 3;oficina;sobres;patagonia;609.01;376.16;sin dato;sin dato;2748.16;578.56;7;6
ORD-2023-00176;2023-07-20;2023-07-26;primera clase;completado;435;P0089;5;0.30;1228.92;174.79;papelería plus 9;oficina;papelería;vector;351.12;231.81;sin dato;sin dato;860.24;245.78;7;6
ORD-2023-00177;2023-11-27;2023-11-30;estándar;completado;436;P0064;6;0.00;903.06;213.96;libreros eco 4;muebles;libreros;andes;150.51;114.85;sin dato;sin dato;903.06;150.51;11;3
ORD-2023-00177;2023-11-27;2023-11-30;estándar;completado;437;P0007;5;0.20;1252.36;530.40;accesorios nova 7;tecnología;accesorios;alerce;313.09;143.58;sin dato;sin dato;1001.89;250.47;11;3
ORD-2023-00177;2023-11-27;2023-11-30;estándar;completado;438;P0001;7;0.05;2964.84;1501.65;accesorios flex 1;tecnología;accesorios;alerce;445.84;210.50;sin dato;sin dato;2816.60;423.55;11;3
ORD-2023-00177;2023-11-27;2023-11-30;estándar;completado;439;P0095;4;0.20;1687.20;472.68;archivadores plus 5;oficina;archivadores;altura;527.25;284.32;sin dato;sin dato;1349.76;421.80;11;3
ORD-2023-00178;2023-06-18;2023-06-20;mismo día;completado;440;P0076;6;0.10;619.60;255.88;almacenamiento eco 6;muebles;almacenamiento;patagonia;114.74;61.78;campaña ahorro 2;afiliados;557.64;103.27;6;2
ORD-2023-00179;2023-12-15;2023-12-21;segunda clase;completado;441;P0098;2;0.30;327.47;-6.02;archivadores nova 8;oficina;archivadores;lumen;233.91;164.53;campaña ahorro 6;afiliados;229.23;163.74;12;6
ORD-2023-00179;2023-12-15;2023-12-21;segunda clase;completado;442;P0008;1;0.20;317.28;48.01;accesorios plus 8;tecnología;accesorios;andes;396.60;275.19;campaña ahorro 6;afiliados;253.82;317.28;12;6
ORD-2023-00179;2023-12-15;2023-12-21;segunda clase;completado;443;P0101;3;0.00;1736.13;579.12;etiquetas eco 1;oficina;etiquetas;nova;578.71;385.67;campaña ahorro 6;afiliados;1736.13;578.71;12;6
ORD-2023-00179;2023-12-15;2023-12-21;segunda clase;completado;444;P0039;7;0.00;1659.77;337.40;periféricos nova 9;tecnología;periféricos;vector;237.11;188.91;campaña ahorro 6;afiliados;1659.77;237.11;12;6
ORD-2023-00180;2023-02-23;2023-02-25;mismo día;completado;445;P0059;7;0.30;676.59;15.72;mesas smart 9;muebles;mesas;andes;138.08;89.52;sin dato;sin dato;473.61;96.66;2;2
ORD-2023-00181;2024-10-28;2024-11-02;primera clase;completado;446;P0014;2;0.00;156.14;84.20;teléfonos pro 4;tecnología;teléfonos;alerce;78.07;35.97;sin dato;sin dato;156.14;78.07;10;5
ORD-2023-00181;2024-10-28;2024-11-02;primera clase;completado;447;P0076;4;0.00;458.96;211.84;almacenamiento eco 6;muebles;almacenamiento;patagonia;114.74;61.78;sin dato;sin dato;458.96;114.74;10;5
ORD-2023-00182;2024-03-07;2024-03-10;segunda clase;completado;448;P0008;3;0.10;1070.82;241.23;accesorios plus 8;tecnología;accesorios;andes;396.60;275.19;sin dato;sin dato;963.74;356.94;3;3
ORD-2023-00183;2024-08-20;2024-08-24;primera clase;completado;449;P0038;6;0.00;2453.52;951.54;periféricos nova 8;tecnología;periféricos;andes;408.92;250.33;sin dato;sin dato;2453.52;408.92;8;4
ORD-2023-00183;2024-08-20;2024-08-24;primera clase;completado;450;P0008;4;0.00;1586.40;485.64;accesorios plus 8;tecnología;accesorios;andes;396.60;275.19;sin dato;sin dato;1586.40;396.60;8;4
ORD-2023-00183;2024-08-20;2024-08-24;primera clase;completado;451;P0026;4;0.00;1909.36;396.76;computadores plus 6;tecnología;computadores;lumen;477.34;378.15;sin dato;sin dato;1909.36;477.34;8;4
ORD-2023-00184;2024-09-06;2024-09-11;mismo día;completado;452;P0014;8;0.00;624.56;336.80;teléfonos pro 4;tecnología;teléfonos;alerce;78.07;35.97;campaña ahorro 6;afiliados;624.56;78.07;9;5
ORD-2023-00184;2024-09-06;2024-09-11;mismo día;completado;453;P0082;4;0.05;2245.27;1173.09;papelería eco 2;oficina;papelería;orion;590.86;268.44;campaña ahorro 6;afiliados;2133.01;561.32;9;5
ORD-2023-00185;2024-05-07;2024-05-12;mismo día;enviado;454;P0024;1;0.15;686.25;307.12;computadores nova 4;tecnología;computadores;vector;807.35;402.87;sin dato;sin dato;583.31;686.25;5;5
ORD-2023-00185;2024-05-07;2024-05-12;mismo día;enviado;455;P0004;2;0.00;56.24;16.62;accesorios eco 4;tecnología;accesorios;orion;28.12;19.81;sin dato;sin dato;56.24;28.12;5;5
ORD-2023-00185;2024-05-07;2024-05-12;mismo día;enviado;456;P0081;6;0.00;4922.76;1875.90;papelería smart 1;oficina;papelería;altura;820.46;507.81;sin dato;sin dato;4922.76;820.46;5;5
ORD-2023-00185;2024-05-07;2024-05-12;mismo día;enviado;457;P0026;5;0.00;2386.70;495.95;computadores plus 6;tecnología;computadores;lumen;477.34;378.15;sin dato;sin dato;2386.70;477.34;5;5
ORD-2023-00186;2023-12-14;2023-12-20;estándar;completado;458;P0117;2;0.00;1490.92;351.94;sobres eco 7;oficina;sobres;vector;745.46;569.49;sin dato;sin dato;1490.92;745.46;12;6
ORD-2023-00186;2023-12-14;2023-12-20;estándar;completado;459;P0049;2;0.15;491.50;52.47;sillas smart 9;muebles;sillas;orion;289.12;211.95;sin dato;sin dato;417.77;245.75;12;6
ORD-2023-00186;2023-12-14;2023-12-20;estándar;completado;460;P0059;4;0.15;469.47;101.14;mesas smart 9;muebles;mesas;andes;138.08;89.52;sin dato;sin dato;399.05;117.37;12;6
ORD-2023-00187;2025-03-29;2025-04-02;estándar;enviado;461;P0113;3;0.05;1735.68;618.46;sobres smart 3;oficina;sobres;patagonia;609.01;376.16;sin dato;sin dato;1648.90;578.56;3;4
ORD-2023-00187;2025-03-29;2025-04-02;estándar;enviado;462;P0089;6;0.15;1790.71;387.27;papelería plus 9;oficina;papelería;vector;351.12;231.81;sin dato;sin dato;1522.10;298.45;3;4
ORD-2023-00188;2025-02-20;2025-02-24;primera clase;enviado;463;P0042;4;0.00;2227.24;720.40;sillas flex 2;muebles;sillas;vector;556.81;376.71;sin dato;sin dato;2227.24;556.81;2;4
ORD-2023-00188;2025-02-20;2025-02-24;primera clase;enviado;464;P0112;3;0.30;952.66;321.52;sobres pro 2;oficina;sobres;orion;453.65;226.21;sin dato;sin dato;666.86;317.55;2;4
ORD-2023-00189;2025-03-20;2025-03-25;mismo día;completado;465;P0064;8;0.00;1204.08;285.28;libreros eco 4;muebles;libreros;andes;150.51;114.85;sin dato;sin dato;1204.08;150.51;3;5
ORD-2023-00189;2025-03-20;2025-03-25;mismo día;completado;466;P0068;8;0.30;3575.21;270.33;libreros pro 8;muebles;libreros;lumen;638.43;415.12;sin dato;sin dato;2502.65;446.90;3;5
ORD-2023-00189;2025-03-20;2025-03-25;mismo día;completado;467;P0082;1;0.05;561.32;296.19;papelería eco 2;oficina;papelería;orion;590.86;268.44;sin dato;sin dato;533.25;561.32;3;5
ORD-2023-00190;2023-08-29;2023-09-01;segunda clase;enviado;468;P0033;2;0.00;1766.70;381.74;periféricos nova 3;tecnología;periféricos;altura;883.35;692.48;campaña ahorro 7;afiliados;1766.70;883.35;8;3
ORD-2023-00190;2023-08-29;2023-09-01;segunda clase;enviado;469;P0057;6;0.05;2940.12;982.40;mesas smart 7;muebles;mesas;patagonia;515.81;325.42;campaña ahorro 7;afiliados;2793.11;490.02;8;3
ORD-2023-00190;2023-08-29;2023-09-01;segunda clase;enviado;470;P0066;6;0.20;1727.28;686.80;libreros smart 6;muebles;libreros;lumen;359.85;174.82;campaña ahorro 7;afiliados;1381.82;287.88;8;3
ORD-2023-00191;2024-01-12;2024-01-18;estándar;completado;471;P0030;5;0.00;3476.00;1876.10;computadores flex 10;tecnología;computadores;alerce;695.20;319.98;sin dato;sin dato;3476.00;695.20;1;6
ORD-2023-00191;2024-01-12;2024-01-18;estándar;completado;472;P0038;2;0.10;736.06;221.44;periféricos nova 8;tecnología;periféricos;andes;408.92;250.33;sin dato;sin dato;662.45;368.03;1;6
ORD-2023-00191;2024-01-12;2024-01-18;estándar;completado;473;P0016;2;0.15;1324.81;602.59;teléfonos pro 6;tecnología;teléfonos;orion;779.30;382.70;sin dato;sin dato;1126.09;662.40;1;6
ORD-2023-00191;2024-01-12;2024-01-18;estándar;completado;474;P0043;4;0.15;2395.64;815.39;sillas smart 3;muebles;sillas;altura;704.60;405.63;sin dato;sin dato;2036.29;598.91;1;6
ORD-2023-00192;2024-12-23;2024-12-27;primera clase;devuelto;475;P0037;6;0.20;1387.10;379.96;periféricos nova 7;tecnología;periféricos;orion;288.98;157.55;sin dato;sin dato;1109.68;231.18;12;4
ORD-2023-00192;2024-12-23;2024-12-27;primera clase;devuelto;476;P0061;3;0.20;2100.86;766.85;libreros plus 1;muebles;libreros;altura;875.36;463.75;sin dato;sin dato;1680.69;700.29;12;4
ORD-2023-00192;2024-12-23;2024-12-27;primera clase;devuelto;477;P0030;8;0.30;3893.12;1439.62;computadores flex 10;tecnología;computadores;alerce;695.20;319.98;sin dato;sin dato;2725.18;486.64;12;4
ORD-2023-00193;2023-07-12;2023-07-15;segunda clase;completado;478;P0110;1;0.15;51.27;17.64;etiquetas nova 10;oficina;etiquetas;orion;60.32;34.94;sin dato;sin dato;43.58;51.27;7;3
ORD-2023-00193;2023-07-12;2023-07-15;segunda clase;completado;479;P0040;1;0.30;519.41;61.19;periféricos eco 10;tecnología;periféricos;andes;742.01;430.58;sin dato;sin dato;363.59;519.41;7;3
ORD-2023-00193;2023-07-12;2023-07-15;segunda clase;completado;480;P0044;4;0.20;2331.36;556.20;sillas plus 4;muebles;sillas;orion;728.55;448.12;sin dato;sin dato;1865.09;582.84;7;3
ORD-2023-00193;2023-07-12;2023-07-15;segunda clase;completado;481;P0098;5;0.15;994.12;165.37;archivadores nova 8;oficina;archivadores;lumen;233.91;164.53;sin dato;sin dato;845.00;198.82;7;3
ORD-2023-00194;2023-06-07;2023-06-09;mismo día;enviado;482;P0051;2;0.20;151.81;39.30;mesas smart 1;muebles;mesas;orion;94.88;58.62;sin dato;sin dato;121.45;75.90;6;2
ORD-2023-00194;2023-06-07;2023-06-09;mismo día;enviado;483;P0043;8;0.10;5073.12;1919.79;sillas smart 3;muebles;sillas;altura;704.60;405.63;sin dato;sin dato;4565.81;634.14;6;2
ORD-2023-00195;2023-07-01;2023-07-01;estándar;completado;484;P0009;7;0.10;5435.51;2298.67;accesorios flex 9;tecnología;accesorios;patagonia;862.78;458.27;sin dato;sin dato;4891.96;776.50;7;0
ORD-2023-00195;2023-07-01;2023-07-01;estándar;completado;485;P0085;2;0.30;1041.61;38.66;papelería smart 5;oficina;papelería;alerce;744.01;540.99;sin dato;sin dato;729.13;520.80;7;0
ORD-2023-00196;2023-12-01;2023-12-07;estándar;completado;486;P0062;2;0.20;745.09;240.24;libreros plus 2;muebles;libreros;vector;465.68;235.47;sin dato;sin dato;596.07;372.54;12;6
ORD-2023-00196;2023-12-01;2023-12-07;estándar;completado;487;P0017;4;0.10;921.06;270.32;teléfonos plus 7;tecnología;teléfonos;alerce;255.85;163.38;sin dato;sin dato;828.95;230.26;12;6
ORD-2023-00196;2023-12-01;2023-12-07;estándar;completado;488;P0021;5;0.05;3773.40;1566.15;computadores plus 1;tecnología;computadores;andes;794.40;441.41;sin dato;sin dato;3584.73;754.68;12;6
ORD-2023-00196;2023-12-01;2023-12-07;estándar;completado;489;P0036;4;0.00;3508.80;1825.56;periféricos nova 6;tecnología;periféricos;patagonia;877.20;420.81;sin dato;sin dato;3508.80;877.20;12;6
ORD-2023-00197;2025-04-24;2025-04-27;primera clase;completado;490;P0059;8;0.00;1104.64;388.48;mesas smart 9;muebles;mesas;andes;138.08;89.52;sin dato;sin dato;1104.64;138.08;4;3
ORD-2023-00197;2025-04-24;2025-04-27;primera clase;completado;491;P0083;8;0.15;359.65;68.89;papelería pro 3;oficina;papelería;altura;52.89;35.71;sin dato;sin dato;305.70;44.96;4;3
ORD-2023-00197;2025-04-24;2025-04-27;primera clase;completado;492;P0051;3;0.20;227.71;57.56;mesas smart 1;muebles;mesas;orion;94.88;58.62;sin dato;sin dato;182.17;75.90;4;3
ORD-2023-00197;2025-04-24;2025-04-27;primera clase;completado;493;P0050;3;0.00;724.89;335.37;sillas nova 10;muebles;sillas;lumen;241.63;129.84;sin dato;sin dato;724.89;241.63;4;3
ORD-2023-00198;2023-06-11;2023-06-13;estándar;completado;494;P0117;8;0.20;4770.94;-19.89;sobres eco 7;oficina;sobres;vector;745.46;569.49;sin dato;sin dato;3816.75;596.37;6;2
ORD-2023-00198;2023-06-11;2023-06-13;estándar;completado;495;P0048;2;0.00;1250.86;281.32;sillas plus 8;muebles;sillas;orion;625.43;484.77;sin dato;sin dato;1250.86;625.43;6;2
ORD-2023-00199;2024-04-06;2024-04-07;estándar;completado;496;P0049;6;0.20;1387.78;66.70;sillas smart 9;muebles;sillas;orion;289.12;211.95;campaña cliente vip 1;email;1110.22;231.30;4;1
ORD-2023-00199;2024-04-06;2024-04-07;estándar;completado;497;P0005;1;0.10;802.50;265.44;accesorios flex 5;tecnología;accesorios;vector;891.67;550.81;campaña cliente vip 1;email;722.25;802.50;4;1
ORD-2023-00199;2024-04-06;2024-04-07;estándar;completado;498;P0042;8;0.30;3118.14;125.11;sillas flex 2;muebles;sillas;vector;556.81;376.71;campaña cliente vip 1;email;2182.70;389.77;4;1
ORD-2023-00199;2024-04-06;2024-04-07;estándar;completado;499;P0071;4;0.30;2487.86;-68.68;almacenamiento flex 1;muebles;almacenamiento;patagonia;888.52;677.49;campaña cliente vip 1;email;1741.50;621.96;4;1
ORD-2023-00200;2023-06-24;2023-06-30;estándar;completado;500;P0022;2;0.00;862.44;434.28;computadores pro 2;tecnología;computadores;altura;431.22;214.08;campaña ahorro 2;afiliados;862.44;431.22;6;6
ORD-2023-00200;2023-06-24;2023-06-30;estándar;completado;501;P0057;6;0.00;3094.86;1142.34;mesas smart 7;muebles;mesas;patagonia;515.81;325.42;campaña ahorro 2;afiliados;3094.86;515.81;6;6
ORD-2023-00200;2023-06-24;2023-06-30;estándar;completado;502;P0115;4;0.30;369.24;11.86;sobres pro 5;oficina;sobres;alerce;131.87;86.23;campaña ahorro 2;afiliados;258.47;92.31;6;6
ORD-2023-00200;2023-06-24;2023-06-30;estándar;completado;503;P0050;5;0.30;845.71;261.39;sillas nova 10;muebles;sillas;lumen;241.63;129.84;campaña ahorro 2;afiliados;592.00;169.14;6;6
ORD-2023-00201;2025-03-01;2025-03-04;primera clase;cancelado;504;P0012;1;0.20;270.78;114.51;teléfonos flex 2;tecnología;teléfonos;vector;338.48;169.06;sin dato;sin dato;216.62;270.78;3;3
ORD-2023-00201;2025-03-01;2025-03-04;primera clase;cancelado;505;P0044;4;0.00;2914.20;1121.72;sillas plus 4;muebles;sillas;orion;728.55;448.12;sin dato;sin dato;2914.20;728.55;3;3
ORD-2023-00202;2025-01-11;2025-01-12;primera clase;enviado;506;P0080;4;0.20;2531.55;893.48;almacenamiento plus 10;muebles;almacenamiento;patagonia;791.11;381.74;campaña ahorro 2;afiliados;2025.24;632.89;1;1
ORD-2023-00202;2025-01-11;2025-01-12;primera clase;enviado;507;P0030;4;0.00;2780.80;1500.88;computadores flex 10;tecnología;computadores;alerce;695.20;319.98;campaña ahorro 2;afiliados;2780.80;695.20;1;1
ORD-2023-00203;2024-02-16;2024-02-21;segunda clase;completado;508;P0084;6;0.00;4416.72;2307.36;papelería flex 4;oficina;papelería;altura;736.12;351.56;campaña ahorro 7;afiliados;4416.72;736.12;2;5
ORD-2023-00203;2024-02-16;2024-02-21;segunda clase;completado;509;P0053;5;0.30;1297.48;-3.52;mesas eco 3;muebles;mesas;alerce;370.71;238.71;campaña ahorro 7;afiliados;908.24;259.50;2;5
ORD-2023-00203;2024-02-16;2024-02-21;segunda clase;completado;510;P0092;3;0.10;1664.06;703.32;archivadores nova 2;oficina;archivadores;alerce;616.32;308.93;campaña ahorro 7;afiliados;1497.65;554.69;2;5
ORD-2023-00204;2024-11-25;2024-12-01;primera clase;completado;511;P0009;6;0.00;5176.68;2427.06;accesorios flex 9;tecnología;accesorios;patagonia;862.78;458.27;sin dato;sin dato;5176.68;862.78;11;6
ORD-2023-00204;2024-11-25;2024-12-01;primera clase;completado;512;P0049;4;0.00;1156.48;308.68;sillas smart 9;muebles;sillas;orion;289.12;211.95;sin dato;sin dato;1156.48;289.12;11;6
ORD-2023-00204;2024-11-25;2024-12-01;primera clase;completado;513;P0040;4;0.20;2374.43;591.03;periféricos eco 10;tecnología;periféricos;andes;742.01;430.58;sin dato;sin dato;1899.54;593.61;11;6
ORD-2023-00204;2024-11-25;2024-12-01;primera clase;completado;514;P0008;3;0.15;1011.33;185.85;accesorios plus 8;tecnología;accesorios;andes;396.60;275.19;sin dato;sin dato;859.63;337.11;11;6
ORD-2023-00205;2024-01-20;2024-01-21;mismo día;completado;515;P0018;5;0.15;2916.69;530.82;teléfonos flex 8;tecnología;teléfonos;patagonia;686.28;471.26;sin dato;sin dato;2479.19;583.34;1;1
ORD-2023-00205;2024-01-20;2024-01-21;mismo día;completado;516;P0067;7;0.10;1088.45;313.12;libreros pro 7;muebles;libreros;nova;172.77;109.03;sin dato;sin dato;979.61;155.49;1;1
ORD-2023-00205;2024-01-20;2024-01-21;mismo día;completado;517;P0109;6;0.15;3895.33;610.28;etiquetas smart 9;oficina;etiquetas;patagonia;763.79;559.32;sin dato;sin dato;3311.03;649.22;1;1
ORD-2023-00206;2025-03-31;2025-04-05;mismo día;completado;518;P0024;8;0.00;6458.80;3235.84;computadores nova 4;tecnología;computadores;vector;807.35;402.87;sin dato;sin dato;6458.80;807.35;3;5
ORD-2023-00206;2025-03-31;2025-04-05;mismo día;completado;519;P0009;4;0.00;3451.12;1618.04;accesorios flex 9;tecnología;accesorios;patagonia;862.78;458.27;sin dato;sin dato;3451.12;862.78;3;5
ORD-2023-00206;2025-03-31;2025-04-05;mismo día;completado;520;P0027;3;0.00;119.04;62.94;computadores flex 7;tecnología;computadores;alerce;39.68;18.70;sin dato;sin dato;119.04;39.68;3;5
ORD-2023-00207;2024-06-03;2024-06-03;segunda clase;completado;521;P0023;4;0.10;2856.13;1303.02;computadores pro 3;tecnología;computadores;patagonia;793.37;395.09;campaña outlet 8;búsqueda;2570.52;714.03;6;0
ORD-2023-00207;2024-06-03;2024-06-03;segunda clase;completado;522;P0082;4;0.10;2127.10;1019.07;papelería eco 2;oficina;papelería;orion;590.86;268.44;campaña outlet 8;búsqueda;1914.39;531.78;6;0
ORD-2023-00207;2024-06-03;2024-06-03;segunda clase;completado;523;P0011;6;0.20;2648.30;510.91;teléfonos plus 1;tecnología;teléfonos;lumen;551.73;361.63;campaña outlet 8;búsqueda;2118.64;441.38;6;0
ORD-2023-00207;2024-06-03;2024-06-03;segunda clase;completado;524;P0057;7;0.20;2888.54;535.40;mesas smart 7;muebles;mesas;patagonia;515.81;325.42;campaña outlet 8;búsqueda;2310.83;412.65;6;0
ORD-2023-00208;2025-02-19;2025-02-22;primera clase;enviado;525;P0071;3;0.10;2399.00;379.28;almacenamiento flex 1;muebles;almacenamiento;patagonia;888.52;677.49;campaña ahorro 2;afiliados;2159.10;799.67;2;3
ORD-2023-00208;2025-02-19;2025-02-22;primera clase;enviado;526;P0059;5;0.20;552.32;101.29;mesas smart 9;muebles;mesas;andes;138.08;89.52;campaña ahorro 2;afiliados;441.86;110.46;2;3
ORD-2023-00209;2023-12-08;2023-12-09;segunda clase;completado;527;P0111;6;0.30;2162.41;400.43;sobres flex 1;oficina;sobres;lumen;514.86;299.56;sin dato;sin dato;1513.69;360.40;12;1
ORD-2023-00210;2025-01-30;2025-02-01;estándar;completado;528;P0118;2;0.20;371.28;22.00;sobres nova 8;oficina;sobres;alerce;232.05;166.62;campaña cliente vip 5;display;297.02;185.64;1;2
ORD-2023-00211;2025-02-20;2025-02-23;primera clase;enviado;529;P0082;6;0.00;3545.16;1934.52;papelería eco 2;oficina;papelería;orion;590.86;268.44;sin dato;sin dato;3545.16;590.86;2;3
ORD-2023-00211;2025-02-20;2025-02-23;primera clase;enviado;530;P0095;4;0.05;2003.55;867.21;archivadores plus 5;oficina;archivadores;altura;527.25;284.32;sin dato;sin dato;1903.37;500.89;2;3
ORD-2023-00211;2025-02-20;2025-02-23;primera clase;enviado;531;P0081;1;0.00;820.46;312.65;papelería smart 1;oficina;papelería;altura;820.46;507.81;sin dato;sin dato;820.46;820.46;2;3
ORD-2023-00211;2025-02-20;2025-02-23;primera clase;enviado;532;P0088;3;0.10;1878.77;631.31;papelería eco 8;oficina;papelería;patagonia;695.84;422.85;sin dato;sin dato;1690.89;626.26;2;3
ORD-2023-00212;2023-04-30;2023-05-06;estándar;completado;533;P0113;7;0.00;4263.07;1629.95;sobres smart 3;oficina;sobres;patagonia;609.01;376.16;campaña ahorro 7;afiliados;4263.07;609.01;4;6
ORD-2023-00212;2023-04-30;2023-05-06;estándar;completado;534;P0089;5;0.20;1404.48;233.34;papelería plus 9;oficina;papelería;vector;351.12;231.81;campaña ahorro 7;afiliados;1123.58;280.90;4;6
ORD-2023-00213;2023-04-22;2023-04-27;segunda clase;enviado;535;P0120;7;0.10;4449.50;1487.55;sobres plus 10;oficina;sobres;altura;706.27;437.08;sin dato;sin dato;4004.55;635.64;4;5
ORD-2023-00213;2023-04-22;2023-04-27;segunda clase;enviado;536;P0105;8;0.00;2075.84;1090.96;etiquetas pro 5;oficina;etiquetas;lumen;259.48;123.11;sin dato;sin dato;2075.84;259.48;4;5
ORD-2023-00214;2024-03-02;2024-03-07;primera clase;completado;537;P0026;8;0.00;3818.72;793.52;computadores plus 6;tecnología;computadores;lumen;477.34;378.15;campaña ahorro 7;afiliados;3818.72;477.34;3;5
ORD-2023-00214;2024-03-02;2024-03-07;primera clase;completado;538;P0058;4;0.00;940.28;217.40;mesas nova 8;muebles;mesas;andes;235.07;180.72;campaña ahorro 7;afiliados;940.28;235.07;3;5
ORD-2023-00215;2023-09-23;2023-09-29;segunda clase;enviado;539;P0011;7;0.00;3862.11;1330.70;teléfonos plus 1;tecnología;teléfonos;lumen;551.73;361.63;campaña ahorro 2;afiliados;3862.11;551.73;9;6
ORD-2023-00215;2023-09-23;2023-09-29;segunda clase;enviado;540;P0004;4;0.30;78.74;-0.30;accesorios eco 4;tecnología;accesorios;orion;28.12;19.81;campaña ahorro 2;afiliados;55.12;19.68;9;6
ORD-2023-00215;2023-09-23;2023-09-29;segunda clase;enviado;541;P0002;1;0.10;9.05;3.03;accesorios smart 2;tecnología;accesorios;vector;10.06;5.92;campaña ahorro 2;afiliados;8.15;9.05;9;6
ORD-2023-00216;2025-03-19;2025-03-19;primera clase;completado;542;P0097;6;0.20;1281.79;48.80;archivadores smart 7;oficina;archivadores;altura;267.04;208.99;campaña cliente vip 1;email;1025.43;213.63;3;0
ORD-2023-00216;2025-03-19;2025-03-19;primera clase;completado;543;P0041;4;0.15;525.37;116.97;sillas eco 1;muebles;sillas;vector;154.52;100.57;campaña cliente vip 1;email;446.56;131.34;3;0
ORD-2023-00216;2025-03-19;2025-03-19;primera clase;completado;544;P0079;1;0.15;41.54;4.55;almacenamiento nova 9;muebles;almacenamiento;alerce;48.87;35.90;campaña cliente vip 1;email;35.31;41.54;3;0
ORD-2023-00216;2025-03-19;2025-03-19;primera clase;completado;545;P0001;8;0.20;2853.38;1105.11;accesorios flex 1;tecnología;accesorios;alerce;445.84;210.50;campaña cliente vip 1;email;2282.70;356.67;3;0
ORD-2023-00217;2024-09-08;2024-09-08;segunda clase;completado;546;P0080;8;0.20;5063.10;1928.06;almacenamiento plus 10;muebles;almacenamiento;patagonia;791.11;381.74;sin dato;sin dato;4050.48;632.89;9;0
ORD-2023-00217;2024-09-08;2024-09-08;segunda clase;completado;547;P0082;6;0.00;3545.16;1934.52;papelería eco 2;oficina;papelería;orion;590.86;268.44;sin dato;sin dato;3545.16;590.86;9;0
ORD-2023-00217;2024-09-08;2024-09-08;segunda clase;completado;548;P0104;6;0.30;2541.84;302.94;etiquetas nova 4;oficina;etiquetas;altura;605.20;392.50;sin dato;sin dato;1779.29;423.64;9;0
ORD-2023-00217;2024-09-08;2024-09-08;segunda clase;completado;549;P0052;2;0.15;840.05;88.93;mesas nova 2;muebles;mesas;lumen;494.15;377.70;sin dato;sin dato;714.04;420.02;9;0
ORD-2023-00218;2025-01-21;2025-01-24;estándar;completado;550;P0102;2;0.10;771.64;214.34;etiquetas pro 2;oficina;etiquetas;vector;428.69;272.95;campaña activa 4;afiliados;694.48;385.82;1;3
ORD-2023-00218;2025-01-21;2025-01-24;estándar;completado;551;P0022;8;0.00;3449.76;1737.12;computadores pro 2;tecnología;computadores;altura;431.22;214.08;campaña activa 4;afiliados;3449.76;431.22;1;3
ORD-2023-00218;2025-01-21;2025-01-24;estándar;completado;552;P0032;4;0.00;2894.36;868.56;periféricos eco 2;tecnología;periféricos;vector;723.59;506.45;campaña activa 4;afiliados;2894.36;723.59;1;3
ORD-2023-00218;2025-01-21;2025-01-24;estándar;completado;553;P0014;7;0.00;546.49;294.70;teléfonos pro 4;tecnología;teléfonos;alerce;78.07;35.97;campaña activa 4;afiliados;546.49;78.07;1;3
ORD-2023-00219;2025-02-23;2025-02-25;estándar;completado;554;P0119;8;0.00;4961.92;2180.40;sobres plus 9;oficina;sobres;andes;620.24;347.69;campaña cliente vip 5;display;4961.92;620.24;2;2
ORD-2023-00219;2025-02-23;2025-02-25;estándar;completado;555;P0112;4;0.00;1814.60;909.76;sobres pro 2;oficina;sobres;orion;453.65;226.21;campaña cliente vip 5;display;1814.60;453.65;2;2
ORD-2023-00220;2024-10-31;2024-11-05;mismo día;devuelto;556;P0029;5;0.00;1405.60;408.20;computadores eco 9;tecnología;computadores;patagonia;281.12;199.48;sin dato;sin dato;1405.60;281.12;10;5
ORD-2023-00220;2024-10-31;2024-11-05;mismo día;devuelto;557;P0012;6;0.05;1929.34;905.04;teléfonos flex 2;tecnología;teléfonos;vector;338.48;169.06;sin dato;sin dato;1832.87;321.56;10;5
ORD-2023-00221;2024-01-12;2024-01-13;estándar;cancelado;558;P0076;4;0.20;367.17;102.43;almacenamiento eco 6;muebles;almacenamiento;patagonia;114.74;61.78;sin dato;sin dato;293.74;91.79;1;1
ORD-2023-00222;2025-03-27;2025-04-01;segunda clase;completado;559;P0002;8;0.15;68.41;22.76;accesorios smart 2;tecnología;accesorios;vector;10.06;5.92;sin dato;sin dato;58.15;8.55;3;5
ORD-2023-00222;2025-03-27;2025-04-01;segunda clase;completado;560;P0108;4;0.30;1374.66;-237.91;etiquetas flex 8;oficina;etiquetas;patagonia;490.95;392.54;sin dato;sin dato;962.26;343.66;3;5
ORD-2023-00222;2025-03-27;2025-04-01;segunda clase;completado;561;P0077;5;0.00;547.45;279.25;almacenamiento nova 7;muebles;almacenamiento;altura;109.49;53.64;sin dato;sin dato;547.45;109.49;3;5
ORD-2023-00222;2025-03-27;2025-04-01;segunda clase;completado;562;P0041;5;0.00;772.60;269.75;sillas eco 1;muebles;sillas;vector;154.52;100.57;sin dato;sin dato;772.60;154.52;3;5
ORD-2023-00223;2024-05-21;2024-05-23;primera clase;completado;563;P0109;4;0.00;3055.16;817.88;etiquetas smart 9;oficina;etiquetas;patagonia;763.79;559.32;sin dato;sin dato;3055.16;763.79;5;2
ORD-2023-00223;2024-05-21;2024-05-23;primera clase;completado;564;P0110;8;0.20;386.05;114.28;etiquetas nova 10;oficina;etiquetas;orion;60.32;34.94;sin dato;sin dato;308.84;48.26;5;2
ORD-2023-00224;2024-07-15;2024-07-18;mismo día;devuelto;565;P0068;5;0.10;2872.93;772.26;libreros pro 8;muebles;libreros;lumen;638.43;415.12;campaña outlet 8;búsqueda;2585.64;574.59;7;3
ORD-2023-00225;2024-02-08;2024-02-08;primera clase;enviado;566;P0074;3;0.30;866.27;54.92;almacenamiento smart 4;muebles;almacenamiento;lumen;412.51;260.75;campaña cliente vip 1;email;606.39;288.76;2;0
ORD-2023-00225;2024-02-08;2024-02-08;primera clase;enviado;567;P0115;3;0.05;375.83;119.37;sobres pro 5;oficina;sobres;alerce;131.87;86.23;campaña cliente vip 1;email;357.04;125.28;2;0
ORD-2023-00226;2024-01-06;2024-01-11;segunda clase;completado;568;P0087;3;0.00;2221.11;644.40;papelería flex 7;oficina;papelería;andes;740.37;525.57;sin dato;sin dato;2221.11;740.37;1;5
ORD-2023-00226;2024-01-06;2024-01-11;segunda clase;completado;569;P0023;1;0.00;793.37;398.28;computadores pro 3;tecnología;computadores;patagonia;793.37;395.09;sin dato;sin dato;793.37;793.37;1;5
ORD-2023-00226;2024-01-06;2024-01-11;segunda clase;completado;570;P0076;7;0.00;803.18;370.72;almacenamiento eco 6;muebles;almacenamiento;patagonia;114.74;61.78;sin dato;sin dato;803.18;114.74;1;5
ORD-2023-00226;2024-01-06;2024-01-11;segunda clase;completado;571;P0032;1;0.00;723.59;217.14;periféricos eco 2;tecnología;periféricos;vector;723.59;506.45;sin dato;sin dato;723.59;723.59;1;5
ORD-2023-00227;2024-12-05;2024-12-09;mismo día;completado;572;P0100;8;0.20;336.77;37.86;archivadores smart 10;oficina;archivadores;andes;52.62;38.31;sin dato;sin dato;269.42;42.10;12;4
ORD-2023-00228;2023-01-12;2023-01-12;segunda clase;completado;573;P0036;2;0.00;1754.40;912.78;periféricos nova 6;tecnología;periféricos;patagonia;877.20;420.81;campaña ahorro 2;afiliados;1754.40;877.20;1;0
ORD-2023-00228;2023-01-12;2023-01-12;segunda clase;completado;574;P0039;3;0.00;711.33;144.60;periféricos nova 9;tecnología;periféricos;vector;237.11;188.91;campaña ahorro 2;afiliados;711.33;237.11;1;0
ORD-2023-00228;2023-01-12;2023-01-12;segunda clase;completado;575;P0052;1;0.20;395.32;15.40;mesas nova 2;muebles;mesas;lumen;494.15;377.70;campaña ahorro 2;afiliados;316.26;395.32;1;0
ORD-2023-00228;2023-01-12;2023-01-12;segunda clase;completado;576;P0009;2;0.05;1639.28;706.67;accesorios flex 9;tecnología;accesorios;patagonia;862.78;458.27;campaña ahorro 2;afiliados;1557.32;819.64;1;0
ORD-2023-00229;2024-09-05;2024-09-10;estándar;enviado;577;P0074;4;0.00;1650.04;607.04;almacenamiento smart 4;muebles;almacenamiento;lumen;412.51;260.75;campaña outlet 8;búsqueda;1650.04;412.51;9;5
ORD-2023-00229;2024-09-05;2024-09-10;estándar;enviado;578;P0109;1;0.00;763.79;204.47;etiquetas smart 9;oficina;etiquetas;patagonia;763.79;559.32;campaña outlet 8;búsqueda;763.79;763.79;9;5
ORD-2023-00230;2024-07-11;2024-07-12;estándar;completado;579;P0085;8;0.00;5952.08;1624.16;papelería smart 5;oficina;papelería;alerce;744.01;540.99;campaña cliente vip 1;email;5952.08;744.01;7;1
ORD-2023-00230;2024-07-11;2024-07-12;estándar;completado;580;P0067;6;0.05;984.79;326.71;libreros pro 7;muebles;libreros;nova;172.77;109.03;campaña cliente vip 1;email;935.55;164.13;7;1
ORD-2023-00230;2024-07-11;2024-07-12;estándar;completado;581;P0031;1;0.05;220.95;109.58;periféricos smart 1;tecnología;periféricos;andes;232.58;113.04;campaña cliente vip 1;email;209.90;220.95;7;1
ORD-2023-00231;2024-09-08;2024-09-12;mismo día;completado;582;P0034;7;0.00;2937.76;1007.37;periféricos flex 4;tecnología;periféricos;orion;419.68;275.77;campaña ahorro 6;afiliados;2937.76;419.68;9;4
ORD-2023-00231;2024-09-08;2024-09-12;mismo día;completado;583;P0033;7;0.00;6183.45;1336.09;periféricos nova 3;tecnología;periféricos;altura;883.35;692.48;campaña ahorro 6;afiliados;6183.45;883.35;9;4
ORD-2023-00231;2024-09-08;2024-09-12;mismo día;completado;584;P0081;5;0.05;3897.18;1340.54;papelería smart 1;oficina;papelería;altura;820.46;507.81;campaña ahorro 6;afiliados;3702.32;779.44;9;4
ORD-2023-00232;2025-04-21;2025-04-22;segunda clase;completado;585;P0016;2;0.20;1246.88;535.60;teléfonos pro 6;tecnología;teléfonos;orion;779.30;382.70;campaña ahorro 7;afiliados;997.50;623.44;4;1
ORD-2023-00232;2025-04-21;2025-04-22;segunda clase;completado;586;P0047;6;0.10;3768.28;702.89;sillas plus 7;muebles;sillas;andes;697.83;520.77;campaña ahorro 7;afiliados;3391.45;628.05;4;1
ORD-2023-00232;2025-04-21;2025-04-22;segunda clase;completado;587;P0036;1;0.00;877.20;456.39;periféricos nova 6;tecnología;periféricos;patagonia;877.20;420.81;campaña ahorro 7;afiliados;877.20;877.20;4;1
ORD-2023-00233;2023-04-18;2023-04-24;primera clase;completado;588;P0013;6;0.10;1543.64;497.55;teléfonos nova 3;tecnología;teléfonos;lumen;285.86;173.76;sin dato;sin dato;1389.28;257.27;4;6
ORD-2023-00233;2023-04-18;2023-04-24;primera clase;completado;589;P0115;1;0.00;131.87;45.64;sobres pro 5;oficina;sobres;alerce;131.87;86.23;sin dato;sin dato;131.87;131.87;4;6
ORD-2023-00233;2023-04-18;2023-04-24;primera clase;completado;590;P0024;6;0.20;3875.28;1467.03;computadores nova 4;tecnología;computadores;vector;807.35;402.87;sin dato;sin dato;3100.22;645.88;4;6
ORD-2023-00233;2023-04-18;2023-04-24;primera clase;completado;591;P0034;1;0.00;419.68;143.91;periféricos flex 4;tecnología;periféricos;orion;419.68;275.77;sin dato;sin dato;419.68;419.68;4;6
ORD-2023-00234;2024-08-04;2024-08-09;segunda clase;completado;592;P0091;8;0.00;4122.32;1304.72;archivadores flex 1;oficina;archivadores;alerce;515.29;352.20;campaña ahorro 6;afiliados;4122.32;515.29;8;5
ORD-2023-00234;2024-08-04;2024-08-09;segunda clase;completado;593;P0103;8;0.10;3877.92;1167.52;etiquetas nova 3;oficina;etiquetas;alerce;538.60;343.63;campaña ahorro 6;afiliados;3490.13;484.74;8;5
ORD-2023-00234;2024-08-04;2024-08-09;segunda clase;completado;594;P0067;4;0.10;621.97;182.10;libreros pro 7;muebles;libreros;nova;172.77;109.03;campaña ahorro 6;afiliados;559.77;155.49;8;5
ORD-2023-00234;2024-08-04;2024-08-09;segunda clase;completado;595;P0040;7;0.15;4414.96;1293.31;periféricos eco 10;tecnología;periféricos;andes;742.01;430.58;campaña ahorro 6;afiliados;3752.72;630.71;8;5
ORD-2023-00235;2025-01-17;2025-01-18;estándar;completado;596;P0071;8;0.00;7108.16;1688.24;almacenamiento flex 1;muebles;almacenamiento;patagonia;888.52;677.49;sin dato;sin dato;7108.16;888.52;1;1
ORD-2023-00235;2025-01-17;2025-01-18;estándar;completado;597;P0087;3;0.30;1554.78;-21.35;papelería flex 7;oficina;papelería;andes;740.37;525.57;sin dato;sin dato;1088.35;518.26;1;1
ORD-2023-00235;2025-01-17;2025-01-18;estándar;completado;598;P0052;1;0.05;469.44;87.68;mesas nova 2;muebles;mesas;lumen;494.15;377.70;sin dato;sin dato;445.97;469.44;1;1
ORD-2023-00236;2024-12-20;2024-12-24;estándar;completado;599;P0022;4;0.00;1724.88;868.56;computadores pro 2;tecnología;computadores;altura;431.22;214.08;sin dato;sin dato;1724.88;431.22;12;4
ORD-2023-00236;2024-12-20;2024-12-24;estándar;completado;600;P0066;6;0.00;2159.10;1110.18;libreros smart 6;muebles;libreros;lumen;359.85;174.82;sin dato;sin dato;2159.10;359.85;12;4
ORD-2023-00236;2024-12-20;2024-12-24;estándar;completado;601;P0048;2;0.15;1063.23;62.62;sillas plus 8;muebles;sillas;orion;625.43;484.77;sin dato;sin dato;903.75;531.62;12;4
ORD-2023-00236;2024-12-20;2024-12-24;estándar;completado;602;P0107;2;0.10;139.41;55.73;etiquetas pro 7;oficina;etiquetas;orion;77.45;42.46;sin dato;sin dato;125.47;69.70;12;4
ORD-2023-00237;2023-08-07;2023-08-07;segunda clase;completado;603;P0120;8;0.30;3955.11;758.50;sobres plus 10;oficina;sobres;altura;706.27;437.08;sin dato;sin dato;2768.58;494.39;8;0
ORD-2023-00238;2023-12-03;2023-12-05;segunda clase;completado;604;P0002;2;0.20;16.10;4.27;accesorios smart 2;tecnología;accesorios;vector;10.06;5.92;campaña cliente vip 1;email;12.88;8.05;12;2
ORD-2023-00238;2023-12-03;2023-12-05;segunda clase;completado;605;P0068;3;0.20;1532.23;344.51;libreros pro 8;muebles;libreros;lumen;638.43;415.12;campaña cliente vip 1;email;1225.78;510.74;12;2
ORD-2023-00238;2023-12-03;2023-12-05;segunda clase;completado;606;P0001;3;0.10;1203.77;586.92;accesorios flex 1;tecnología;accesorios;alerce;445.84;210.50;campaña cliente vip 1;email;1083.39;401.26;12;2
ORD-2023-00239;2023-11-03;2023-11-05;primera clase;completado;607;P0085;8;0.00;5952.08;1624.16;papelería smart 5;oficina;papelería;alerce;744.01;540.99;campaña activa 3;afiliados;5952.08;744.01;11;2
ORD-2023-00239;2023-11-03;2023-11-05;primera clase;completado;608;P0001;6;0.05;2541.29;1299.12;accesorios flex 1;tecnología;accesorios;alerce;445.84;210.50;campaña activa 3;afiliados;2414.23;423.55;11;2
ORD-2023-00239;2023-11-03;2023-11-05;primera clase;completado;609;P0006;3;0.20;2086.27;536.32;accesorios nova 6;tecnología;accesorios;andes;869.28;522.14;campaña activa 3;afiliados;1669.02;695.42;11;2
ORD-2023-00239;2023-11-03;2023-11-05;primera clase;completado;610;P0116;1;0.00;774.19;289.14;sobres flex 6;oficina;sobres;patagonia;774.19;485.05;campaña activa 3;afiliados;774.19;774.19;11;2
ORD-2023-00240;2023-05-02;2023-05-05;segunda clase;completado;611;P0065;7;0.00;3001.53;1511.86;libreros pro 5;muebles;libreros;nova;428.79;212.81;sin dato;sin dato;3001.53;428.79;5;3
ORD-2023-00240;2023-05-02;2023-05-05;segunda clase;completado;612;P0102;1;0.00;428.69;155.74;etiquetas pro 2;oficina;etiquetas;vector;428.69;272.95;sin dato;sin dato;428.69;428.69;5;3
ORD-2023-00240;2023-05-02;2023-05-05;segunda clase;completado;613;P0099;4;0.00;42.28;22.28;archivadores eco 9;oficina;archivadores;orion;10.57;5.00;sin dato;sin dato;42.28;10.57;5;3
ORD-2023-00240;2023-05-02;2023-05-05;segunda clase;completado;614;P0055;1;0.20;463.29;125.06;mesas plus 5;muebles;mesas;vector;579.11;339.15;sin dato;sin dato;370.63;463.29;5;3
ORD-2023-00241;2023-03-26;2023-04-01;segunda clase;completado;615;P0099;2;0.10;19.03;8.61;archivadores eco 9;oficina;archivadores;orion;10.57;5.00;campaña activa 3;afiliados;17.13;9.52;3;6
ORD-2023-00241;2023-03-26;2023-04-01;segunda clase;completado;616;P0086;7;0.05;4296.76;1688.69;papelería flex 6;oficina;papelería;andes;646.13;372.92;campaña activa 3;afiliados;4081.92;613.82;3;6
ORD-2023-00241;2023-03-26;2023-04-01;segunda clase;completado;617;P0090;3;0.05;2164.26;679.86;papelería plus 10;oficina;papelería;orion;759.39;487.32;campaña activa 3;afiliados;2056.05;721.42;3;6
ORD-2023-00242;2023-05-04;2023-05-05;segunda clase;devuelto;618;P0079;4;0.00;195.48;51.88;almacenamiento nova 9;muebles;almacenamiento;alerce;48.87;35.90;campaña cliente vip 5;display;195.48;48.87;5;1
ORD-2023-00243;2024-06-21;2024-06-23;segunda clase;devuelto;619;P0062;1;0.20;372.54;131.71;libreros plus 2;muebles;libreros;vector;465.68;235.47;sin dato;sin dato;298.03;372.54;6;2
ORD-2023-00243;2024-06-21;2024-06-23;segunda clase;devuelto;620;P0015;5;0.15;2968.62;436.61;teléfonos plus 5;tecnología;teléfonos;nova;698.50;515.60;sin dato;sin dato;2523.33;593.72;6;2
ORD-2023-00243;2024-06-21;2024-06-23;segunda clase;devuelto;621;P0092;7;0.05;4098.53;1951.56;archivadores nova 2;oficina;archivadores;alerce;616.32;308.93;sin dato;sin dato;3893.60;585.50;6;2
ORD-2023-00243;2024-06-21;2024-06-23;segunda clase;devuelto;622;P0024;1;0.00;807.35;404.48;computadores nova 4;tecnología;computadores;vector;807.35;402.87;sin dato;sin dato;807.35;807.35;6;2
ORD-2023-00244;2023-10-20;2023-10-23;primera clase;completado;623;P0043;5;0.00;3523.00;1494.85;sillas smart 3;muebles;sillas;altura;704.60;405.63;campaña ahorro 2;afiliados;3523.00;704.60;10;3
ORD-2023-00244;2023-10-20;2023-10-23;primera clase;completado;624;P0088;3;0.15;1774.39;523.31;papelería eco 8;oficina;papelería;patagonia;695.84;422.85;campaña ahorro 2;afiliados;1508.23;591.46;10;3
ORD-2023-00244;2023-10-20;2023-10-23;primera clase;completado;625;P0096;6;0.05;4026.99;1635.14;archivadores pro 6;oficina;archivadores;patagonia;706.49;396.52;campaña ahorro 2;afiliados;3825.64;671.16;10;3
ORD-2023-00245;2024-01-29;2024-01-29;estándar;completado;626;P0025;8;0.00;6109.68;1952.40;computadores plus 5;tecnología;computadores;orion;763.71;519.66;sin dato;sin dato;6109.68;763.71;1;0
ORD-2023-00245;2024-01-29;2024-01-29;estándar;completado;627;P0039;8;0.05;1802.04;289.48;periféricos nova 9;tecnología;periféricos;vector;237.11;188.91;sin dato;sin dato;1711.94;225.26;1;0
ORD-2023-00246;2023-05-11;2023-05-12;primera clase;enviado;628;P0081;2;0.20;1312.74;353.86;papelería smart 1;oficina;papelería;altura;820.46;507.81;campaña cliente vip 5;display;1050.19;656.37;5;1
ORD-2023-00246;2023-05-11;2023-05-12;primera clase;enviado;629;P0068;1;0.00;638.43;223.31;libreros pro 8;muebles;libreros;lumen;638.43;415.12;campaña cliente vip 5;display;638.43;638.43;5;1
ORD-2023-00246;2023-05-11;2023-05-12;primera clase;enviado;630;P0038;1;0.00;408.92;158.59;periféricos nova 8;tecnología;periféricos;andes;408.92;250.33;campaña cliente vip 5;display;408.92;408.92;5;1
ORD-2023-00246;2023-05-11;2023-05-12;primera clase;enviado;631;P0095;7;0.30;2583.52;511.49;archivadores plus 5;oficina;archivadores;altura;527.25;284.32;campaña cliente vip 5;display;1808.46;369.07;5;1
ORD-2023-00247;2024-03-24;2024-03-30;mismo día;completado;632;P0027;3;0.00;119.04;62.94;computadores flex 7;tecnología;computadores;alerce;39.68;18.70;sin dato;sin dato;119.04;39.68;3;6
ORD-2023-00247;2024-03-24;2024-03-30;mismo día;completado;633;P0076;1;0.30;80.32;18.49;almacenamiento eco 6;muebles;almacenamiento;patagonia;114.74;61.78;sin dato;sin dato;56.22;80.32;3;6
ORD-2023-00247;2024-03-24;2024-03-30;mismo día;completado;634;P0039;4;0.10;853.60;90.06;periféricos nova 9;tecnología;periféricos;vector;237.11;188.91;sin dato;sin dato;768.24;213.40;3;6
ORD-2023-00248;2023-08-18;2023-08-18;segunda clase;completado;635;P0035;1;0.05;726.47;180.23;periféricos nova 5;tecnología;periféricos;orion;764.71;538.76;sin dato;sin dato;690.15;726.47;8;0
ORD-2023-00248;2023-08-18;2023-08-18;segunda clase;completado;636;P0069;2;0.00;1335.72;395.62;libreros smart 9;muebles;libreros;patagonia;667.86;470.05;sin dato;sin dato;1335.72;667.86;8;0
ORD-2023-00249;2023-03-27;2023-04-01;segunda clase;completado;637;P0042;1;0.00;556.81;180.10;sillas flex 2;muebles;sillas;vector;556.81;376.71;sin dato;sin dato;556.81;556.81;3;5
ORD-2023-00249;2023-03-27;2023-04-01;segunda clase;completado;638;P0094;5;0.00;900.20;266.70;archivadores pro 4;oficina;archivadores;alerce;180.04;126.70;sin dato;sin dato;900.20;180.04;3;5
ORD-2023-00249;2023-03-27;2023-04-01;segunda clase;completado;639;P0069;2;0.20;1068.58;80.85;libreros smart 9;muebles;libreros;patagonia;667.86;470.05;sin dato;sin dato;854.86;534.29;3;5
ORD-2023-00250;2023-07-31;2023-08-06;mismo día;completado;640;P0030;7;0.15;4136.44;1999.26;computadores flex 10;tecnología;computadores;alerce;695.20;319.98;campaña ahorro 6;afiliados;3515.97;590.92;7;6
ORD-2023-00250;2023-07-31;2023-08-06;mismo día;completado;641;P0012;8;0.00;2707.84;1355.36;teléfonos flex 2;tecnología;teléfonos;vector;338.48;169.06;campaña ahorro 6;afiliados;2707.84;338.48;7;6
ORD-2023-00250;2023-07-31;2023-08-06;mismo día;completado;642;P0025;8;0.00;6109.68;1952.40;computadores plus 5;tecnología;computadores;orion;763.71;519.66;campaña ahorro 6;afiliados;6109.68;763.71;7;6
ORD-2023-00250;2023-07-31;2023-08-06;mismo día;completado;643;P0040;3;0.00;2226.03;934.29;periféricos eco 10;tecnología;periféricos;andes;742.01;430.58;campaña ahorro 6;afiliados;2226.03;742.01;7;6
ORD-2023-00251;2023-05-27;2023-05-27;mismo día;cancelado;644;P0094;1;0.00;180.04;53.34;archivadores pro 4;oficina;archivadores;alerce;180.04;126.70;sin dato;sin dato;180.04;180.04;5;0
ORD-2023-00251;2023-05-27;2023-05-27;mismo día;cancelado;645;P0015;1;0.00;698.50;182.90;teléfonos plus 5;tecnología;teléfonos;nova;698.50;515.60;sin dato;sin dato;698.50;698.50;5;0
ORD-2023-00252;2023-05-27;2023-06-01;estándar;enviado;646;P0070;6;0.00;4600.14;1772.52;libreros eco 10;muebles;libreros;andes;766.69;471.27;sin dato;sin dato;4600.14;766.69;5;5
ORD-2023-00253;2024-03-30;2024-04-05;segunda clase;completado;647;P0081;2;0.00;1640.92;625.30;papelería smart 1;oficina;papelería;altura;820.46;507.81;campaña ahorro 6;afiliados;1640.92;820.46;3;6
ORD-2023-00253;2024-03-30;2024-04-05;segunda clase;completado;648;P0070;5;0.00;3833.45;1477.10;libreros eco 10;muebles;libreros;andes;766.69;471.27;campaña ahorro 6;afiliados;3833.45;766.69;3;6
ORD-2023-00253;2024-03-30;2024-04-05;segunda clase;completado;649;P0019;1;0.05;499.16;107.92;teléfonos eco 9;tecnología;teléfonos;andes;525.43;396.24;campaña ahorro 6;afiliados;474.20;499.16;3;6
ORD-2023-00254;2023-05-31;2023-06-02;mismo día;completado;650;P0063;3;0.00;748.44;195.93;libreros smart 3;muebles;libreros;vector;249.48;184.17;sin dato;sin dato;748.44;249.48;5;2
ORD-2023-00255;2023-03-20;2023-03-24;estándar;cancelado;651;P0023;7;0.15;4720.55;1921.73;computadores pro 3;tecnología;computadores;patagonia;793.37;395.09;sin dato;sin dato;4012.47;674.36;3;4
ORD-2023-00255;2023-03-20;2023-03-24;estándar;cancelado;652;P0020;5;0.10;2224.76;1014.40;teléfonos flex 10;tecnología;teléfonos;lumen;494.39;245.07;sin dato;sin dato;2002.28;444.95;3;4
ORD-2023-00256;2024-05-26;2024-05-31;estándar;enviado;653;P0111;3;0.00;1544.58;645.90;sobres flex 1;oficina;sobres;lumen;514.86;299.56;campaña cliente vip 5;display;1544.58;514.86;5;5
ORD-2023-00257;2025-01-08;2025-01-14;estándar;completado;654;P0094;5;0.00;900.20;266.70;archivadores pro 4;oficina;archivadores;alerce;180.04;126.70;sin dato;sin dato;900.20;180.04;1;6
ORD-2023-00257;2025-01-08;2025-01-14;estándar;completado;655;P0024;7;0.15;4803.73;2044.91;computadores nova 4;tecnología;computadores;vector;807.35;402.87;sin dato;sin dato;4083.17;686.25;1;6
ORD-2023-00257;2025-01-08;2025-01-14;estándar;completado;656;P0062;7;0.15;2770.80;1193.26;libreros plus 2;muebles;libreros;vector;465.68;235.47;sin dato;sin dato;2355.18;395.83;1;6
ORD-2023-00257;2025-01-08;2025-01-14;estándar;completado;657;P0050;7;0.30;1183.99;267.24;sillas nova 10;muebles;sillas;lumen;241.63;129.84;sin dato;sin dato;828.79;169.14;1;6
ORD-2023-00258;2024-07-03;2024-07-09;mismo día;completado;658;P0090;2;0.05;1442.84;472.40;papelería plus 10;oficina;papelería;orion;759.39;487.32;campaña ahorro 2;afiliados;1370.70;721.42;7;6
ORD-2023-00258;2024-07-03;2024-07-09;mismo día;completado;659;P0109;1;0.15;649.22;87.23;etiquetas smart 9;oficina;etiquetas;patagonia;763.79;559.32;campaña ahorro 2;afiliados;551.84;649.22;7;6
ORD-2023-00259;2023-03-03;2023-03-05;segunda clase;completado;660;P0032;4;0.05;2749.64;749.55;periféricos eco 2;tecnología;periféricos;vector;723.59;506.45;campaña activa 3;afiliados;2612.16;687.41;3;2
ORD-2023-00259;2023-03-03;2023-03-05;segunda clase;completado;661;P0016;3;0.20;1870.32;678.63;teléfonos pro 6;tecnología;teléfonos;orion;779.30;382.70;campaña activa 3;afiliados;1496.26;623.44;3;2
ORD-2023-00259;2023-03-03;2023-03-05;segunda clase;completado;662;P0048;1;0.00;625.43;140.66;sillas plus 8;muebles;sillas;orion;625.43;484.77;campaña activa 3;afiliados;625.43;625.43;3;2
ORD-2023-00259;2023-03-03;2023-03-05;segunda clase;completado;663;P0062;3;0.00;1397.04;690.63;libreros plus 2;muebles;libreros;vector;465.68;235.47;campaña activa 3;afiliados;1397.04;465.68;3;2
ORD-2023-00260;2023-09-08;2023-09-08;segunda clase;completado;664;P0096;5;0.30;2472.71;527.62;archivadores pro 6;oficina;archivadores;patagonia;706.49;396.52;campaña ahorro 7;afiliados;1730.90;494.54;9;0
ORD-2023-00260;2023-09-08;2023-09-08;segunda clase;completado;665;P0057;1;0.10;464.23;146.83;mesas smart 7;muebles;mesas;patagonia;515.81;325.42;campaña ahorro 7;afiliados;417.81;464.23;9;0
ORD-2023-00261;2024-09-10;2024-09-16;mismo día;completado;666;P0071;5;0.10;3998.34;573.69;almacenamiento flex 1;muebles;almacenamiento;patagonia;888.52;677.49;campaña activa 3;afiliados;3598.51;799.67;9;6
ORD-2023-00261;2024-09-10;2024-09-16;mismo día;completado;667;P0120;3;0.10;1906.93;555.59;sobres plus 10;oficina;sobres;altura;706.27;437.08;campaña activa 3;afiliados;1716.24;635.64;9;6
ORD-2023-00261;2024-09-10;2024-09-16;mismo día;completado;668;P0017;4;0.20;818.72;155.45;teléfonos plus 7;tecnología;teléfonos;alerce;255.85;163.38;campaña activa 3;afiliados;654.98;204.68;9;6
ORD-2023-00261;2024-09-10;2024-09-16;mismo día;completado;669;P0051;3;0.00;284.64;108.78;mesas smart 1;muebles;mesas;orion;94.88;58.62;campaña activa 3;afiliados;284.64;94.88;9;6
ORD-2023-00262;2023-11-17;2023-11-22;segunda clase;enviado;670;P0083;7;0.05;351.72;103.45;papelería pro 3;oficina;papelería;altura;52.89;35.71;sin dato;sin dato;334.13;50.25;11;5
ORD-2023-00262;2023-11-17;2023-11-22;segunda clase;enviado;671;P0010;6;0.15;3458.21;591.00;accesorios nova 10;tecnología;accesorios;andes;678.08;497.07;sin dato;sin dato;2939.48;576.37;11;5
ORD-2023-00262;2023-11-17;2023-11-22;segunda clase;enviado;672;P0021;2;0.00;1588.80;705.98;computadores plus 1;tecnología;computadores;andes;794.40;441.41;sin dato;sin dato;1588.80;794.40;11;5
ORD-2023-00263;2023-07-12;2023-07-16;estándar;completado;673;P0073;8;0.00;1398.08;437.76;almacenamiento eco 3;muebles;almacenamiento;orion;174.76;120.04;campaña cliente vip 1;email;1398.08;174.76;7;4
ORD-2023-00264;2023-01-09;2023-01-11;segunda clase;cancelado;674;P0093;6;0.00;3749.22;2000.40;archivadores flex 3;oficina;archivadores;vector;624.87;291.47;sin dato;sin dato;3749.22;624.87;1;2
ORD-2023-00264;2023-01-09;2023-01-11;segunda clase;cancelado;675;P0043;7;0.00;4932.20;2092.79;sillas smart 3;muebles;sillas;altura;704.60;405.63;sin dato;sin dato;4932.20;704.60;1;2
ORD-2023-00264;2023-01-09;2023-01-11;segunda clase;cancelado;676;P0004;7;0.30;137.79;-2.92;accesorios eco 4;tecnología;accesorios;orion;28.12;19.81;sin dato;sin dato;96.45;19.68;1;2
ORD-2023-00264;2023-01-09;2023-01-11;segunda clase;cancelado;677;P0038;3;0.00;1226.76;475.77;periféricos nova 8;tecnología;periféricos;andes;408.92;250.33;sin dato;sin dato;1226.76;408.92;1;2
ORD-2023-00265;2025-01-05;2025-01-06;segunda clase;enviado;678;P0065;6;0.30;1800.92;435.96;libreros pro 5;muebles;libreros;nova;428.79;212.81;sin dato;sin dato;1260.64;300.15;1;1
ORD-2023-00265;2025-01-05;2025-01-06;segunda clase;enviado;679;P0038;6;0.20;1962.82;551.12;periféricos nova 8;tecnología;periféricos;andes;408.92;250.33;sin dato;sin dato;1570.26;327.14;1;1
ORD-2023-00266;2023-08-02;2023-08-06;mismo día;cancelado;680;P0019;5;0.00;2627.15;645.95;teléfonos eco 9;tecnología;teléfonos;andes;525.43;396.24;sin dato;sin dato;2627.15;525.43;8;4
ORD-2023-00267;2023-06-23;2023-06-25;primera clase;completado;681;P0023;8;0.10;5712.26;2428.12;computadores pro 3;tecnología;computadores;patagonia;793.37;395.09;campaña cliente vip 5;display;5141.03;714.03;6;2
ORD-2023-00268;2024-10-27;2024-10-28;mismo día;devuelto;682;P0110;5;0.20;241.28;68.77;etiquetas nova 10;oficina;etiquetas;orion;60.32;34.94;sin dato;sin dato;193.02;48.26;10;1
ORD-2023-00268;2024-10-27;2024-10-28;mismo día;devuelto;683;P0057;6;0.15;2630.63;701.57;mesas smart 7;muebles;mesas;patagonia;515.81;325.42;sin dato;sin dato;2236.04;438.44;10;1
ORD-2023-00268;2024-10-27;2024-10-28;mismo día;devuelto;684;P0065;8;0.10;3087.29;1333.02;libreros pro 5;muebles;libreros;nova;428.79;212.81;sin dato;sin dato;2778.56;385.91;10;1
ORD-2023-00269;2025-01-28;2025-02-03;estándar;completado;685;P0021;7;0.00;5560.80;2470.93;computadores plus 1;tecnología;computadores;andes;794.40;441.41;campaña cliente vip 1;email;5560.80;794.40;1;6
ORD-2023-00269;2025-01-28;2025-02-03;estándar;completado;686;P0086;2;0.15;1098.42;355.23;papelería flex 6;oficina;papelería;andes;646.13;372.92;campaña cliente vip 1;email;933.66;549.21;1;6
ORD-2023-00269;2025-01-28;2025-02-03;estándar;completado;687;P0014;2;0.00;156.14;84.20;teléfonos pro 4;tecnología;teléfonos;alerce;78.07;35.97;campaña cliente vip 1;email;156.14;78.07;1;6
ORD-2023-00269;2025-01-28;2025-02-03;estándar;completado;688;P0099;7;0.05;70.29;35.44;archivadores eco 9;oficina;archivadores;orion;10.57;5.00;campaña cliente vip 1;email;66.78;10.04;1;6
ORD-2023-00270;2023-12-17;2023-12-21;mismo día;completado;689;P0059;1;0.00;138.08;48.56;mesas smart 9;muebles;mesas;andes;138.08;89.52;sin dato;sin dato;138.08;138.08;12;4
ORD-2023-00270;2023-12-17;2023-12-21;mismo día;completado;690;P0082;4;0.15;2008.92;925.49;papelería eco 2;oficina;papelería;orion;590.86;268.44;sin dato;sin dato;1707.58;502.23;12;4
ORD-2023-00270;2023-12-17;2023-12-21;mismo día;completado;691;P0008;6;0.20;1903.68;161.44;accesorios plus 8;tecnología;accesorios;andes;396.60;275.19;sin dato;sin dato;1522.94;317.28;12;4
ORD-2023-00271;2023-08-05;2023-08-11;segunda clase;completado;692;P0009;5;0.20;3451.12;1304.13;accesorios flex 9;tecnología;accesorios;patagonia;862.78;458.27;campaña ahorro 7;afiliados;2760.90;690.22;8;6
ORD-2023-00271;2023-08-05;2023-08-11;segunda clase;completado;693;P0112;7;0.05;3016.77;1422.53;sobres pro 2;oficina;sobres;orion;453.65;226.21;campaña ahorro 7;afiliados;2865.93;430.97;8;6
ORD-2023-00272;2025-04-30;2025-04-30;primera clase;completado;694;P0045;7;0.30;2621.01;-109.46;sillas eco 5;muebles;sillas;lumen;534.90;391.64;campaña ahorro 7;afiliados;1834.71;374.43;4;0
ORD-2023-00272;2025-04-30;2025-04-30;primera clase;completado;695;P0090;7;0.15;4518.37;975.53;papelería plus 10;oficina;papelería;orion;759.39;487.32;campaña ahorro 7;afiliados;3840.61;645.48;4;0
ORD-2023-00273;2024-07-28;2024-08-03;segunda clase;completado;696;P0002;3;0.30;21.13;1.79;accesorios smart 2;tecnología;accesorios;vector;10.06;5.92;sin dato;sin dato;14.79;7.04;7;6
ORD-2023-00273;2024-07-28;2024-08-03;segunda clase;completado;697;P0111;6;0.00;3089.16;1291.80;sobres flex 1;oficina;sobres;lumen;514.86;299.56;sin dato;sin dato;3089.16;514.86;7;6
ORD-2023-00273;2024-07-28;2024-08-03;segunda clase;completado;698;P0034;1;0.30;293.78;-4.32;periféricos flex 4;tecnología;periféricos;orion;419.68;275.77;sin dato;sin dato;205.65;293.78;7;6
ORD-2023-00274;2024-10-16;2024-10-20;segunda clase;enviado;699;P0077;7;0.05;728.11;354.96;almacenamiento nova 7;muebles;almacenamiento;altura;109.49;53.64;campaña activa 4;afiliados;691.70;104.02;10;4
ORD-2023-00274;2024-10-16;2024-10-20;segunda clase;enviado;700;P0087;1;0.15;629.31;89.81;papelería flex 7;oficina;papelería;andes;740.37;525.57;campaña activa 4;afiliados;534.91;629.31;10;4
ORD-2023-00275;2023-11-11;2023-11-15;mismo día;completado;701;P0053;7;0.15;2205.72;557.76;mesas eco 3;muebles;mesas;alerce;370.71;238.71;sin dato;sin dato;1874.86;315.10;11;4
ORD-2023-00275;2023-11-11;2023-11-15;mismo día;completado;702;P0067;6;0.00;1036.62;382.44;libreros pro 7;muebles;libreros;nova;172.77;109.03;sin dato;sin dato;1036.62;172.77;11;4
ORD-2023-00275;2023-11-11;2023-11-15;mismo día;completado;703;P0055;6;0.00;3474.66;1439.76;mesas plus 5;muebles;mesas;vector;579.11;339.15;sin dato;sin dato;3474.66;579.11;11;4
ORD-2023-00275;2023-11-11;2023-11-15;mismo día;completado;704;P0070;7;0.20;4293.46;1086.87;libreros eco 10;muebles;libreros;andes;766.69;471.27;sin dato;sin dato;3434.77;613.35;11;4
ORD-2023-00276;2024-12-19;2024-12-23;estándar;cancelado;705;P0012;1;0.20;270.78;112.46;teléfonos flex 2;tecnología;teléfonos;vector;338.48;169.06;sin dato;sin dato;216.62;270.78;12;4
ORD-2023-00277;2024-05-30;2024-06-03;mismo día;completado;706;P0100;8;0.20;336.77;43.27;archivadores smart 10;oficina;archivadores;andes;52.62;38.31;sin dato;sin dato;269.42;42.10;5;4
ORD-2023-00277;2024-05-30;2024-06-03;mismo día;completado;707;P0016;6;0.30;3273.06;1025.71;teléfonos pro 6;tecnología;teléfonos;orion;779.30;382.70;sin dato;sin dato;2291.14;545.51;5;4
ORD-2023-00278;2024-01-19;2024-01-25;primera clase;completado;708;P0087;4;0.00;2961.48;859.20;papelería flex 7;oficina;papelería;andes;740.37;525.57;campaña cliente vip 5;display;2961.48;740.37;1;6
ORD-2023-00278;2024-01-19;2024-01-25;primera clase;completado;709;P0005;1;0.00;891.67;340.86;accesorios flex 5;tecnología;accesorios;vector;891.67;550.81;campaña cliente vip 5;display;891.67;891.67;1;6
ORD-2023-00278;2024-01-19;2024-01-25;primera clase;completado;710;P0108;6;0.15;2503.84;206.86;etiquetas flex 8;oficina;etiquetas;patagonia;490.95;392.54;campaña cliente vip 5;display;2128.26;417.31;1;6
ORD-2023-00278;2024-01-19;2024-01-25;primera clase;completado;711;P0031;7;0.05;1546.66;751.59;periféricos smart 1;tecnología;periféricos;andes;232.58;113.04;campaña cliente vip 5;display;1469.33;220.95;1;6
ORD-2023-00279;2025-03-31;2025-04-04;segunda clase;devuelto;712;P0067;3;0.20;414.65;98.71;libreros pro 7;muebles;libreros;nova;172.77;109.03;campaña ahorro 7;afiliados;331.72;138.22;3;4
ORD-2023-00279;2025-03-31;2025-04-04;segunda clase;devuelto;713;P0065;2;0.20;686.06;236.91;libreros pro 5;muebles;libreros;nova;428.79;212.81;campaña ahorro 7;afiliados;548.85;343.03;3;4
ORD-2023-00279;2025-03-31;2025-04-04;segunda clase;devuelto;714;P0108;3;0.15;1251.92;100.48;etiquetas flex 8;oficina;etiquetas;patagonia;490.95;392.54;campaña ahorro 7;afiliados;1064.13;417.31;3;4
ORD-2023-00280;2024-03-23;2024-03-23;estándar;completado;715;P0074;7;0.00;2887.57;1062.32;almacenamiento smart 4;muebles;almacenamiento;lumen;412.51;260.75;sin dato;sin dato;2887.57;412.51;3;0
ORD-2023-00281;2024-10-11;2024-10-16;segunda clase;completado;716;P0069;4;0.20;2137.15;199.17;libreros smart 9;muebles;libreros;patagonia;667.86;470.05;sin dato;sin dato;1709.72;534.29;10;5
ORD-2023-00281;2024-10-11;2024-10-16;segunda clase;completado;717;P0036;2;0.00;1754.40;912.78;periféricos nova 6;tecnología;periféricos;patagonia;877.20;420.81;sin dato;sin dato;1754.40;877.20;10;5
ORD-2023-00282;2024-04-15;2024-04-19;segunda clase;completado;718;P0064;6;0.05;857.91;170.78;libreros eco 4;muebles;libreros;andes;150.51;114.85;campaña activa 3;afiliados;815.01;142.98;4;4
ORD-2023-00283;2024-02-28;2024-02-28;segunda clase;completado;719;P0049;6;0.30;1214.30;-121.63;sillas smart 9;muebles;sillas;orion;289.12;211.95;sin dato;sin dato;850.01;202.38;2;0
ORD-2023-00283;2024-02-28;2024-02-28;segunda clase;completado;720;P0039;1;0.00;237.11;48.20;periféricos nova 9;tecnología;periféricos;vector;237.11;188.91;sin dato;sin dato;237.11;237.11;2;0
ORD-2023-00283;2024-02-28;2024-02-28;segunda clase;completado;721;P0016;6;0.15;3974.43;1682.74;teléfonos pro 6;tecnología;teléfonos;orion;779.30;382.70;sin dato;sin dato;3378.27;662.40;2;0
ORD-2023-00283;2024-02-28;2024-02-28;segunda clase;completado;722;P0021;5;0.00;3972.00;1764.95;computadores plus 1;tecnología;computadores;andes;794.40;441.41;sin dato;sin dato;3972.00;794.40;2;0
ORD-2023-00284;2023-01-24;2023-01-28;primera clase;completado;723;P0004;6;0.00;168.72;49.86;accesorios eco 4;tecnología;accesorios;orion;28.12;19.81;sin dato;sin dato;168.72;28.12;1;4
ORD-2023-00284;2023-01-24;2023-01-28;primera clase;completado;724;P0035;5;0.30;2676.49;120.68;periféricos nova 5;tecnología;periféricos;orion;764.71;538.76;sin dato;sin dato;1873.54;535.30;1;4
ORD-2023-00285;2024-12-26;2024-12-30;mismo día;completado;725;P0119;4;0.10;2232.86;874.56;sobres plus 9;oficina;sobres;andes;620.24;347.69;sin dato;sin dato;2009.57;558.22;12;4
ORD-2023-00285;2024-12-26;2024-12-30;mismo día;completado;726;P0051;2;0.10;170.78;56.08;mesas smart 1;muebles;mesas;orion;94.88;58.62;sin dato;sin dato;153.70;85.39;12;4
ORD-2023-00285;2024-12-26;2024-12-30;mismo día;completado;727;P0093;8;0.20;3999.17;1514.30;archivadores flex 3;oficina;archivadores;vector;624.87;291.47;sin dato;sin dato;3199.34;499.90;12;4
ORD-2023-00285;2024-12-26;2024-12-30;mismo día;completado;728;P0077;5;0.15;465.33;193.10;almacenamiento nova 7;muebles;almacenamiento;altura;109.49;53.64;sin dato;sin dato;395.53;93.07;12;4
ORD-2023-00286;2023-07-24;2023-07-28;estándar;completado;729;P0076;7;0.10;722.86;287.06;almacenamiento eco 6;muebles;almacenamiento;patagonia;114.74;61.78;campaña ahorro 2;afiliados;650.57;103.27;7;4
ORD-2023-00286;2023-07-24;2023-07-28;estándar;completado;730;P0051;1;0.00;94.88;36.26;mesas smart 1;muebles;mesas;orion;94.88;58.62;campaña ahorro 2;afiliados;94.88;94.88;7;4
ORD-2023-00286;2023-07-24;2023-07-28;estándar;completado;731;P0055;3;0.15;1476.73;485.83;mesas plus 5;muebles;mesas;vector;579.11;339.15;campaña ahorro 2;afiliados;1255.22;492.24;7;4
ORD-2023-00287;2024-01-16;2024-01-17;primera clase;completado;732;P0092;6;0.05;3513.02;1662.00;archivadores nova 2;oficina;archivadores;alerce;616.32;308.93;sin dato;sin dato;3337.37;585.50;1;1
ORD-2023-00288;2024-07-29;2024-07-29;estándar;completado;733;P0092;2;0.20;986.11;350.29;archivadores nova 2;oficina;archivadores;alerce;616.32;308.93;campaña activa 4;afiliados;788.89;493.06;7;0
ORD-2023-00288;2024-07-29;2024-07-29;estándar;completado;734;P0041;6;0.05;880.76;282.96;sillas eco 1;muebles;sillas;vector;154.52;100.57;campaña activa 4;afiliados;836.72;146.79;7;0
ORD-2023-00288;2024-07-29;2024-07-29;estándar;completado;735;P0064;1;0.10;135.46;21.08;libreros eco 4;muebles;libreros;andes;150.51;114.85;campaña activa 4;afiliados;121.91;135.46;7;0
ORD-2023-00289;2023-06-25;2023-06-29;estándar;completado;736;P0083;1;0.30;37.02;2.68;papelería pro 3;oficina;papelería;altura;52.89;35.71;campaña ahorro 7;afiliados;25.91;37.02;6;4
ORD-2023-00290;2024-06-30;2024-07-04;estándar;completado;737;P0093;5;0.10;2811.91;1377.41;archivadores flex 3;oficina;archivadores;vector;624.87;291.47;campaña cliente vip 1;email;2530.72;562.38;6;4
ORD-2023-00290;2024-06-30;2024-07-04;estándar;completado;738;P0052;2;0.15;840.05;85.02;mesas nova 2;muebles;mesas;lumen;494.15;377.70;campaña cliente vip 1;email;714.04;420.02;6;4
ORD-2023-00290;2024-06-30;2024-07-04;estándar;completado;739;P0051;5;0.30;332.08;39.36;mesas smart 1;muebles;mesas;orion;94.88;58.62;campaña cliente vip 1;email;232.46;66.42;6;4
ORD-2023-00290;2024-06-30;2024-07-04;estándar;completado;740;P0108;6;0.00;2945.70;590.46;etiquetas flex 8;oficina;etiquetas;patagonia;490.95;392.54;campaña cliente vip 1;email;2945.70;490.95;6;4
ORD-2023-00291;2023-05-23;2023-05-23;mismo día;enviado;741;P0012;4;0.15;1150.83;448.91;teléfonos flex 2;tecnología;teléfonos;vector;338.48;169.06;sin dato;sin dato;978.21;287.71;5;0
ORD-2023-00291;2023-05-23;2023-05-23;mismo día;enviado;742;P0120;1;0.10;635.64;187.73;sobres plus 10;oficina;sobres;altura;706.27;437.08;sin dato;sin dato;572.08;635.64;5;0
ORD-2023-00292;2023-02-19;2023-02-21;mismo día;completado;743;P0119;3;0.30;1302.50;344.30;sobres plus 9;oficina;sobres;andes;620.24;347.69;campaña ahorro 6;afiliados;911.75;434.17;2;2
ORD-2023-00292;2023-02-19;2023-02-21;mismo día;completado;744;P0111;3;0.20;1235.66;320.07;sobres flex 1;oficina;sobres;lumen;514.86;299.56;campaña ahorro 6;afiliados;988.53;411.89;2;2
ORD-2023-00293;2024-06-24;2024-06-25;primera clase;completado;745;P0029;2;0.10;506.02;101.07;computadores eco 9;tecnología;computadores;patagonia;281.12;199.48;sin dato;sin dato;455.42;253.01;6;1
ORD-2023-00293;2024-06-24;2024-06-25;primera clase;completado;746;P0046;4;0.05;322.51;140.78;sillas pro 6;muebles;sillas;nova;84.87;45.10;sin dato;sin dato;306.38;80.63;6;1
ORD-2023-00293;2024-06-24;2024-06-25;primera clase;completado;747;P0064;1;0.05;142.98;29.60;libreros eco 4;muebles;libreros;andes;150.51;114.85;sin dato;sin dato;135.83;142.98;6;1
ORD-2023-00293;2024-06-24;2024-06-25;primera clase;completado;748;P0060;7;0.05;1052.63;397.98;mesas smart 10;muebles;mesas;vector;158.29;93.56;sin dato;sin dato;1000.00;150.38;6;1
ORD-2023-00294;2025-04-13;2025-04-17;primera clase;completado;749;P0091;8;0.00;4122.32;1304.72;archivadores flex 1;oficina;archivadores;alerce;515.29;352.20;sin dato;sin dato;4122.32;515.29;4;4
ORD-2023-00294;2025-04-13;2025-04-17;primera clase;completado;750;P0118;3;0.05;661.34;155.68;sobres nova 8;oficina;sobres;alerce;232.05;166.62;sin dato;sin dato;628.27;220.45;4;4
ORD-2023-00294;2025-04-13;2025-04-17;primera clase;completado;751;P0058;4;0.20;752.22;52.82;mesas nova 8;muebles;mesas;andes;235.07;180.72;sin dato;sin dato;601.78;188.06;4;4
ORD-2023-00295;2023-06-18;2023-06-23;estándar;completado;752;P0031;1;0.30;162.81;58.50;periféricos smart 1;tecnología;periféricos;andes;232.58;113.04;campaña ahorro 2;afiliados;113.97;162.81;6;5
ORD-2023-00296;2024-11-08;2024-11-12;estándar;completado;753;P0028;3;0.20;1109.11;386.41;computadores pro 8;tecnología;computadores;lumen;462.13;240.82;sin dato;sin dato;887.29;369.70;11;4
ORD-2023-00296;2024-11-08;2024-11-12;estándar;completado;754;P0007;8;0.10;2254.25;1118.65;accesorios nova 7;tecnología;accesorios;alerce;313.09;143.58;sin dato;sin dato;2028.83;281.78;11;4
ORD-2023-00296;2024-11-08;2024-11-12;estándar;completado;755;P0084;7;0.20;4122.27;1787.52;papelería flex 4;oficina;papelería;altura;736.12;351.56;sin dato;sin dato;3297.82;588.90;11;4
ORD-2023-00296;2024-11-08;2024-11-12;estándar;completado;756;P0052;3;0.10;1334.20;199.35;mesas nova 2;muebles;mesas;lumen;494.15;377.70;sin dato;sin dato;1200.78;444.73;11;4
ORD-2023-00297;2024-03-19;2024-03-19;estándar;completado;757;P0007;1;0.10;281.78;141.47;accesorios nova 7;tecnología;accesorios;alerce;313.09;143.58;sin dato;sin dato;253.60;281.78;3;0
ORD-2023-00298;2023-08-20;2023-08-24;mismo día;completado;758;P0094;5;0.30;630.14;28.43;archivadores pro 4;oficina;archivadores;alerce;180.04;126.70;sin dato;sin dato;441.10;126.03;8;4
ORD-2023-00298;2023-08-20;2023-08-24;mismo día;completado;759;P0045;5;0.10;2407.05;423.83;sillas eco 5;muebles;sillas;lumen;534.90;391.64;sin dato;sin dato;2166.35;481.41;8;4
ORD-2023-00299;2024-05-30;2024-06-04;segunda clase;completado;760;P0088;2;0.00;1391.68;545.98;papelería eco 8;oficina;papelería;patagonia;695.84;422.85;sin dato;sin dato;1391.68;695.84;5;5
ORD-2023-00299;2024-05-30;2024-06-04;segunda clase;completado;761;P0019;1;0.30;367.80;-23.89;teléfonos eco 9;tecnología;teléfonos;andes;525.43;396.24;sin dato;sin dato;257.46;367.80;5;5
ORD-2023-00299;2024-05-30;2024-06-04;segunda clase;completado;762;P0023;5;0.00;3966.85;1991.40;computadores pro 3;tecnología;computadores;patagonia;793.37;395.09;sin dato;sin dato;3966.85;793.37;5;5
ORD-2023-00300;2024-04-30;2024-05-04;estándar;completado;763;P0073;5;0.05;830.11;229.47;almacenamiento eco 3;muebles;almacenamiento;orion;174.76;120.04;campaña activa 4;afiliados;788.60;166.02;4;4
ORD-2023-00301;2025-03-04;2025-03-04;primera clase;completado;764;P0085;8;0.10;5356.87;1061.26;papelería smart 5;oficina;papelería;alerce;744.01;540.99;campaña ahorro 6;afiliados;4821.18;669.61;3;0
ORD-2023-00301;2025-03-04;2025-03-04;primera clase;completado;765;P0106;6;0.10;1212.68;490.53;etiquetas eco 6;oficina;etiquetas;vector;224.57;118.47;campaña ahorro 6;afiliados;1091.41;202.11;3;0
ORD-2023-00301;2025-03-04;2025-03-04;primera clase;completado;766;P0015;5;0.00;3492.50;914.50;teléfonos plus 5;tecnología;teléfonos;nova;698.50;515.60;campaña ahorro 6;afiliados;3492.50;698.50;3;0
ORD-2023-00302;2024-11-06;2024-11-07;mismo día;completado;767;P0096;2;0.05;1342.33;537.40;archivadores pro 6;oficina;archivadores;patagonia;706.49;396.52;campaña cliente vip 1;email;1275.21;671.16;11;1
ORD-2023-00302;2024-11-06;2024-11-07;mismo día;completado;768;P0082;2;0.10;1063.55;508.84;papelería eco 2;oficina;papelería;orion;590.86;268.44;campaña cliente vip 1;email;957.19;531.78;11;1
ORD-2023-00303;2023-06-29;2023-07-01;primera clase;completado;769;P0036;5;0.05;4166.70;2102.90;periféricos nova 6;tecnología;periféricos;patagonia;877.20;420.81;sin dato;sin dato;3958.36;833.34;6;2
ORD-2023-00303;2023-06-29;2023-07-01;primera clase;completado;770;P0107;2;0.20;123.92;35.34;etiquetas pro 7;oficina;etiquetas;orion;77.45;42.46;sin dato;sin dato;99.14;61.96;6;2
ORD-2023-00303;2023-06-29;2023-07-01;primera clase;completado;771;P0037;2;0.00;577.96;262.86;periféricos nova 7;tecnología;periféricos;orion;288.98;157.55;sin dato;sin dato;577.96;288.98;6;2
ORD-2023-00303;2023-06-29;2023-07-01;primera clase;completado;772;P0060;3;0.10;427.38;144.35;mesas smart 10;muebles;mesas;vector;158.29;93.56;sin dato;sin dato;384.64;142.46;6;2
ORD-2023-00304;2024-05-13;2024-05-15;estándar;completado;773;P0106;2;0.00;449.14;212.20;etiquetas eco 6;oficina;etiquetas;vector;224.57;118.47;campaña cliente vip 5;display;449.14;224.57;5;2
ORD-2023-00304;2024-05-13;2024-05-15;estándar;completado;774;P0056;6;0.00;3615.90;965.94;mesas flex 6;muebles;mesas;orion;602.65;441.66;campaña cliente vip 5;display;3615.90;602.65;5;2
ORD-2023-00304;2024-05-13;2024-05-15;estándar;completado;775;P0045;5;0.00;2674.50;716.30;sillas eco 5;muebles;sillas;lumen;534.90;391.64;campaña cliente vip 5;display;2674.50;534.90;5;2
ORD-2023-00305;2025-01-20;2025-01-21;estándar;completado;776;P0032;7;0.20;4052.10;547.83;periféricos eco 2;tecnología;periféricos;vector;723.59;506.45;campaña ahorro 2;afiliados;3241.68;578.87;1;1
ORD-2023-00305;2025-01-20;2025-01-21;estándar;completado;777;P0115;5;0.10;593.42;159.71;sobres pro 5;oficina;sobres;alerce;131.87;86.23;campaña ahorro 2;afiliados;534.08;118.68;1;1
ORD-2023-00305;2025-01-20;2025-01-21;estándar;completado;778;P0073;7;0.15;1039.82;177.20;almacenamiento eco 3;muebles;almacenamiento;orion;174.76;120.04;campaña ahorro 2;afiliados;883.85;148.55;1;1
ORD-2023-00306;2023-09-14;2023-09-15;estándar;completado;779;P0070;3;0.20;1840.06;374.28;libreros eco 10;muebles;libreros;andes;766.69;471.27;campaña activa 4;afiliados;1472.05;613.35;9;1
ORD-2023-00306;2023-09-14;2023-09-15;estándar;completado;780;P0013;3;0.30;600.31;59.05;teléfonos nova 3;tecnología;teléfonos;lumen;285.86;173.76;campaña activa 4;afiliados;420.22;200.10;9;1
ORD-2023-00306;2023-09-14;2023-09-15;estándar;completado;781;P0060;6;0.20;759.79;200.97;mesas smart 10;muebles;mesas;vector;158.29;93.56;campaña activa 4;afiliados;607.83;126.63;9;1
ORD-2023-00306;2023-09-14;2023-09-15;estándar;completado;782;P0004;1;0.20;22.50;3.61;accesorios eco 4;tecnología;accesorios;orion;28.12;19.81;campaña activa 4;afiliados;18.00;22.50;9;1
ORD-2023-00307;2025-03-16;2025-03-17;primera clase;completado;783;P0017;7;0.00;1790.95;647.29;teléfonos plus 7;tecnología;teléfonos;alerce;255.85;163.38;sin dato;sin dato;1790.95;255.85;3;1
ORD-2023-00307;2025-03-16;2025-03-17;primera clase;completado;784;P0108;1;0.00;490.95;98.41;etiquetas flex 8;oficina;etiquetas;patagonia;490.95;392.54;sin dato;sin dato;490.95;490.95;3;1
ORD-2023-00307;2025-03-16;2025-03-17;primera clase;completado;785;P0043;2;0.10;1268.28;453.33;sillas smart 3;muebles;sillas;altura;704.60;405.63;sin dato;sin dato;1141.45;634.14;3;1
ORD-2023-00307;2025-03-16;2025-03-17;primera clase;completado;786;P0111;1;0.00;514.86;215.30;sobres flex 1;oficina;sobres;lumen;514.86;299.56;sin dato;sin dato;514.86;514.86;3;1
ORD-2023-00308;2024-06-12;2024-06-13;segunda clase;devuelto;787;P0039;5;0.00;1185.55;241.00;periféricos nova 9;tecnología;periféricos;vector;237.11;188.91;sin dato;sin dato;1185.55;237.11;6;1
ORD-2023-00308;2024-06-12;2024-06-13;segunda clase;devuelto;788;P0015;2;0.00;1397.00;365.80;teléfonos plus 5;tecnología;teléfonos;nova;698.50;515.60;sin dato;sin dato;1397.00;698.50;6;1
ORD-2023-00309;2023-04-10;2023-04-11;mismo día;completado;789;P0119;2;0.10;1116.43;425.79;sobres plus 9;oficina;sobres;andes;620.24;347.69;campaña outlet 8;búsqueda;1004.79;558.22;4;1
ORD-2023-00310;2024-07-13;2024-07-15;estándar;completado;790;P0082;1;0.00;590.86;322.42;papelería eco 2;oficina;papelería;orion;590.86;268.44;sin dato;sin dato;590.86;590.86;7;2
ORD-2023-00310;2024-07-13;2024-07-15;estándar;completado;791;P0022;4;0.30;1207.42;355.14;computadores pro 2;tecnología;computadores;altura;431.22;214.08;sin dato;sin dato;845.19;301.86;7;2
ORD-2023-00311;2024-08-25;2024-08-28;estándar;completado;792;P0105;7;0.00;1816.36;954.59;etiquetas pro 5;oficina;etiquetas;lumen;259.48;123.11;campaña cliente vip 5;display;1816.36;259.48;8;3
ORD-2023-00311;2024-08-25;2024-08-28;estándar;completado;793;P0016;7;0.00;5455.10;2776.20;teléfonos pro 6;tecnología;teléfonos;orion;779.30;382.70;campaña cliente vip 5;display;5455.10;779.30;8;3
ORD-2023-00311;2024-08-25;2024-08-28;estándar;completado;794;P0083;8;0.00;423.12;137.44;papelería pro 3;oficina;papelería;altura;52.89;35.71;campaña cliente vip 5;display;423.12;52.89;8;3
ORD-2023-00311;2024-08-25;2024-08-28;estándar;completado;795;P0018;8;0.30;3843.17;220.07;teléfonos flex 8;tecnología;teléfonos;patagonia;686.28;471.26;campaña cliente vip 5;display;2690.22;480.40;8;3
ORD-2023-00312;2024-05-27;2024-06-02;mismo día;completado;796;P0023;3;0.15;2023.09;815.56;computadores pro 3;tecnología;computadores;patagonia;793.37;395.09;sin dato;sin dato;1719.63;674.36;5;6
ORD-2023-00313;2025-01-02;2025-01-08;primera clase;completado;797;P0118;8;0.20;1485.12;83.47;sobres nova 8;oficina;sobres;alerce;232.05;166.62;sin dato;sin dato;1188.10;185.64;1;6
ORD-2023-00314;2024-12-26;2024-12-30;segunda clase;completado;798;P0076;6;0.20;550.75;203.89;almacenamiento eco 6;muebles;almacenamiento;patagonia;114.74;61.78;sin dato;sin dato;440.60;91.79;12;4
ORD-2023-00314;2024-12-26;2024-12-30;segunda clase;completado;799;P0110;3;0.05;171.91;68.55;etiquetas nova 10;oficina;etiquetas;orion;60.32;34.94;sin dato;sin dato;163.31;57.30;12;4
ORD-2023-00314;2024-12-26;2024-12-30;segunda clase;completado;800;P0064;8;0.15;1023.47;85.89;libreros eco 4;muebles;libreros;andes;150.51;114.85;sin dato;sin dato;869.95;127.93;12;4
ORD-2023-00315;2023-06-28;2023-07-03;mismo día;enviado;801;P0079;5;0.00;244.35;64.85;almacenamiento nova 9;muebles;almacenamiento;alerce;48.87;35.90;sin dato;sin dato;244.35;48.87;6;5
ORD-2023-00316;2025-02-20;2025-02-22;segunda clase;enviado;802;P0090;8;0.20;4860.10;1139.80;papelería plus 10;oficina;papelería;orion;759.39;487.32;sin dato;sin dato;3888.08;607.51;2;2
ORD-2023-00317;2023-09-16;2023-09-19;segunda clase;completado;803;P0012;1;0.00;338.48;169.42;teléfonos flex 2;tecnología;teléfonos;vector;338.48;169.06;campaña cliente vip 5;display;338.48;338.48;9;3
ORD-2023-00317;2023-09-16;2023-09-19;segunda clase;completado;804;P0115;1;0.15;112.09;23.69;sobres pro 5;oficina;sobres;alerce;131.87;86.23;campaña cliente vip 5;display;95.28;112.09;9;3
ORD-2023-00318;2023-07-09;2023-07-14;mismo día;cancelado;805;P0074;8;0.15;2805.07;747.48;almacenamiento smart 4;muebles;almacenamiento;lumen;412.51;260.75;sin dato;sin dato;2384.31;350.63;7;5
ORD-2023-00318;2023-07-09;2023-07-14;mismo día;cancelado;806;P0103;2;0.30;754.04;76.15;etiquetas nova 3;oficina;etiquetas;alerce;538.60;343.63;sin dato;sin dato;527.83;377.02;7;5
ORD-2023-00319;2024-08-05;2024-08-05;mismo día;completado;807;P0077;6;0.00;656.94;335.10;almacenamiento nova 7;muebles;almacenamiento;altura;109.49;53.64;campaña cliente vip 5;display;656.94;109.49;8;0
ORD-2023-00320;2024-02-04;2024-02-09;estándar;devuelto;808;P0110;5;0.20;241.28;63.72;etiquetas nova 10;oficina;etiquetas;orion;60.32;34.94;campaña activa 3;afiliados;193.02;48.26;2;5
ORD-2023-00320;2024-02-04;2024-02-09;estándar;devuelto;809;P0075;8;0.10;3832.99;1638.49;almacenamiento plus 5;muebles;almacenamiento;nova;532.36;271.05;campaña activa 3;afiliados;3449.69;479.12;2;5
ORD-2023-00321;2024-03-07;2024-03-09;primera clase;completado;810;P0031;8;0.00;1860.64;956.32;periféricos smart 1;tecnología;periféricos;andes;232.58;113.04;campaña cliente vip 1;email;1860.64;232.58;3;2
ORD-2023-00322;2023-03-14;2023-03-17;estándar;completado;811;P0017;5;0.00;1279.25;462.35;teléfonos plus 7;tecnología;teléfonos;alerce;255.85;163.38;sin dato;sin dato;1279.25;255.85;3;3
ORD-2023-00322;2023-03-14;2023-03-17;estándar;completado;812;P0065;4;0.15;1457.89;613.69;libreros pro 5;muebles;libreros;nova;428.79;212.81;sin dato;sin dato;1239.21;364.47;3;3
ORD-2023-00322;2023-03-14;2023-03-17;estándar;completado;813;P0101;4;0.00;2314.84;772.16;etiquetas eco 1;oficina;etiquetas;nova;578.71;385.67;sin dato;sin dato;2314.84;578.71;3;3
ORD-2023-00322;2023-03-14;2023-03-17;estándar;completado;814;P0100;4;0.20;168.38;12.08;archivadores smart 10;oficina;archivadores;andes;52.62;38.31;sin dato;sin dato;134.70;42.10;3;3
ORD-2023-00323;2024-05-08;2024-05-08;mismo día;completado;815;P0071;3;0.00;2665.56;633.09;almacenamiento flex 1;muebles;almacenamiento;patagonia;888.52;677.49;campaña ahorro 7;afiliados;2665.56;888.52;5;0
ORD-2023-00323;2024-05-08;2024-05-08;mismo día;completado;816;P0046;4;0.15;288.56;109.45;sillas pro 6;muebles;sillas;nova;84.87;45.10;campaña ahorro 7;afiliados;245.28;72.14;5;0
ORD-2023-00323;2024-05-08;2024-05-08;mismo día;completado;817;P0031;4;0.00;930.32;478.16;periféricos smart 1;tecnología;periféricos;andes;232.58;113.04;campaña ahorro 7;afiliados;930.32;232.58;5;0
ORD-2023-00323;2024-05-08;2024-05-08;mismo día;completado;818;P0053;1;0.00;370.71;132.00;mesas eco 3;muebles;mesas;alerce;370.71;238.71;campaña ahorro 7;afiliados;370.71;370.71;5;0
ORD-2023-00324;2023-03-20;2023-03-20;primera clase;completado;819;P0038;3;0.20;981.41;232.51;periféricos nova 8;tecnología;periféricos;andes;408.92;250.33;campaña activa 3;afiliados;785.13;327.14;3;0
ORD-2023-00324;2023-03-20;2023-03-20;primera clase;completado;820;P0085;2;0.00;1488.02;406.04;papelería smart 5;oficina;papelería;alerce;744.01;540.99;campaña activa 3;afiliados;1488.02;744.01;3;0
ORD-2023-00325;2024-12-23;2024-12-28;segunda clase;enviado;821;P0047;5;0.05;3314.69;708.97;sillas plus 7;muebles;sillas;andes;697.83;520.77;sin dato;sin dato;3148.96;662.94;12;5
ORD-2023-00325;2024-12-23;2024-12-28;segunda clase;enviado;822;P0041;2;0.00;309.04;107.90;sillas eco 1;muebles;sillas;vector;154.52;100.57;sin dato;sin dato;309.04;154.52;12;5
ORD-2023-00325;2024-12-23;2024-12-28;segunda clase;enviado;823;P0091;8;0.10;3710.09;962.00;archivadores flex 1;oficina;archivadores;alerce;515.29;352.20;sin dato;sin dato;3339.08;463.76;12;5
ORD-2023-00326;2023-08-25;2023-08-27;primera clase;completado;824;P0005;4;0.30;2496.68;229.28;accesorios flex 5;tecnología;accesorios;vector;891.67;550.81;sin dato;sin dato;1747.68;624.17;8;2
ORD-2023-00326;2023-08-25;2023-08-27;primera clase;completado;825;P0015;1;0.30;488.95;-54.84;teléfonos plus 5;tecnología;teléfonos;nova;698.50;515.60;sin dato;sin dato;342.26;488.95;8;2
ORD-2023-00327;2024-08-25;2024-08-28;mismo día;completado;826;P0111;7;0.20;2883.22;802.44;sobres flex 1;oficina;sobres;lumen;514.86;299.56;campaña ahorro 2;afiliados;2306.58;411.89;8;3
ORD-2023-00328;2024-01-24;2024-01-25;primera clase;completado;827;P0120;1;0.15;600.33;145.34;sobres plus 10;oficina;sobres;altura;706.27;437.08;sin dato;sin dato;510.28;600.33;1;1
ORD-2023-00328;2024-01-24;2024-01-25;primera clase;completado;828;P0104;4;0.00;2420.80;850.80;etiquetas nova 4;oficina;etiquetas;altura;605.20;392.50;sin dato;sin dato;2420.80;605.20;1;1
ORD-2023-00328;2024-01-24;2024-01-25;primera clase;completado;829;P0111;7;0.00;3604.02;1507.10;sobres flex 1;oficina;sobres;lumen;514.86;299.56;sin dato;sin dato;3604.02;514.86;1;1
ORD-2023-00329;2024-07-01;2024-07-04;mismo día;completado;830;P0017;1;0.10;230.26;63.82;teléfonos plus 7;tecnología;teléfonos;alerce;255.85;163.38;campaña cliente vip 5;display;207.23;230.26;7;3
ORD-2023-00329;2024-07-01;2024-07-04;mismo día;completado;831;P0011;4;0.10;1986.23;554.05;teléfonos plus 1;tecnología;teléfonos;lumen;551.73;361.63;campaña cliente vip 5;display;1787.61;496.56;7;3
ORD-2023-00330;2024-09-22;2024-09-24;estándar;enviado;832;P0073;6;0.10;943.70;208.89;almacenamiento eco 3;muebles;almacenamiento;orion;174.76;120.04;campaña cliente vip 5;display;849.33;157.28;9;2
ORD-2023-00330;2024-09-22;2024-09-24;estándar;enviado;833;P0060;1;0.30;110.80;26.57;mesas smart 10;muebles;mesas;vector;158.29;93.56;campaña cliente vip 5;display;77.56;110.80;9;2
ORD-2023-00330;2024-09-22;2024-09-24;estándar;enviado;834;P0046;8;0.05;645.01;285.45;sillas pro 6;muebles;sillas;nova;84.87;45.10;campaña cliente vip 5;display;612.76;80.63;9;2
ORD-2023-00331;2024-09-16;2024-09-20;primera clase;completado;835;P0034;8;0.00;3357.44;1151.28;periféricos flex 4;tecnología;periféricos;orion;419.68;275.77;campaña ahorro 2;afiliados;3357.44;419.68;9;4
ORD-2023-00331;2024-09-16;2024-09-20;primera clase;completado;836;P0019;1;0.05;499.16;106.97;teléfonos eco 9;tecnología;teléfonos;andes;525.43;396.24;campaña ahorro 2;afiliados;474.20;499.16;9;4
ORD-2023-00331;2024-09-16;2024-09-20;primera clase;completado;837;P0024;8;0.15;5489.98;2444.53;computadores nova 4;tecnología;computadores;vector;807.35;402.87;campaña ahorro 2;afiliados;4666.48;686.25;9;4
ORD-2023-00332;2025-01-01;2025-01-03;primera clase;completado;838;P0077;4;0.15;372.27;167.98;almacenamiento nova 7;muebles;almacenamiento;altura;109.49;53.64;sin dato;sin dato;316.43;93.07;1;2
ORD-2023-00333;2024-06-07;2024-06-07;mismo día;completado;839;P0113;5;0.00;3045.05;1164.25;sobres smart 3;oficina;sobres;patagonia;609.01;376.16;campaña ahorro 6;afiliados;3045.05;609.01;6;0
ORD-2023-00333;2024-06-07;2024-06-07;mismo día;completado;840;P0043;7;0.15;4192.37;1361.64;sillas smart 3;muebles;sillas;altura;704.60;405.63;campaña ahorro 6;afiliados;3563.51;598.91;6;0
ORD-2023-00333;2024-06-07;2024-06-07;mismo día;completado;841;P0080;1;0.00;791.11;409.37;almacenamiento plus 10;muebles;almacenamiento;patagonia;791.11;381.74;campaña ahorro 6;afiliados;791.11;791.11;6;0
ORD-2023-00333;2024-06-07;2024-06-07;mismo día;completado;842;P0120;3;0.00;2118.81;807.57;sobres plus 10;oficina;sobres;altura;706.27;437.08;campaña ahorro 6;afiliados;2118.81;706.27;6;0
ORD-2023-00334;2024-06-07;2024-06-12;primera clase;completado;843;P0107;1;0.00;77.45;34.99;etiquetas pro 7;oficina;etiquetas;orion;77.45;42.46;sin dato;sin dato;77.45;77.45;6;5
ORD-2023-00334;2024-06-07;2024-06-12;primera clase;completado;844;P0010;4;0.20;2169.86;173.12;accesorios nova 10;tecnología;accesorios;andes;678.08;497.07;sin dato;sin dato;1735.89;542.46;6;5
ORD-2023-00334;2024-06-07;2024-06-12;primera clase;completado;845;P0109;1;0.30;534.65;-39.26;etiquetas smart 9;oficina;etiquetas;patagonia;763.79;559.32;sin dato;sin dato;374.25;534.65;6;5
ORD-2023-00334;2024-06-07;2024-06-12;primera clase;completado;846;P0041;5;0.05;733.97;225.93;sillas eco 1;muebles;sillas;vector;154.52;100.57;sin dato;sin dato;697.27;146.79;6;5
ORD-2023-00335;2023-12-03;2023-12-04;segunda clase;devuelto;847;P0096;2;0.05;1342.33;550.85;archivadores pro 6;oficina;archivadores;patagonia;706.49;396.52;sin dato;sin dato;1275.21;671.16;12;1
ORD-2023-00335;2023-12-03;2023-12-04;segunda clase;devuelto;848;P0047;2;0.15;1186.31;139.71;sillas plus 7;muebles;sillas;andes;697.83;520.77;sin dato;sin dato;1008.36;593.16;12;1
ORD-2023-00335;2023-12-03;2023-12-04;segunda clase;devuelto;849;P0118;6;0.30;974.61;-42.69;sobres nova 8;oficina;sobres;alerce;232.05;166.62;sin dato;sin dato;682.23;162.44;12;1
ORD-2023-00336;2023-08-24;2023-08-28;segunda clase;devuelto;850;P0087;3;0.10;1999.00;396.00;papelería flex 7;oficina;papelería;andes;740.37;525.57;sin dato;sin dato;1799.10;666.33;8;4
ORD-2023-00336;2023-08-24;2023-08-28;segunda clase;devuelto;851;P0041;2;0.00;309.04;107.90;sillas eco 1;muebles;sillas;vector;154.52;100.57;sin dato;sin dato;309.04;154.52;8;4
ORD-2023-00336;2023-08-24;2023-08-28;segunda clase;devuelto;852;P0074;8;0.05;3135.08;1022.68;almacenamiento smart 4;muebles;almacenamiento;lumen;412.51;260.75;sin dato;sin dato;2978.33;391.88;8;4
ORD-2023-00336;2023-08-24;2023-08-28;segunda clase;devuelto;853;P0002;3;0.00;30.18;12.42;accesorios smart 2;tecnología;accesorios;vector;10.06;5.92;sin dato;sin dato;30.18;10.06;8;4
ORD-2023-00337;2023-05-10;2023-05-16;segunda clase;completado;854;P0066;7;0.20;2015.16;820.77;libreros smart 6;muebles;libreros;lumen;359.85;174.82;campaña ahorro 7;afiliados;1612.13;287.88;5;6
ORD-2023-00337;2023-05-10;2023-05-16;segunda clase;completado;855;P0090;4;0.10;2733.80;830.81;papelería plus 10;oficina;papelería;orion;759.39;487.32;campaña ahorro 7;afiliados;2460.42;683.45;5;6
ORD-2023-00338;2025-01-09;2025-01-09;mismo día;cancelado;856;P0095;7;0.10;3321.68;1293.40;archivadores plus 5;oficina;archivadores;altura;527.25;284.32;sin dato;sin dato;2989.51;474.53;1;0
ORD-2023-00338;2025-01-09;2025-01-09;mismo día;cancelado;857;P0094;3;0.00;540.12;160.02;archivadores pro 4;oficina;archivadores;alerce;180.04;126.70;sin dato;sin dato;540.12;180.04;1;0
ORD-2023-00338;2025-01-09;2025-01-09;mismo día;cancelado;858;P0076;6;0.30;481.91;121.19;almacenamiento eco 6;muebles;almacenamiento;patagonia;114.74;61.78;sin dato;sin dato;337.34;80.32;1;0
ORD-2023-00338;2025-01-09;2025-01-09;mismo día;cancelado;859;P0023;5;0.00;3966.85;1991.40;computadores pro 3;tecnología;computadores;patagonia;793.37;395.09;sin dato;sin dato;3966.85;793.37;1;0
ORD-2023-00339;2023-02-19;2023-02-23;mismo día;completado;860;P0050;6;0.00;1449.78;670.74;sillas nova 10;muebles;sillas;lumen;241.63;129.84;sin dato;sin dato;1449.78;241.63;2;4
ORD-2023-00339;2023-02-19;2023-02-23;mismo día;completado;861;P0105;4;0.20;830.34;336.31;etiquetas pro 5;oficina;etiquetas;lumen;259.48;123.11;sin dato;sin dato;664.27;207.58;2;4
ORD-2023-00339;2023-02-19;2023-02-23;mismo día;completado;862;P0013;6;0.10;1543.64;524.03;teléfonos nova 3;tecnología;teléfonos;lumen;285.86;173.76;sin dato;sin dato;1389.28;257.27;2;4
ORD-2023-00340;2024-05-13;2024-05-16;primera clase;completado;863;P0119;4;0.10;2232.86;877.73;sobres plus 9;oficina;sobres;andes;620.24;347.69;campaña activa 3;afiliados;2009.57;558.22;5;3
ORD-2023-00341;2024-06-04;2024-06-10;segunda clase;cancelado;864;P0107;1;0.15;65.83;24.75;etiquetas pro 7;oficina;etiquetas;orion;77.45;42.46;sin dato;sin dato;55.96;65.83;6;6
ORD-2023-00341;2024-06-04;2024-06-10;segunda clase;cancelado;865;P0094;8;0.00;1440.32;426.72;archivadores pro 4;oficina;archivadores;alerce;180.04;126.70;sin dato;sin dato;1440.32;180.04;6;6
ORD-2023-00341;2024-06-04;2024-06-10;segunda clase;cancelado;866;P0118;2;0.00;464.10;130.86;sobres nova 8;oficina;sobres;alerce;232.05;166.62;sin dato;sin dato;464.10;232.05;6;6
ORD-2023-00341;2024-06-04;2024-06-10;segunda clase;cancelado;867;P0064;5;0.00;752.55;178.30;libreros eco 4;muebles;libreros;andes;150.51;114.85;sin dato;sin dato;752.55;150.51;6;6
ORD-2023-00342;2023-12-29;2024-01-04;primera clase;completado;868;P0036;8;0.00;7017.60;3651.12;periféricos nova 6;tecnología;periféricos;patagonia;877.20;420.81;campaña activa 4;afiliados;7017.60;877.20;12;6
ORD-2023-00342;2023-12-29;2024-01-04;primera clase;completado;869;P0115;1;0.20;105.50;23.48;sobres pro 5;oficina;sobres;alerce;131.87;86.23;campaña activa 4;afiliados;84.40;105.50;12;6
ORD-2023-00342;2023-12-29;2024-01-04;primera clase;completado;870;P0025;1;0.00;763.71;244.05;computadores plus 5;tecnología;computadores;orion;763.71;519.66;campaña activa 4;afiliados;763.71;763.71;12;6
ORD-2023-00343;2024-11-20;2024-11-21;segunda clase;completado;871;P0037;3;0.05;823.59;348.61;periféricos nova 7;tecnología;periféricos;orion;288.98;157.55;campaña activa 3;afiliados;782.41;274.53;11;1
ORD-2023-00343;2024-11-20;2024-11-21;segunda clase;completado;872;P0067;4;0.00;691.08;254.96;libreros pro 7;muebles;libreros;nova;172.77;109.03;campaña activa 3;afiliados;691.08;172.77;11;1
ORD-2023-00343;2024-11-20;2024-11-21;segunda clase;completado;873;P0072;4;0.00;2755.92;1043.52;almacenamiento nova 2;muebles;almacenamiento;patagonia;688.98;428.10;campaña activa 3;afiliados;2755.92;688.98;11;1
ORD-2023-00343;2024-11-20;2024-11-21;segunda clase;completado;874;P0079;7;0.05;324.99;72.74;almacenamiento nova 9;muebles;almacenamiento;alerce;48.87;35.90;campaña activa 3;afiliados;308.74;46.43;11;1
ORD-2023-00344;2024-11-03;2024-11-04;primera clase;enviado;875;P0063;7;0.15;1484.41;190.67;libreros smart 3;muebles;libreros;vector;249.48;184.17;sin dato;sin dato;1261.75;212.06;11;1
ORD-2023-00344;2024-11-03;2024-11-04;primera clase;enviado;876;P0013;4;0.00;1143.44;448.40;teléfonos nova 3;tecnología;teléfonos;lumen;285.86;173.76;sin dato;sin dato;1143.44;285.86;11;1
ORD-2023-00344;2024-11-03;2024-11-04;primera clase;enviado;877;P0054;8;0.15;561.14;83.70;mesas eco 4;muebles;mesas;altura;82.52;60.93;sin dato;sin dato;476.97;70.14;11;1
ORD-2023-00344;2024-11-03;2024-11-04;primera clase;enviado;878;P0015;3;0.30;1466.85;-194.70;teléfonos plus 5;tecnología;teléfonos;nova;698.50;515.60;sin dato;sin dato;1026.79;488.95;11;1
ORD-2023-00345;2024-12-14;2024-12-17;mismo día;enviado;879;P0077;7;0.05;728.11;359.85;almacenamiento nova 7;muebles;almacenamiento;altura;109.49;53.64;sin dato;sin dato;691.70;104.02;12;3
ORD-2023-00345;2024-12-14;2024-12-17;mismo día;enviado;880;P0065;4;0.20;1372.13;581.15;libreros pro 5;muebles;libreros;nova;428.79;212.81;sin dato;sin dato;1097.70;343.03;12;3
ORD-2023-00345;2024-12-14;2024-12-17;mismo día;enviado;881;P0034;6;0.20;2014.46;381.73;periféricos flex 4;tecnología;periféricos;orion;419.68;275.77;sin dato;sin dato;1611.57;335.74;12;3
ORD-2023-00345;2024-12-14;2024-12-17;mismo día;enviado;882;P0055;7;0.10;3648.39;1207.48;mesas plus 5;muebles;mesas;vector;579.11;339.15;sin dato;sin dato;3283.55;521.20;12;3
ORD-2023-00346;2025-01-15;2025-01-16;mismo día;completado;883;P0069;4;0.00;2671.44;791.24;libreros smart 9;muebles;libreros;patagonia;667.86;470.05;campaña cliente vip 1;email;2671.44;667.86;1;1
ORD-2023-00346;2025-01-15;2025-01-16;mismo día;completado;884;P0017;1;0.00;255.85;92.47;teléfonos plus 7;tecnología;teléfonos;alerce;255.85;163.38;campaña cliente vip 1;email;255.85;255.85;1;1
ORD-2023-00347;2023-12-28;2024-01-03;estándar;completado;885;P0047;4;0.00;2791.32;708.24;sillas plus 7;muebles;sillas;andes;697.83;520.77;sin dato;sin dato;2791.32;697.83;12;6
ORD-2023-00347;2023-12-28;2024-01-03;estándar;completado;886;P0111;4;0.10;1853.50;630.44;sobres flex 1;oficina;sobres;lumen;514.86;299.56;sin dato;sin dato;1668.15;463.38;12;6
ORD-2023-00348;2024-02-28;2024-02-29;estándar;completado;887;P0097;2;0.20;427.26;-3.16;archivadores smart 7;oficina;archivadores;altura;267.04;208.99;sin dato;sin dato;341.81;213.63;2;1
ORD-2023-00349;2023-10-17;2023-10-19;estándar;completado;888;P0084;7;0.00;5152.84;2691.92;papelería flex 4;oficina;papelería;altura;736.12;351.56;campaña activa 4;afiliados;5152.84;736.12;10;2
ORD-2023-00349;2023-10-17;2023-10-19;estándar;completado;889;P0111;2;0.00;1029.72;430.60;sobres flex 1;oficina;sobres;lumen;514.86;299.56;campaña activa 4;afiliados;1029.72;514.86;10;2
ORD-2023-00349;2023-10-17;2023-10-19;estándar;completado;890;P0003;1;0.00;868.26;183.16;accesorios plus 3;tecnología;accesorios;altura;868.26;685.10;campaña activa 4;afiliados;868.26;868.26;10;2
ORD-2023-00349;2023-10-17;2023-10-19;estándar;completado;891;P0025;5;0.15;3245.77;664.62;computadores plus 5;tecnología;computadores;orion;763.71;519.66;campaña activa 4;afiliados;2758.90;649.15;10;2
ORD-2023-00350;2023-10-08;2023-10-11;mismo día;devuelto;892;P0055;2;0.05;1100.31;411.19;mesas plus 5;muebles;mesas;vector;579.11;339.15;campaña cliente vip 5;display;1045.29;550.16;10;3
ORD-2023-00350;2023-10-08;2023-10-11;mismo día;devuelto;893;P0062;5;0.05;2211.98;1040.11;libreros plus 2;muebles;libreros;vector;465.68;235.47;campaña cliente vip 5;display;2101.38;442.40;10;3
ORD-2023-00350;2023-10-08;2023-10-11;mismo día;devuelto;894;P0094;7;0.15;1071.24;164.47;archivadores pro 4;oficina;archivadores;alerce;180.04;126.70;campaña cliente vip 5;display;910.55;153.03;10;3
ORD-2023-00351;2023-08-18;2023-08-22;segunda clase;completado;895;P0062;2;0.10;838.22;373.53;libreros plus 2;muebles;libreros;vector;465.68;235.47;sin dato;sin dato;754.40;419.11;8;4
ORD-2023-00351;2023-08-18;2023-08-22;segunda clase;completado;896;P0013;3;0.05;814.70;287.16;teléfonos nova 3;tecnología;teléfonos;lumen;285.86;173.76;sin dato;sin dato;773.97;271.57;8;4
ORD-2023-00351;2023-08-18;2023-08-22;segunda clase;completado;897;P0076;4;0.00;458.96;211.84;almacenamiento eco 6;muebles;almacenamiento;patagonia;114.74;61.78;sin dato;sin dato;458.96;114.74;8;4
ORD-2023-00352;2025-01-10;2025-01-16;mismo día;completado;898;P0040;6;0.00;4452.06;1868.58;periféricos eco 10;tecnología;periféricos;andes;742.01;430.58;sin dato;sin dato;4452.06;742.01;1;6
ORD-2023-00352;2025-01-10;2025-01-16;mismo día;completado;899;P0112;1;0.10;408.28;178.62;sobres pro 2;oficina;sobres;orion;453.65;226.21;sin dato;sin dato;367.45;408.28;1;6
ORD-2023-00352;2025-01-10;2025-01-16;mismo día;completado;900;P0070;8;0.15;5213.49;1274.24;libreros eco 10;muebles;libreros;andes;766.69;471.27;sin dato;sin dato;4431.47;651.69;1;6
ORD-2023-00352;2025-01-10;2025-01-16;mismo día;completado;901;P0042;8;0.30;3118.14;96.74;sillas flex 2;muebles;sillas;vector;556.81;376.71;sin dato;sin dato;2182.70;389.77;1;6
ORD-2023-00353;2024-03-11;2024-03-16;segunda clase;enviado;902;P0022;4;0.30;1207.42;274.56;computadores pro 2;tecnología;computadores;altura;431.22;214.08;campaña activa 3;afiliados;845.19;301.86;3;5
ORD-2023-00354;2024-03-10;2024-03-13;mismo día;completado;903;P0038;2;0.20;654.27;121.18;periféricos nova 8;tecnología;periféricos;andes;408.92;250.33;campaña outlet 8;búsqueda;523.42;327.14;3;3
ORD-2023-00355;2023-11-27;2023-12-01;segunda clase;completado;904;P0067;4;0.15;587.42;150.49;libreros pro 7;muebles;libreros;nova;172.77;109.03;sin dato;sin dato;499.31;146.85;11;4
ORD-2023-00355;2023-11-27;2023-12-01;segunda clase;completado;905;P0061;8;0.05;6652.74;2881.64;libreros plus 1;muebles;libreros;altura;875.36;463.75;sin dato;sin dato;6320.10;831.59;11;4
ORD-2023-00355;2023-11-27;2023-12-01;segunda clase;completado;906;P0022;8;0.00;3449.76;1737.12;computadores pro 2;tecnología;computadores;altura;431.22;214.08;sin dato;sin dato;3449.76;431.22;11;4
ORD-2023-00356;2024-04-26;2024-04-26;segunda clase;completado;907;P0069;8;0.15;4541.45;910.97;libreros smart 9;muebles;libreros;patagonia;667.86;470.05;sin dato;sin dato;3860.23;567.68;4;0
ORD-2023-00357;2023-03-10;2023-03-12;primera clase;enviado;908;P0119;4;0.10;2232.86;863.52;sobres plus 9;oficina;sobres;andes;620.24;347.69;sin dato;sin dato;2009.57;558.22;3;2
ORD-2023-00358;2025-01-16;2025-01-18;segunda clase;cancelado;909;P0014;4;0.10;281.05;141.19;teléfonos pro 4;tecnología;teléfonos;alerce;78.07;35.97;sin dato;sin dato;252.95;70.26;1;2
ORD-2023-00358;2025-01-16;2025-01-18;segunda clase;cancelado;910;P0017;7;0.15;1522.31;370.52;teléfonos plus 7;tecnología;teléfonos;alerce;255.85;163.38;sin dato;sin dato;1293.96;217.47;1;2
ORD-2023-00359;2023-08-03;2023-08-04;estándar;devuelto;911;P0019;3;0.30;1103.40;-156.18;teléfonos eco 9;tecnología;teléfonos;andes;525.43;396.24;campaña activa 4;afiliados;772.38;367.80;8;1
ORD-2023-00359;2023-08-03;2023-08-04;estándar;devuelto;912;P0010;1;0.00;678.08;181.01;accesorios nova 10;tecnología;accesorios;andes;678.08;497.07;campaña activa 4;afiliados;678.08;678.08;8;1
ORD-2023-00360;2024-11-11;2024-11-14;mismo día;completado;913;P0091;8;0.15;3503.97;732.93;archivadores flex 1;oficina;archivadores;alerce;515.29;352.20;campaña ahorro 2;afiliados;2978.37;438.00;11;3
ORD-2023-00360;2024-11-11;2024-11-14;mismo día;completado;914;P0068;2;0.05;1213.02;371.15;libreros pro 8;muebles;libreros;lumen;638.43;415.12;campaña ahorro 2;afiliados;1152.37;606.51;11;3
ORD-2023-00360;2024-11-11;2024-11-14;mismo día;completado;915;P0092;3;0.20;1479.17;543.43;archivadores nova 2;oficina;archivadores;alerce;616.32;308.93;campaña ahorro 2;afiliados;1183.34;493.06;11;3
ORD-2023-00360;2024-11-11;2024-11-14;mismo día;completado;916;P0089;5;0.00;1755.60;596.55;papelería plus 9;oficina;papelería;vector;351.12;231.81;campaña ahorro 2;afiliados;1755.60;351.12;11;3
ORD-2023-00361;2023-07-02;2023-07-02;primera clase;enviado;917;P0028;4;0.20;1478.82;534.14;computadores pro 8;tecnología;computadores;lumen;462.13;240.82;sin dato;sin dato;1183.06;369.70;7;0
ORD-2023-00361;2023-07-02;2023-07-02;primera clase;enviado;918;P0026;8;0.15;3245.91;214.75;computadores plus 6;tecnología;computadores;lumen;477.34;378.15;sin dato;sin dato;2759.02;405.74;7;0
ORD-2023-00361;2023-07-02;2023-07-02;primera clase;enviado;919;P0076;5;0.15;487.64;192.72;almacenamiento eco 6;muebles;almacenamiento;patagonia;114.74;61.78;sin dato;sin dato;414.49;97.53;7;0
ORD-2023-00361;2023-07-02;2023-07-02;primera clase;enviado;920;P0118;5;0.00;1160.25;327.15;sobres nova 8;oficina;sobres;alerce;232.05;166.62;sin dato;sin dato;1160.25;232.05;7;0
ORD-2023-00362;2024-10-19;2024-10-22;estándar;completado;921;P0111;8;0.30;2883.22;491.53;sobres flex 1;oficina;sobres;lumen;514.86;299.56;campaña cliente vip 5;display;2018.25;360.40;10;3
ORD-2023-00363;2025-04-06;2025-04-06;segunda clase;completado;922;P0112;3;0.00;1360.95;682.32;sobres pro 2;oficina;sobres;orion;453.65;226.21;campaña cliente vip 1;email;1360.95;453.65;4;0
ORD-2023-00363;2025-04-06;2025-04-06;segunda clase;completado;923;P0008;8;0.00;3172.80;971.28;accesorios plus 8;tecnología;accesorios;andes;396.60;275.19;campaña cliente vip 1;email;3172.80;396.60;4;0
ORD-2023-00364;2024-11-01;2024-11-05;primera clase;completado;924;P0116;6;0.00;4645.14;1734.84;sobres flex 6;oficina;sobres;patagonia;774.19;485.05;sin dato;sin dato;4645.14;774.19;11;4
ORD-2023-00364;2024-11-01;2024-11-05;primera clase;completado;925;P0054;1;0.00;82.52;21.59;mesas eco 4;muebles;mesas;altura;82.52;60.93;sin dato;sin dato;82.52;82.52;11;4
ORD-2023-00365;2023-03-27;2023-03-28;mismo día;completado;926;P0040;5;0.15;3153.54;1085.74;periféricos eco 10;tecnología;periféricos;andes;742.01;430.58;campaña cliente vip 5;display;2680.51;630.71;3;1
ORD-2023-00366;2024-12-14;2024-12-14;estándar;completado;927;P0094;2;0.00;360.08;106.68;archivadores pro 4;oficina;archivadores;alerce;180.04;126.70;sin dato;sin dato;360.08;180.04;12;0
ORD-2023-00366;2024-12-14;2024-12-14;estándar;completado;928;P0099;3;0.00;31.71;16.71;archivadores eco 9;oficina;archivadores;orion;10.57;5.00;sin dato;sin dato;31.71;10.57;12;0
ORD-2023-00367;2023-03-25;2023-03-30;segunda clase;completado;929;P0040;1;0.20;593.61;150.80;periféricos eco 10;tecnología;periféricos;andes;742.01;430.58;sin dato;sin dato;474.89;593.61;3;5
ORD-2023-00367;2023-03-25;2023-03-30;segunda clase;completado;930;P0036;3;0.15;2236.86;988.01;periféricos nova 6;tecnología;periféricos;patagonia;877.20;420.81;sin dato;sin dato;1901.33;745.62;3;5
ORD-2023-00368;2023-07-24;2023-07-25;mismo día;completado;931;P0063;6;0.15;1272.35;180.90;libreros smart 3;muebles;libreros;vector;249.48;184.17;sin dato;sin dato;1081.50;212.06;7;1
ORD-2023-00369;2023-02-07;2023-02-13;segunda clase;completado;932;P0045;5;0.05;2540.78;591.02;sillas eco 5;muebles;sillas;lumen;534.90;391.64;sin dato;sin dato;2413.74;508.16;2;6
ORD-2023-00369;2023-02-07;2023-02-13;segunda clase;completado;933;P0012;4;0.10;1218.53;557.55;teléfonos flex 2;tecnología;teléfonos;vector;338.48;169.06;sin dato;sin dato;1096.68;304.63;2;6
ORD-2023-00369;2023-02-07;2023-02-13;segunda clase;completado;934;P0005;2;0.00;1783.34;681.72;accesorios flex 5;tecnología;accesorios;vector;891.67;550.81;sin dato;sin dato;1783.34;891.67;2;6
ORD-2023-00369;2023-02-07;2023-02-13;segunda clase;completado;935;P0076;6;0.15;585.17;211.86;almacenamiento eco 6;muebles;almacenamiento;patagonia;114.74;61.78;sin dato;sin dato;497.39;97.53;2;6
ORD-2023-00370;2024-12-19;2024-12-19;estándar;enviado;936;P0061;6;0.15;4464.34;1635.23;libreros plus 1;muebles;libreros;altura;875.36;463.75;sin dato;sin dato;3794.69;744.06;12;0
ORD-2023-00370;2024-12-19;2024-12-19;estándar;enviado;937;P0024;6;0.10;4359.69;2007.82;computadores nova 4;tecnología;computadores;vector;807.35;402.87;sin dato;sin dato;3923.72;726.61;12;0
ORD-2023-00370;2024-12-19;2024-12-19;estándar;enviado;938;P0097;1;0.30;186.93;-31.97;archivadores smart 7;oficina;archivadores;altura;267.04;208.99;sin dato;sin dato;130.85;186.93;12;0
ORD-2023-00370;2024-12-19;2024-12-19;estándar;enviado;939;P0076;7;0.20;642.54;211.78;almacenamiento eco 6;muebles;almacenamiento;patagonia;114.74;61.78;sin dato;sin dato;514.03;91.79;12;0
ORD-2023-00371;2025-01-10;2025-01-12;mismo día;completado;940;P0119;4;0.00;2480.96;1090.20;sobres plus 9;oficina;sobres;andes;620.24;347.69;sin dato;sin dato;2480.96;620.24;1;2
ORD-2023-00372;2024-02-15;2024-02-19;segunda clase;cancelado;941;P0017;6;0.00;1535.10;554.82;teléfonos plus 7;tecnología;teléfonos;alerce;255.85;163.38;sin dato;sin dato;1535.10;255.85;2;4
ORD-2023-00372;2024-02-15;2024-02-19;segunda clase;cancelado;942;P0102;3;0.15;1093.16;277.50;etiquetas pro 2;oficina;etiquetas;vector;428.69;272.95;sin dato;sin dato;929.19;364.39;2;4
ORD-2023-00373;2023-01-01;2023-01-06;estándar;completado;943;P0110;4;0.20;193.02;61.17;etiquetas nova 10;oficina;etiquetas;orion;60.32;34.94;campaña activa 3;afiliados;154.42;48.26;1;5
ORD-2023-00373;2023-01-01;2023-01-06;estándar;completado;944;P0020;6;0.00;2966.34;1495.92;teléfonos flex 10;tecnología;teléfonos;lumen;494.39;245.07;campaña activa 3;afiliados;2966.34;494.39;1;5
ORD-2023-00374;2024-04-27;2024-05-01;mismo día;completado;945;P0107;8;0.05;588.62;245.68;etiquetas pro 7;oficina;etiquetas;orion;77.45;42.46;sin dato;sin dato;559.19;73.58;4;4
ORD-2023-00374;2024-04-27;2024-05-01;mismo día;completado;946;P0050;3;0.15;616.16;215.20;sillas nova 10;muebles;sillas;lumen;241.63;129.84;sin dato;sin dato;523.74;205.39;4;4
ORD-2023-00374;2024-04-27;2024-05-01;mismo día;completado;947;P0052;6;0.10;2668.41;364.28;mesas nova 2;muebles;mesas;lumen;494.15;377.70;sin dato;sin dato;2401.57;444.73;4;4
ORD-2023-00374;2024-04-27;2024-05-01;mismo día;completado;948;P0077;7;0.00;766.43;390.95;almacenamiento nova 7;muebles;almacenamiento;altura;109.49;53.64;sin dato;sin dato;766.43;109.49;4;4
ORD-2023-00375;2024-09-15;2024-09-16;primera clase;completado;949;P0079;7;0.00;342.09;90.79;almacenamiento nova 9;muebles;almacenamiento;alerce;48.87;35.90;sin dato;sin dato;342.09;48.87;9;1
ORD-2023-00376;2023-07-12;2023-07-12;mismo día;completado;950;P0055;3;0.10;1563.60;559.27;mesas plus 5;muebles;mesas;vector;579.11;339.15;campaña ahorro 7;afiliados;1407.24;521.20;7;0
ORD-2023-00376;2023-07-12;2023-07-12;mismo día;completado;951;P0005;5;0.20;3566.68;926.94;accesorios flex 5;tecnología;accesorios;vector;891.67;550.81;campaña ahorro 7;afiliados;2853.34;713.34;7;0
ORD-2023-00377;2023-04-19;2023-04-22;estándar;completado;952;P0103;1;0.00;538.60;194.97;etiquetas nova 3;oficina;etiquetas;alerce;538.60;343.63;sin dato;sin dato;538.60;538.60;4;3
ORD-2023-00377;2023-04-19;2023-04-22;estándar;completado;953;P0088;8;0.00;5566.72;2183.92;papelería eco 8;oficina;papelería;patagonia;695.84;422.85;sin dato;sin dato;5566.72;695.84;4;3
ORD-2023-00377;2023-04-19;2023-04-22;estándar;completado;954;P0055;1;0.10;521.20;183.79;mesas plus 5;muebles;mesas;vector;579.11;339.15;sin dato;sin dato;469.08;521.20;4;3
ORD-2023-00377;2023-04-19;2023-04-22;estándar;completado;955;P0078;8;0.15;2041.50;917.88;almacenamiento eco 8;muebles;almacenamiento;andes;300.22;135.39;sin dato;sin dato;1735.27;255.19;4;3
ORD-2023-00378;2024-01-09;2024-01-09;mismo día;devuelto;956;P0020;1;0.15;420.23;161.87;teléfonos flex 10;tecnología;teléfonos;lumen;494.39;245.07;sin dato;sin dato;357.20;420.23;1;0
ORD-2023-00379;2024-06-11;2024-06-17;mismo día;enviado;957;P0037;1;0.00;288.98;131.43;periféricos nova 7;tecnología;periféricos;orion;288.98;157.55;sin dato;sin dato;288.98;288.98;6;6
ORD-2023-00379;2024-06-11;2024-06-17;mismo día;enviado;958;P0047;1;0.15;593.16;82.76;sillas plus 7;muebles;sillas;andes;697.83;520.77;sin dato;sin dato;504.19;593.16;6;6
ORD-2023-00379;2024-06-11;2024-06-17;mismo día;enviado;959;P0087;5;0.00;3701.85;1074.00;papelería flex 7;oficina;papelería;andes;740.37;525.57;sin dato;sin dato;3701.85;740.37;6;6
ORD-2023-00379;2024-06-11;2024-06-17;mismo día;enviado;960;P0038;6;0.20;1962.82;555.54;periféricos nova 8;tecnología;periféricos;andes;408.92;250.33;sin dato;sin dato;1570.26;327.14;6;6
ORD-2023-00380;2024-10-13;2024-10-13;estándar;completado;961;P0032;3;0.00;2170.77;651.42;periféricos eco 2;tecnología;periféricos;vector;723.59;506.45;sin dato;sin dato;2170.77;723.59;10;0
ORD-2023-00380;2024-10-13;2024-10-13;estándar;completado;962;P0094;3;0.30;378.08;2.45;archivadores pro 4;oficina;archivadores;alerce;180.04;126.70;sin dato;sin dato;264.66;126.03;10;0
ORD-2023-00380;2024-10-13;2024-10-13;estándar;completado;963;P0045;8;0.05;4065.24;896.28;sillas eco 5;muebles;sillas;lumen;534.90;391.64;sin dato;sin dato;3861.98;508.16;10;0
ORD-2023-00380;2024-10-13;2024-10-13;estándar;completado;964;P0006;2;0.15;1477.78;446.77;accesorios nova 6;tecnología;accesorios;andes;869.28;522.14;sin dato;sin dato;1256.11;738.89;10;0
ORD-2023-00381;2024-01-27;2024-01-31;primera clase;completado;965;P0003;3;0.10;2344.30;265.91;accesorios plus 3;tecnología;accesorios;altura;868.26;685.10;sin dato;sin dato;2109.87;781.43;1;4
ORD-2023-00381;2024-01-27;2024-01-31;primera clase;completado;966;P0108;7;0.00;3436.65;688.87;etiquetas flex 8;oficina;etiquetas;patagonia;490.95;392.54;sin dato;sin dato;3436.65;490.95;1;4
ORD-2023-00381;2024-01-27;2024-01-31;primera clase;completado;967;P0039;4;0.00;948.44;192.80;periféricos nova 9;tecnología;periféricos;vector;237.11;188.91;sin dato;sin dato;948.44;237.11;1;4
ORD-2023-00381;2024-01-27;2024-01-31;primera clase;completado;968;P0028;7;0.10;2911.42;1193.73;computadores pro 8;tecnología;computadores;lumen;462.13;240.82;sin dato;sin dato;2620.28;415.92;1;4
ORD-2023-00382;2024-05-28;2024-06-02;primera clase;cancelado;969;P0053;4;0.00;1482.84;528.00;mesas eco 3;muebles;mesas;alerce;370.71;238.71;sin dato;sin dato;1482.84;370.71;5;5
ORD-2023-00383;2023-10-01;2023-10-04;primera clase;devuelto;970;P0029;1;0.15;238.95;44.18;computadores eco 9;tecnología;computadores;patagonia;281.12;199.48;sin dato;sin dato;203.11;238.95;10;3
ORD-2023-00383;2023-10-01;2023-10-04;primera clase;devuelto;971;P0094;8;0.20;1152.26;123.13;archivadores pro 4;oficina;archivadores;alerce;180.04;126.70;sin dato;sin dato;921.81;144.03;10;3
ORD-2023-00384;2024-02-03;2024-02-06;primera clase;completado;972;P0106;8;0.00;1796.56;848.80;etiquetas eco 6;oficina;etiquetas;vector;224.57;118.47;sin dato;sin dato;1796.56;224.57;2;3
ORD-2023-00384;2024-02-03;2024-02-06;primera clase;completado;973;P0027;3;0.20;95.23;41.46;computadores flex 7;tecnología;computadores;alerce;39.68;18.70;sin dato;sin dato;76.18;31.74;2;3
ORD-2023-00384;2024-02-03;2024-02-06;primera clase;completado;974;P0085;2;0.30;1041.61;-51.32;papelería smart 5;oficina;papelería;alerce;744.01;540.99;sin dato;sin dato;729.13;520.80;2;3
ORD-2023-00385;2023-08-01;2023-08-06;primera clase;completado;975;P0058;8;0.00;1880.56;434.80;mesas nova 8;muebles;mesas;andes;235.07;180.72;sin dato;sin dato;1880.56;235.07;8;5
ORD-2023-00385;2023-08-01;2023-08-06;primera clase;completado;976;P0080;6;0.20;3797.33;1539.02;almacenamiento plus 10;muebles;almacenamiento;patagonia;791.11;381.74;sin dato;sin dato;3037.86;632.89;8;5
ORD-2023-00385;2023-08-01;2023-08-06;primera clase;completado;977;P0097;5;0.30;934.64;-188.77;archivadores smart 7;oficina;archivadores;altura;267.04;208.99;sin dato;sin dato;654.25;186.93;8;5
ORD-2023-00386;2023-05-15;2023-05-18;estándar;enviado;978;P0028;2;0.10;831.83;362.08;computadores pro 8;tecnología;computadores;lumen;462.13;240.82;sin dato;sin dato;748.65;415.92;5;3
ORD-2023-00386;2023-05-15;2023-05-18;estándar;enviado;979;P0099;7;0.20;59.19;25.07;archivadores eco 9;oficina;archivadores;orion;10.57;5.00;sin dato;sin dato;47.35;8.46;5;3
ORD-2023-00387;2024-09-05;2024-09-07;primera clase;completado;980;P0029;7;0.30;1377.49;-79.52;computadores eco 9;tecnología;computadores;patagonia;281.12;199.48;campaña ahorro 6;afiliados;964.24;196.78;9;2
ORD-2023-00387;2024-09-05;2024-09-07;primera clase;completado;981;P0106;8;0.00;1796.56;848.80;etiquetas eco 6;oficina;etiquetas;vector;224.57;118.47;campaña ahorro 6;afiliados;1796.56;224.57;9;2
ORD-2023-00387;2024-09-05;2024-09-07;primera clase;completado;982;P0052;5;0.00;2470.75;582.25;mesas nova 2;muebles;mesas;lumen;494.15;377.70;campaña ahorro 6;afiliados;2470.75;494.15;9;2
ORD-2023-00387;2024-09-05;2024-09-07;primera clase;completado;983;P0098;8;0.00;1871.28;555.04;archivadores nova 8;oficina;archivadores;lumen;233.91;164.53;campaña ahorro 6;afiliados;1871.28;233.91;9;2
ORD-2023-00388;2024-08-17;2024-08-22;estándar;completado;984;P0018;2;0.20;1098.05;106.61;teléfonos flex 8;tecnología;teléfonos;patagonia;686.28;471.26;campaña ahorro 7;afiliados;878.44;549.02;8;5
ORD-2023-00388;2024-08-17;2024-08-22;estándar;completado;985;P0079;4;0.00;195.48;51.88;almacenamiento nova 9;muebles;almacenamiento;alerce;48.87;35.90;campaña ahorro 7;afiliados;195.48;48.87;8;5
ORD-2023-00389;2024-01-15;2024-01-15;mismo día;enviado;986;P0109;3;0.30;1603.96;-38.00;etiquetas smart 9;oficina;etiquetas;patagonia;763.79;559.32;sin dato;sin dato;1122.77;534.65;1;0
ORD-2023-00389;2024-01-15;2024-01-15;mismo día;enviado;987;P0023;8;0.05;6029.61;2891.40;computadores pro 3;tecnología;computadores;patagonia;793.37;395.09;sin dato;sin dato;5728.13;753.70;1;0
ORD-2023-00390;2023-02-01;2023-02-02;mismo día;completado;988;P0060;2;0.15;269.09;74.91;mesas smart 10;muebles;mesas;vector;158.29;93.56;sin dato;sin dato;228.73;134.54;2;1
ORD-2023-00390;2023-02-01;2023-02-02;mismo día;completado;989;P0032;8;0.00;5788.72;1737.12;periféricos eco 2;tecnología;periféricos;vector;723.59;506.45;sin dato;sin dato;5788.72;723.59;2;1
ORD-2023-00391;2024-06-16;2024-06-19;mismo día;completado;990;P0092;1;0.30;431.42;123.91;archivadores nova 2;oficina;archivadores;alerce;616.32;308.93;sin dato;sin dato;301.99;431.42;6;3
ORD-2023-00392;2025-04-11;2025-04-14;estándar;completado;991;P0092;8;0.20;3944.45;1359.64;archivadores nova 2;oficina;archivadores;alerce;616.32;308.93;sin dato;sin dato;3155.56;493.06;4;3
ORD-2023-00392;2025-04-11;2025-04-14;estándar;completado;992;P0019;5;0.00;2627.15;645.95;teléfonos eco 9;tecnología;teléfonos;andes;525.43;396.24;sin dato;sin dato;2627.15;525.43;4;3
ORD-2023-00392;2025-04-11;2025-04-14;estándar;completado;993;P0053;6;0.00;2224.26;792.00;mesas eco 3;muebles;mesas;alerce;370.71;238.71;sin dato;sin dato;2224.26;370.71;4;3
ORD-2023-00392;2025-04-11;2025-04-14;estándar;completado;994;P0027;5;0.00;198.40;104.90;computadores flex 7;tecnología;computadores;alerce;39.68;18.70;sin dato;sin dato;198.40;39.68;4;3
ORD-2023-00393;2024-12-27;2024-12-30;primera clase;enviado;995;P0043;8;0.10;5073.12;1812.70;sillas smart 3;muebles;sillas;altura;704.60;405.63;sin dato;sin dato;4565.81;634.14;12;3
ORD-2023-00393;2024-12-27;2024-12-30;primera clase;enviado;996;P0098;3;0.00;701.73;208.14;archivadores nova 8;oficina;archivadores;lumen;233.91;164.53;sin dato;sin dato;701.73;233.91;12;3
ORD-2023-00393;2024-12-27;2024-12-30;primera clase;enviado;997;P0029;6;0.15;1433.71;215.19;computadores eco 9;tecnología;computadores;patagonia;281.12;199.48;sin dato;sin dato;1218.65;238.95;12;3
ORD-2023-00393;2024-12-27;2024-12-30;primera clase;enviado;998;P0092;3;0.10;1664.06;739.10;archivadores nova 2;oficina;archivadores;alerce;616.32;308.93;sin dato;sin dato;1497.65;554.69;12;3
ORD-2023-00394;2023-06-08;2023-06-13;primera clase;completado;999;P0033;4;0.00;3533.40;763.48;periféricos nova 3;tecnología;periféricos;altura;883.35;692.48;sin dato;sin dato;3533.40;883.35;6;5
ORD-2023-00394;2023-06-08;2023-06-13;primera clase;completado;1000;P0019;1;0.10;472.89;79.50;teléfonos eco 9;tecnología;teléfonos;andes;525.43;396.24;sin dato;sin dato;425.60;472.89;6;5
ORD-2023-00394;2023-06-08;2023-06-13;primera clase;completado;1001;P0062;3;0.15;1187.48;469.02;libreros plus 2;muebles;libreros;vector;465.68;235.47;sin dato;sin dato;1009.36;395.83;6;5
ORD-2023-00394;2023-06-08;2023-06-13;primera clase;completado;1002;P0067;6;0.20;829.30;144.81;libreros pro 7;muebles;libreros;nova;172.77;109.03;sin dato;sin dato;663.44;138.22;6;5
ORD-2023-00395;2024-06-21;2024-06-24;estándar;completado;1003;P0040;4;0.05;2819.64;1118.09;periféricos eco 10;tecnología;periféricos;andes;742.01;430.58;campaña ahorro 7;afiliados;2678.66;704.91;6;3
ORD-2023-00395;2024-06-21;2024-06-24;estándar;completado;1004;P0084;4;0.15;2502.81;1096.78;papelería flex 4;oficina;papelería;altura;736.12;351.56;campaña ahorro 7;afiliados;2127.39;625.70;6;3
ORD-2023-00396;2023-08-22;2023-08-27;estándar;completado;1005;P0035;2;0.00;1529.42;451.90;periféricos nova 5;tecnología;periféricos;orion;764.71;538.76;campaña cliente vip 1;email;1529.42;764.71;8;5
ORD-2023-00397;2023-09-20;2023-09-26;segunda clase;completado;1006;P0023;1;0.10;714.03;317.29;computadores pro 3;tecnología;computadores;patagonia;793.37;395.09;sin dato;sin dato;642.63;714.03;9;6
ORD-2023-00397;2023-09-20;2023-09-26;segunda clase;completado;1007;P0096;4;0.00;2825.96;1239.88;archivadores pro 6;oficina;archivadores;patagonia;706.49;396.52;sin dato;sin dato;2825.96;706.49;9;6
ORD-2023-00397;2023-09-20;2023-09-26;segunda clase;completado;1008;P0067;5;0.00;863.85;318.70;libreros pro 7;muebles;libreros;nova;172.77;109.03;sin dato;sin dato;863.85;172.77;9;6
ORD-2023-00397;2023-09-20;2023-09-26;segunda clase;completado;1009;P0075;8;0.30;2981.22;1018.13;almacenamiento plus 5;muebles;almacenamiento;nova;532.36;271.05;sin dato;sin dato;2086.85;372.65;9;6
ORD-2023-00398;2025-03-19;2025-03-24;estándar;completado;1010;P0013;4;0.30;800.41;132.82;teléfonos nova 3;tecnología;teléfonos;lumen;285.86;173.76;campaña outlet 8;búsqueda;560.29;200.10;3;5
ORD-2023-00398;2025-03-19;2025-03-24;estándar;completado;1011;P0075;7;0.00;3726.52;1829.17;almacenamiento plus 5;muebles;almacenamiento;nova;532.36;271.05;campaña outlet 8;búsqueda;3726.52;532.36;3;5
ORD-2023-00399;2024-08-26;2024-09-01;estándar;enviado;1012;P0077;5;0.30;383.21;106.40;almacenamiento nova 7;muebles;almacenamiento;altura;109.49;53.64;sin dato;sin dato;268.25;76.64;8;6
ORD-2023-00399;2024-08-26;2024-09-01;estándar;enviado;1013;P0065;8;0.10;3087.29;1322.87;libreros pro 5;muebles;libreros;nova;428.79;212.81;sin dato;sin dato;2778.56;385.91;8;6
ORD-2023-00399;2024-08-26;2024-09-01;estándar;enviado;1014;P0034;4;0.15;1426.91;346.47;periféricos flex 4;tecnología;periféricos;orion;419.68;275.77;sin dato;sin dato;1212.87;356.73;8;6
ORD-2023-00399;2024-08-26;2024-09-01;estándar;enviado;1015;P0081;8;0.00;6563.68;2501.20;papelería smart 1;oficina;papelería;altura;820.46;507.81;sin dato;sin dato;6563.68;820.46;8;6
ORD-2023-00400;2023-01-07;2023-01-09;mismo día;completado;1016;P0009;7;0.10;5435.51;2325.57;accesorios flex 9;tecnología;accesorios;patagonia;862.78;458.27;sin dato;sin dato;4891.96;776.50;1;2
ORD-2023-00400;2023-01-07;2023-01-09;mismo día;completado;1017;P0044;3;0.05;2076.37;719.82;sillas plus 4;muebles;sillas;orion;728.55;448.12;sin dato;sin dato;1972.55;692.12;1;2
ORD-2024-00401;2023-11-11;2023-11-15;primera clase;completado;1018;P0074;3;0.15;1051.90;295.16;almacenamiento smart 4;muebles;almacenamiento;lumen;412.51;260.75;campaña outlet 8;búsqueda;894.12;350.63;11;4
ORD-2024-00401;2023-11-11;2023-11-15;primera clase;completado;1019;P0101;3;0.00;1736.13;579.12;etiquetas eco 1;oficina;etiquetas;nova;578.71;385.67;campaña outlet 8;búsqueda;1736.13;578.71;11;4
ORD-2024-00402;2024-06-12;2024-06-15;primera clase;enviado;1020;P0061;5;0.15;3720.28;1494.76;libreros plus 1;muebles;libreros;altura;875.36;463.75;sin dato;sin dato;3162.24;744.06;6;3
ORD-2024-00402;2024-06-12;2024-06-15;primera clase;enviado;1021;P0094;6;0.15;918.20;161.26;archivadores pro 4;oficina;archivadores;alerce;180.04;126.70;sin dato;sin dato;780.47;153.03;6;3
ORD-2024-00402;2024-06-12;2024-06-15;primera clase;enviado;1022;P0073;7;0.20;978.66;186.75;almacenamiento eco 3;muebles;almacenamiento;orion;174.76;120.04;sin dato;sin dato;782.93;139.81;6;3
ORD-2024-00403;2024-02-23;2024-02-25;mismo día;completado;1023;P0003;4;0.05;3299.39;547.73;accesorios plus 3;tecnología;accesorios;altura;868.26;685.10;sin dato;sin dato;3134.42;824.85;2;2
ORD-2024-00403;2024-02-23;2024-02-25;mismo día;completado;1024;P0038;6;0.00;2453.52;951.54;periféricos nova 8;tecnología;periféricos;andes;408.92;250.33;sin dato;sin dato;2453.52;408.92;2;2
ORD-2024-00403;2024-02-23;2024-02-25;mismo día;completado;1025;P0042;4;0.05;2115.88;603.80;sillas flex 2;muebles;sillas;vector;556.81;376.71;sin dato;sin dato;2010.09;528.97;2;2
ORD-2024-00404;2023-04-20;2023-04-20;mismo día;completado;1026;P0089;8;0.05;2668.51;826.38;papelería plus 9;oficina;papelería;vector;351.12;231.81;campaña ahorro 6;afiliados;2535.08;333.56;4;0
ORD-2024-00404;2023-04-20;2023-04-20;mismo día;completado;1027;P0008;2;0.00;793.20;242.82;accesorios plus 8;tecnología;accesorios;andes;396.60;275.19;campaña ahorro 6;afiliados;793.20;396.60;4;0
ORD-2024-00404;2023-04-20;2023-04-20;mismo día;completado;1028;P0069;6;0.30;2805.01;-218.98;libreros smart 9;muebles;libreros;patagonia;667.86;470.05;campaña ahorro 6;afiliados;1963.51;467.50;4;0
ORD-2024-00404;2023-04-20;2023-04-20;mismo día;completado;1029;P0061;3;0.00;2626.08;1234.83;libreros plus 1;muebles;libreros;altura;875.36;463.75;campaña ahorro 6;afiliados;2626.08;875.36;4;0
ORD-2024-00405;2023-06-04;2023-06-08;mismo día;completado;1030;P0074;5;0.10;1856.30;536.91;almacenamiento smart 4;muebles;almacenamiento;lumen;412.51;260.75;campaña activa 4;afiliados;1670.67;371.26;6;4
ORD-2024-00405;2023-06-04;2023-06-08;mismo día;completado;1031;P0099;2;0.15;17.97;7.39;archivadores eco 9;oficina;archivadores;orion;10.57;5.00;campaña activa 4;afiliados;15.27;8.98;6;4
ORD-2024-00405;2023-06-04;2023-06-08;mismo día;completado;1032;P0116;8;0.05;5883.84;2042.57;sobres flex 6;oficina;sobres;patagonia;774.19;485.05;campaña activa 4;afiliados;5589.65;735.48;6;4
ORD-2024-00406;2024-04-16;2024-04-18;estándar;completado;1033;P0083;7;0.20;296.18;49.29;papelería pro 3;oficina;papelería;altura;52.89;35.71;campaña cliente vip 5;display;236.94;42.31;4;2
ORD-2024-00407;2024-06-25;2024-06-25;estándar;completado;1034;P0005;6;0.30;3745.01;579.70;accesorios flex 5;tecnología;accesorios;vector;891.67;550.81;sin dato;sin dato;2621.51;624.17;6;0
ORD-2024-00407;2024-06-25;2024-06-25;estándar;completado;1035;P0082;2;0.00;1181.72;644.84;papelería eco 2;oficina;papelería;orion;590.86;268.44;sin dato;sin dato;1181.72;590.86;6;0
ORD-2024-00407;2024-06-25;2024-06-25;estándar;completado;1036;P0069;3;0.00;2003.58;593.43;libreros smart 9;muebles;libreros;patagonia;667.86;470.05;sin dato;sin dato;2003.58;667.86;6;0
ORD-2024-00407;2024-06-25;2024-06-25;estándar;completado;1037;P0079;4;0.00;195.48;51.88;almacenamiento nova 9;muebles;almacenamiento;alerce;48.87;35.90;sin dato;sin dato;195.48;48.87;6;0
ORD-2024-00408;2024-04-21;2024-04-24;segunda clase;devuelto;1038;P0010;3;0.15;1729.10;243.50;accesorios nova 10;tecnología;accesorios;andes;678.08;497.07;sin dato;sin dato;1469.73;576.37;4;3
ORD-2024-00408;2024-04-21;2024-04-24;segunda clase;devuelto;1039;P0114;1;0.20;43.28;13.72;sobres pro 4;oficina;sobres;vector;54.10;29.24;sin dato;sin dato;34.62;43.28;4;3
ORD-2024-00408;2024-04-21;2024-04-24;segunda clase;devuelto;1040;P0080;7;0.00;5537.77;2865.59;almacenamiento plus 10;muebles;almacenamiento;patagonia;791.11;381.74;sin dato;sin dato;5537.77;791.11;4;3
ORD-2024-00409;2023-06-04;2023-06-06;primera clase;completado;1041;P0084;4;0.15;2502.81;1027.09;papelería flex 4;oficina;papelería;altura;736.12;351.56;sin dato;sin dato;2127.39;625.70;6;2
ORD-2024-00409;2023-06-04;2023-06-06;primera clase;completado;1042;P0025;3;0.05;2176.57;626.37;computadores plus 5;tecnología;computadores;orion;763.71;519.66;sin dato;sin dato;2067.74;725.52;6;2
ORD-2024-00409;2023-06-04;2023-06-06;primera clase;completado;1043;P0004;1;0.00;28.12;8.31;accesorios eco 4;tecnología;accesorios;orion;28.12;19.81;sin dato;sin dato;28.12;28.12;6;2
ORD-2024-00409;2023-06-04;2023-06-06;primera clase;completado;1044;P0042;6;0.05;3173.82;902.99;sillas flex 2;muebles;sillas;vector;556.81;376.71;sin dato;sin dato;3015.13;528.97;6;2
ORD-2024-00410;2023-06-17;2023-06-20;segunda clase;completado;1045;P0004;3;0.30;59.05;3.44;accesorios eco 4;tecnología;accesorios;orion;28.12;19.81;sin dato;sin dato;41.33;19.68;6;3
ORD-2024-00410;2023-06-17;2023-06-20;segunda clase;completado;1046;P0057;4;0.20;1650.59;423.32;mesas smart 7;muebles;mesas;patagonia;515.81;325.42;sin dato;sin dato;1320.47;412.65;6;3
ORD-2024-00410;2023-06-17;2023-06-20;segunda clase;completado;1047;P0052;4;0.05;1877.77;356.26;mesas nova 2;muebles;mesas;lumen;494.15;377.70;sin dato;sin dato;1783.88;469.44;6;3
ORD-2024-00411;2023-06-29;2023-07-03;estándar;completado;1048;P0016;8;0.15;5299.24;2144.24;teléfonos pro 6;tecnología;teléfonos;orion;779.30;382.70;sin dato;sin dato;4504.35;662.40;6;4
ORD-2024-00411;2023-06-29;2023-07-03;estándar;completado;1049;P0054;4;0.05;313.58;66.65;mesas eco 4;muebles;mesas;altura;82.52;60.93;sin dato;sin dato;297.90;78.40;6;4
ORD-2024-00412;2023-09-19;2023-09-23;mismo día;completado;1050;P0052;2;0.15;840.05;92.93;mesas nova 2;muebles;mesas;lumen;494.15;377.70;campaña outlet 8;búsqueda;714.04;420.02;9;4
ORD-2024-00412;2023-09-19;2023-09-23;mismo día;completado;1051;P0108;2;0.20;785.52;-34.59;etiquetas flex 8;oficina;etiquetas;patagonia;490.95;392.54;campaña outlet 8;búsqueda;628.42;392.76;9;4
ORD-2024-00412;2023-09-19;2023-09-23;mismo día;completado;1052;P0030;2;0.20;1112.32;430.54;computadores flex 10;tecnología;computadores;alerce;695.20;319.98;campaña outlet 8;búsqueda;889.86;556.16;9;4
ORD-2024-00412;2023-09-19;2023-09-23;mismo día;completado;1053;P0036;6;0.00;5263.20;2738.34;periféricos nova 6;tecnología;periféricos;patagonia;877.20;420.81;campaña outlet 8;búsqueda;5263.20;877.20;9;4
ORD-2024-00413;2024-08-01;2024-08-01;mismo día;completado;1054;P0008;4;0.10;1427.76;335.14;accesorios plus 8;tecnología;accesorios;andes;396.60;275.19;campaña activa 3;afiliados;1284.98;356.94;8;0
ORD-2024-00414;2024-03-05;2024-03-06;segunda clase;enviado;1055;P0101;3;0.00;1736.13;579.12;etiquetas eco 1;oficina;etiquetas;nova;578.71;385.67;campaña activa 3;afiliados;1736.13;578.71;3;1
ORD-2024-00415;2024-10-02;2024-10-04;primera clase;completado;1056;P0043;1;0.30;493.22;126.97;sillas smart 3;muebles;sillas;altura;704.60;405.63;sin dato;sin dato;345.25;493.22;10;2
ORD-2024-00416;2023-02-17;2023-02-21;estándar;completado;1057;P0012;7;0.00;2369.36;1185.94;teléfonos flex 2;tecnología;teléfonos;vector;338.48;169.06;campaña activa 3;afiliados;2369.36;338.48;2;4
ORD-2024-00416;2023-02-17;2023-02-21;estándar;completado;1058;P0060;7;0.30;775.62;169.31;mesas smart 10;muebles;mesas;vector;158.29;93.56;campaña activa 3;afiliados;542.93;110.80;2;4
ORD-2024-00417;2024-05-02;2024-05-05;primera clase;completado;1059;P0079;2;0.30;68.42;-3.30;almacenamiento nova 9;muebles;almacenamiento;alerce;48.87;35.90;sin dato;sin dato;47.89;34.21;5;3
ORD-2024-00417;2024-05-02;2024-05-05;primera clase;completado;1060;P0017;4;0.00;1023.40;369.88;teléfonos plus 7;tecnología;teléfonos;alerce;255.85;163.38;sin dato;sin dato;1023.40;255.85;5;3
ORD-2024-00417;2024-05-02;2024-05-05;primera clase;completado;1061;P0029;2;0.00;562.24;163.28;computadores eco 9;tecnología;computadores;patagonia;281.12;199.48;sin dato;sin dato;562.24;281.12;5;3
ORD-2024-00418;2023-09-13;2023-09-14;mismo día;completado;1062;P0098;3;0.15;596.47;106.16;archivadores nova 8;oficina;archivadores;lumen;233.91;164.53;campaña cliente vip 5;display;507.00;198.82;9;1
ORD-2024-00418;2023-09-13;2023-09-14;mismo día;completado;1063;P0075;1;0.20;425.89;149.22;almacenamiento plus 5;muebles;almacenamiento;nova;532.36;271.05;campaña cliente vip 5;display;340.71;425.89;9;1
ORD-2024-00418;2023-09-13;2023-09-14;mismo día;completado;1064;P0024;1;0.00;807.35;404.48;computadores nova 4;tecnología;computadores;vector;807.35;402.87;campaña cliente vip 5;display;807.35;807.35;9;1
ORD-2024-00419;2024-02-11;2024-02-13;primera clase;completado;1065;P0058;4;0.30;658.20;-78.37;mesas nova 8;muebles;mesas;andes;235.07;180.72;campaña outlet 8;búsqueda;460.74;164.55;2;2
ORD-2024-00419;2024-02-11;2024-02-13;primera clase;completado;1066;P0016;5;0.15;3312.03;1436.57;teléfonos pro 6;tecnología;teléfonos;orion;779.30;382.70;campaña outlet 8;búsqueda;2815.23;662.41;2;2
ORD-2024-00419;2024-02-11;2024-02-13;primera clase;completado;1067;P0033;6;0.30;3710.07;-617.81;periféricos nova 3;tecnología;periféricos;altura;883.35;692.48;campaña outlet 8;búsqueda;2597.05;618.34;2;2
ORD-2024-00419;2024-02-11;2024-02-13;primera clase;completado;1068;P0085;2;0.15;1264.82;159.33;papelería smart 5;oficina;papelería;alerce;744.01;540.99;campaña outlet 8;búsqueda;1075.10;632.41;2;2
ORD-2024-00420;2025-03-11;2025-03-13;segunda clase;devuelto;1069;P0059;2;0.00;276.16;97.12;mesas smart 9;muebles;mesas;andes;138.08;89.52;campaña cliente vip 1;email;276.16;138.08;3;2
ORD-2024-00420;2025-03-11;2025-03-13;segunda clase;devuelto;1070;P0017;6;0.10;1381.59;404.22;teléfonos plus 7;tecnología;teléfonos;alerce;255.85;163.38;campaña cliente vip 1;email;1243.43;230.26;3;2
ORD-2024-00421;2023-07-06;2023-07-09;segunda clase;enviado;1071;P0100;1;0.05;49.99;11.43;archivadores smart 10;oficina;archivadores;andes;52.62;38.31;sin dato;sin dato;47.49;49.99;7;3
ORD-2024-00421;2023-07-06;2023-07-09;segunda clase;enviado;1072;P0068;3;0.00;1915.29;669.93;libreros pro 8;muebles;libreros;lumen;638.43;415.12;sin dato;sin dato;1915.29;638.43;7;3
ORD-2024-00422;2023-08-24;2023-08-29;primera clase;completado;1073;P0088;3;0.05;1983.14;700.26;papelería eco 8;oficina;papelería;patagonia;695.84;422.85;sin dato;sin dato;1883.98;661.05;8;5
ORD-2024-00423;2024-09-16;2024-09-19;mismo día;completado;1074;P0116;7;0.30;3793.53;418.99;sobres flex 6;oficina;sobres;patagonia;774.19;485.05;sin dato;sin dato;2655.47;541.93;9;3
ORD-2024-00423;2024-09-16;2024-09-19;mismo día;completado;1075;P0093;5;0.00;3124.35;1667.00;archivadores flex 3;oficina;archivadores;vector;624.87;291.47;sin dato;sin dato;3124.35;624.87;9;3
ORD-2024-00423;2024-09-16;2024-09-19;mismo día;completado;1076;P0027;2;0.00;79.36;41.96;computadores flex 7;tecnología;computadores;alerce;39.68;18.70;sin dato;sin dato;79.36;39.68;9;3
ORD-2024-00423;2024-09-16;2024-09-19;mismo día;completado;1077;P0019;8;0.00;4203.44;1033.52;teléfonos eco 9;tecnología;teléfonos;andes;525.43;396.24;sin dato;sin dato;4203.44;525.43;9;3
ORD-2024-00424;2025-03-16;2025-03-17;segunda clase;completado;1078;P0010;4;0.10;2441.09;491.82;accesorios nova 10;tecnología;accesorios;andes;678.08;497.07;sin dato;sin dato;2196.98;610.27;3;1
ORD-2024-00424;2025-03-16;2025-03-17;segunda clase;completado;1079;P0016;3;0.05;2221.00;1075.55;teléfonos pro 6;tecnología;teléfonos;orion;779.30;382.70;sin dato;sin dato;2109.95;740.33;3;1
ORD-2024-00424;2025-03-16;2025-03-17;segunda clase;completado;1080;P0098;6;0.00;1403.46;416.28;archivadores nova 8;oficina;archivadores;lumen;233.91;164.53;sin dato;sin dato;1403.46;233.91;3;1
ORD-2024-00425;2023-04-16;2023-04-22;mismo día;completado;1081;P0070;8;0.00;6133.52;2363.36;libreros eco 10;muebles;libreros;andes;766.69;471.27;sin dato;sin dato;6133.52;766.69;4;6
ORD-2024-00426;2023-02-11;2023-02-14;mismo día;completado;1082;P0113;8;0.10;4384.87;1429.26;sobres smart 3;oficina;sobres;patagonia;609.01;376.16;sin dato;sin dato;3946.38;548.11;2;3
ORD-2024-00426;2023-02-11;2023-02-14;mismo día;completado;1083;P0012;6;0.05;1929.34;899.97;teléfonos flex 2;tecnología;teléfonos;vector;338.48;169.06;sin dato;sin dato;1832.87;321.56;2;3
ORD-2024-00427;2024-03-07;2024-03-07;primera clase;enviado;1084;P0116;5;0.15;3290.31;883.72;sobres flex 6;oficina;sobres;patagonia;774.19;485.05;sin dato;sin dato;2796.76;658.06;3;0
ORD-2024-00427;2024-03-07;2024-03-07;primera clase;enviado;1085;P0046;2;0.00;169.74;79.54;sillas pro 6;muebles;sillas;nova;84.87;45.10;sin dato;sin dato;169.74;84.87;3;0
ORD-2024-00427;2024-03-07;2024-03-07;primera clase;enviado;1086;P0032;8;0.05;5499.28;1437.14;periféricos eco 2;tecnología;periféricos;vector;723.59;506.45;sin dato;sin dato;5224.32;687.41;3;0
ORD-2024-00428;2025-03-10;2025-03-16;mismo día;completado;1087;P0006;2;0.00;1738.56;694.28;accesorios nova 6;tecnología;accesorios;andes;869.28;522.14;sin dato;sin dato;1738.56;869.28;3;6
ORD-2024-00428;2025-03-10;2025-03-16;mismo día;completado;1088;P0098;4;0.15;795.29;132.68;archivadores nova 8;oficina;archivadores;lumen;233.91;164.53;sin dato;sin dato;676.00;198.82;3;6
ORD-2024-00428;2025-03-10;2025-03-16;mismo día;completado;1089;P0105;7;0.00;1816.36;954.59;etiquetas pro 5;oficina;etiquetas;lumen;259.48;123.11;sin dato;sin dato;1816.36;259.48;3;6
ORD-2024-00428;2025-03-10;2025-03-16;mismo día;completado;1090;P0110;8;0.00;482.56;203.04;etiquetas nova 10;oficina;etiquetas;orion;60.32;34.94;sin dato;sin dato;482.56;60.32;3;6
ORD-2024-00429;2023-08-10;2023-08-14;mismo día;completado;1091;P0094;8;0.10;1296.29;290.84;archivadores pro 4;oficina;archivadores;alerce;180.04;126.70;campaña ahorro 6;afiliados;1166.66;162.04;8;4
ORD-2024-00430;2023-09-12;2023-09-14;primera clase;completado;1092;P0027;6;0.20;190.46;73.44;computadores flex 7;tecnología;computadores;alerce;39.68;18.70;campaña cliente vip 1;email;152.37;31.74;9;2
ORD-2024-00430;2023-09-12;2023-09-14;primera clase;completado;1093;P0109;8;0.00;6110.32;1635.76;etiquetas smart 9;oficina;etiquetas;patagonia;763.79;559.32;campaña cliente vip 1;email;6110.32;763.79;9;2
ORD-2024-00431;2025-04-28;2025-04-30;primera clase;completado;1094;P0082;3;0.20;1418.06;654.98;papelería eco 2;oficina;papelería;orion;590.86;268.44;campaña ahorro 2;afiliados;1134.45;472.69;4;2
ORD-2024-00431;2025-04-28;2025-04-30;primera clase;completado;1095;P0045;6;0.30;2246.58;-255.69;sillas eco 5;muebles;sillas;lumen;534.90;391.64;campaña ahorro 2;afiliados;1572.61;374.43;4;2
ORD-2024-00431;2025-04-28;2025-04-30;primera clase;completado;1096;P0022;6;0.00;2587.32;1302.84;computadores pro 2;tecnología;computadores;altura;431.22;214.08;campaña ahorro 2;afiliados;2587.32;431.22;4;2
ORD-2024-00431;2025-04-28;2025-04-30;primera clase;completado;1097;P0117;5;0.00;3727.30;879.85;sobres eco 7;oficina;sobres;vector;745.46;569.49;campaña ahorro 2;afiliados;3727.30;745.46;4;2
ORD-2024-00432;2023-04-06;2023-04-06;mismo día;cancelado;1098;P0019;6;0.15;2679.69;321.78;teléfonos eco 9;tecnología;teléfonos;andes;525.43;396.24;sin dato;sin dato;2277.74;446.62;4;0
ORD-2024-00432;2023-04-06;2023-04-06;mismo día;cancelado;1099;P0014;5;0.00;390.35;210.50;teléfonos pro 4;tecnología;teléfonos;alerce;78.07;35.97;sin dato;sin dato;390.35;78.07;4;0
ORD-2024-00432;2023-04-06;2023-04-06;mismo día;cancelado;1100;P0057;1;0.05;490.02;164.10;mesas smart 7;muebles;mesas;patagonia;515.81;325.42;sin dato;sin dato;465.52;490.02;4;0
ORD-2024-00433;2024-05-21;2024-05-22;segunda clase;devuelto;1101;P0083;4;0.00;211.56;68.72;papelería pro 3;oficina;papelería;altura;52.89;35.71;sin dato;sin dato;211.56;52.89;5;1
ORD-2024-00433;2024-05-21;2024-05-22;segunda clase;devuelto;1102;P0003;8;0.30;4862.26;-547.30;accesorios plus 3;tecnología;accesorios;altura;868.26;685.10;sin dato;sin dato;3403.58;607.78;5;1
ORD-2024-00433;2024-05-21;2024-05-22;segunda clase;devuelto;1103;P0053;3;0.20;889.70;162.25;mesas eco 3;muebles;mesas;alerce;370.71;238.71;sin dato;sin dato;711.76;296.57;5;1
ORD-2024-00433;2024-05-21;2024-05-22;segunda clase;devuelto;1104;P0096;5;0.15;3002.58;955.67;archivadores pro 6;oficina;archivadores;patagonia;706.49;396.52;sin dato;sin dato;2552.19;600.52;5;1
ORD-2024-00434;2024-01-15;2024-01-17;primera clase;cancelado;1105;P0010;3;0.15;1729.10;193.96;accesorios nova 10;tecnología;accesorios;andes;678.08;497.07;sin dato;sin dato;1469.73;576.37;1;2
ORD-2024-00434;2024-01-15;2024-01-17;primera clase;cancelado;1106;P0102;3;0.00;1286.07;467.22;etiquetas pro 2;oficina;etiquetas;vector;428.69;272.95;sin dato;sin dato;1286.07;428.69;1;2
ORD-2024-00434;2024-01-15;2024-01-17;primera clase;cancelado;1107;P0069;6;0.00;4007.16;1186.86;libreros smart 9;muebles;libreros;patagonia;667.86;470.05;sin dato;sin dato;4007.16;667.86;1;2
ORD-2024-00435;2025-01-04;2025-01-09;segunda clase;completado;1108;P0074;1;0.30;288.76;22.13;almacenamiento smart 4;muebles;almacenamiento;lumen;412.51;260.75;sin dato;sin dato;202.13;288.76;1;5
ORD-2024-00435;2025-01-04;2025-01-09;segunda clase;completado;1109;P0076;7;0.00;803.18;370.72;almacenamiento eco 6;muebles;almacenamiento;patagonia;114.74;61.78;sin dato;sin dato;803.18;114.74;1;5
ORD-2024-00435;2025-01-04;2025-01-09;segunda clase;completado;1110;P0003;8;0.00;6946.08;1465.28;accesorios plus 3;tecnología;accesorios;altura;868.26;685.10;sin dato;sin dato;6946.08;868.26;1;5
ORD-2024-00436;2023-03-07;2023-03-12;estándar;completado;1111;P0056;3;0.20;1446.36;162.57;mesas flex 6;muebles;mesas;orion;602.65;441.66;campaña cliente vip 5;display;1157.09;482.12;3;5
ORD-2024-00436;2023-03-07;2023-03-12;estándar;completado;1112;P0040;5;0.15;3153.54;1060.17;periféricos eco 10;tecnología;periféricos;andes;742.01;430.58;campaña cliente vip 5;display;2680.51;630.71;3;5
ORD-2024-00436;2023-03-07;2023-03-12;estándar;completado;1113;P0019;6;0.00;3152.58;775.14;teléfonos eco 9;tecnología;teléfonos;andes;525.43;396.24;campaña cliente vip 5;display;3152.58;525.43;3;5
ORD-2024-00436;2023-03-07;2023-03-12;estándar;completado;1114;P0092;6;0.00;3697.92;1844.34;archivadores nova 2;oficina;archivadores;alerce;616.32;308.93;campaña cliente vip 5;display;3697.92;616.32;3;5
ORD-2024-00437;2024-06-26;2024-06-29;segunda clase;completado;1115;P0107;3;0.00;232.35;104.97;etiquetas pro 7;oficina;etiquetas;orion;77.45;42.46;sin dato;sin dato;232.35;77.45;6;3
ORD-2024-00437;2024-06-26;2024-06-29;segunda clase;completado;1116;P0094;2;0.15;306.07;61.55;archivadores pro 4;oficina;archivadores;alerce;180.04;126.70;sin dato;sin dato;260.16;153.04;6;3
ORD-2024-00438;2024-12-18;2024-12-23;mismo día;completado;1117;P0024;2;0.10;1453.23;656.85;computadores nova 4;tecnología;computadores;vector;807.35;402.87;campaña ahorro 7;afiliados;1307.91;726.62;12;5
ORD-2024-00438;2024-12-18;2024-12-23;mismo día;completado;1118;P0113;5;0.30;2131.53;400.28;sobres smart 3;oficina;sobres;patagonia;609.01;376.16;campaña ahorro 7;afiliados;1492.07;426.31;12;5
ORD-2024-00438;2024-12-18;2024-12-23;mismo día;completado;1119;P0052;4;0.05;1877.77;372.85;mesas nova 2;muebles;mesas;lumen;494.15;377.70;campaña ahorro 7;afiliados;1783.88;469.44;12;5
ORD-2024-00439;2024-04-07;2024-04-13;estándar;completado;1120;P0088;6;0.00;4175.04;1637.94;papelería eco 8;oficina;papelería;patagonia;695.84;422.85;campaña cliente vip 5;display;4175.04;695.84;4;6
ORD-2024-00440;2023-12-01;2023-12-04;segunda clase;enviado;1121;P0024;4;0.15;2744.99;1211.60;computadores nova 4;tecnología;computadores;vector;807.35;402.87;campaña ahorro 6;afiliados;2333.24;686.25;12;3
ORD-2024-00440;2023-12-01;2023-12-04;segunda clase;enviado;1122;P0077;6;0.00;656.94;335.10;almacenamiento nova 7;muebles;almacenamiento;altura;109.49;53.64;campaña ahorro 6;afiliados;656.94;109.49;12;3
ORD-2024-00440;2023-12-01;2023-12-04;segunda clase;enviado;1123;P0065;3;0.30;900.46;334.53;libreros pro 5;muebles;libreros;nova;428.79;212.81;campaña ahorro 6;afiliados;630.32;300.15;12;3
ORD-2024-00440;2023-12-01;2023-12-04;segunda clase;enviado;1124;P0120;2;0.10;1271.29;372.55;sobres plus 10;oficina;sobres;altura;706.27;437.08;campaña ahorro 6;afiliados;1144.16;635.64;12;3
ORD-2024-00441;2024-11-30;2024-12-01;estándar;completado;1125;P0078;3;0.15;765.56;335.73;almacenamiento eco 8;muebles;almacenamiento;andes;300.22;135.39;sin dato;sin dato;650.73;255.19;11;1
ORD-2024-00441;2024-11-30;2024-12-01;estándar;completado;1126;P0101;8;0.00;4629.68;1544.32;etiquetas eco 1;oficina;etiquetas;nova;578.71;385.67;sin dato;sin dato;4629.68;578.71;11;1
ORD-2024-00442;2023-09-10;2023-09-12;mismo día;completado;1127;P0008;8;0.00;3172.80;971.28;accesorios plus 8;tecnología;accesorios;andes;396.60;275.19;campaña outlet 8;búsqueda;3172.80;396.60;9;2
ORD-2024-00442;2023-09-10;2023-09-12;mismo día;completado;1128;P0085;6;0.20;3571.25;233.55;papelería smart 5;oficina;papelería;alerce;744.01;540.99;campaña outlet 8;búsqueda;2857.00;595.21;9;2
ORD-2024-00442;2023-09-10;2023-09-12;mismo día;completado;1129;P0037;6;0.00;1733.88;788.58;periféricos nova 7;tecnología;periféricos;orion;288.98;157.55;campaña outlet 8;búsqueda;1733.88;288.98;9;2
ORD-2024-00443;2024-10-03;2024-10-06;estándar;completado;1130;P0042;8;0.20;3563.58;619.07;sillas flex 2;muebles;sillas;vector;556.81;376.71;campaña ahorro 7;afiliados;2850.86;445.45;10;3
ORD-2024-00444;2024-06-24;2024-06-30;segunda clase;completado;1131;P0095;1;0.00;527.25;242.93;archivadores plus 5;oficina;archivadores;altura;527.25;284.32;campaña ahorro 2;afiliados;527.25;527.25;6;6
ORD-2024-00444;2024-06-24;2024-06-30;segunda clase;completado;1132;P0050;4;0.15;821.54;275.26;sillas nova 10;muebles;sillas;lumen;241.63;129.84;campaña ahorro 2;afiliados;698.31;205.38;6;6
ORD-2024-00444;2024-06-24;2024-06-30;segunda clase;completado;1133;P0106;7;0.00;1571.99;742.70;etiquetas eco 6;oficina;etiquetas;vector;224.57;118.47;campaña ahorro 2;afiliados;1571.99;224.57;6;6
ORD-2024-00445;2023-04-12;2023-04-15;primera clase;enviado;1134;P0064;4;0.00;602.04;142.64;libreros eco 4;muebles;libreros;andes;150.51;114.85;sin dato;sin dato;602.04;150.51;4;3
ORD-2024-00445;2023-04-12;2023-04-15;primera clase;enviado;1135;P0027;2;0.10;71.42;35.60;computadores flex 7;tecnología;computadores;alerce;39.68;18.70;sin dato;sin dato;64.28;35.71;4;3
ORD-2024-00446;2023-07-01;2023-07-04;mismo día;completado;1136;P0019;4;0.10;1891.55;274.48;teléfonos eco 9;tecnología;teléfonos;andes;525.43;396.24;sin dato;sin dato;1702.39;472.89;7;3
ORD-2024-00446;2023-07-01;2023-07-04;mismo día;completado;1137;P0088;5;0.05;3305.24;1160.35;papelería eco 8;oficina;papelería;patagonia;695.84;422.85;sin dato;sin dato;3139.98;661.05;7;3
ORD-2024-00447;2024-12-07;2024-12-07;segunda clase;completado;1138;P0033;1;0.20;706.68;46.58;periféricos nova 3;tecnología;periféricos;altura;883.35;692.48;campaña ahorro 7;afiliados;565.34;706.68;12;0
ORD-2024-00447;2024-12-07;2024-12-07;segunda clase;completado;1139;P0017;4;0.00;1023.40;369.88;teléfonos plus 7;tecnología;teléfonos;alerce;255.85;163.38;campaña ahorro 7;afiliados;1023.40;255.85;12;0
ORD-2024-00447;2024-12-07;2024-12-07;segunda clase;completado;1140;P0021;8;0.00;6355.20;2823.92;computadores plus 1;tecnología;computadores;andes;794.40;441.41;campaña ahorro 7;afiliados;6355.20;794.40;12;0
ORD-2024-00447;2024-12-07;2024-12-07;segunda clase;completado;1141;P0022;5;0.20;1724.88;691.60;computadores pro 2;tecnología;computadores;altura;431.22;214.08;campaña ahorro 7;afiliados;1379.90;344.98;12;0
ORD-2024-00448;2024-08-06;2024-08-08;segunda clase;completado;1142;P0026;3;0.00;1432.02;297.57;computadores plus 6;tecnología;computadores;lumen;477.34;378.15;campaña ahorro 2;afiliados;1432.02;477.34;8;2
ORD-2024-00448;2024-08-06;2024-08-08;segunda clase;completado;1143;P0015;4;0.00;2794.00;731.60;teléfonos plus 5;tecnología;teléfonos;nova;698.50;515.60;campaña ahorro 2;afiliados;2794.00;698.50;8;2
ORD-2024-00448;2024-08-06;2024-08-08;segunda clase;completado;1144;P0011;2;0.05;1048.29;326.44;teléfonos plus 1;tecnología;teléfonos;lumen;551.73;361.63;campaña ahorro 2;afiliados;995.88;524.14;8;2
ORD-2024-00448;2024-08-06;2024-08-08;segunda clase;completado;1145;P0057;3;0.30;1083.20;88.93;mesas smart 7;muebles;mesas;patagonia;515.81;325.42;campaña ahorro 2;afiliados;758.24;361.07;8;2
ORD-2024-00449;2025-02-24;2025-02-25;estándar;completado;1146;P0020;6;0.10;2669.71;1149.23;teléfonos flex 10;tecnología;teléfonos;lumen;494.39;245.07;sin dato;sin dato;2402.74;444.95;2;1
ORD-2024-00450;2023-07-25;2023-07-30;primera clase;completado;1147;P0029;3;0.05;801.19;205.52;computadores eco 9;tecnología;computadores;patagonia;281.12;199.48;campaña ahorro 7;afiliados;761.13;267.06;7;5
ORD-2024-00451;2024-03-27;2024-03-27;primera clase;completado;1148;P0019;6;0.00;3152.58;775.14;teléfonos eco 9;tecnología;teléfonos;andes;525.43;396.24;sin dato;sin dato;3152.58;525.43;3;0
ORD-2024-00451;2024-03-27;2024-03-27;primera clase;completado;1149;P0053;1;0.00;370.71;132.00;mesas eco 3;muebles;mesas;alerce;370.71;238.71;sin dato;sin dato;370.71;370.71;3;0
ORD-2024-00452;2023-02-09;2023-02-10;estándar;completado;1150;P0073;1;0.20;139.81;16.01;almacenamiento eco 3;muebles;almacenamiento;orion;174.76;120.04;sin dato;sin dato;111.85;139.81;2;1
ORD-2024-00453;2025-02-19;2025-02-24;mismo día;completado;1151;P0037;7;0.30;1416.00;213.57;periféricos nova 7;tecnología;periféricos;orion;288.98;157.55;campaña ahorro 2;afiliados;991.20;202.29;2;5
ORD-2024-00453;2025-02-19;2025-02-24;mismo día;completado;1152;P0088;8;0.10;5010.05;1661.73;papelería eco 8;oficina;papelería;patagonia;695.84;422.85;campaña ahorro 2;afiliados;4509.05;626.26;2;5
ORD-2024-00453;2025-02-19;2025-02-24;mismo día;completado;1153;P0062;3;0.30;977.93;265.41;libreros plus 2;muebles;libreros;vector;465.68;235.47;campaña ahorro 2;afiliados;684.55;325.98;2;5
ORD-2024-00453;2025-02-19;2025-02-24;mismo día;completado;1154;P0029;3;0.10;759.02;155.96;computadores eco 9;tecnología;computadores;patagonia;281.12;199.48;campaña ahorro 2;afiliados;683.12;253.01;2;5
ORD-2024-00454;2023-09-21;2023-09-22;primera clase;completado;1155;P0059;7;0.05;918.23;282.17;mesas smart 9;muebles;mesas;andes;138.08;89.52;campaña cliente vip 1;email;872.32;131.18;9;1
ORD-2024-00455;2023-08-02;2023-08-05;mismo día;completado;1156;P0060;6;0.15;807.28;255.83;mesas smart 10;muebles;mesas;vector;158.29;93.56;campaña ahorro 7;afiliados;686.19;134.55;8;3
ORD-2024-00455;2023-08-02;2023-08-05;mismo día;completado;1157;P0018;4;0.05;2607.86;738.36;teléfonos flex 8;tecnología;teléfonos;patagonia;686.28;471.26;campaña ahorro 7;afiliados;2477.47;651.96;8;3
ORD-2024-00455;2023-08-02;2023-08-05;mismo día;completado;1158;P0073;4;0.15;594.18;97.23;almacenamiento eco 3;muebles;almacenamiento;orion;174.76;120.04;campaña ahorro 7;afiliados;505.05;148.54;8;3
ORD-2024-00455;2023-08-02;2023-08-05;mismo día;completado;1159;P0048;5;0.05;2970.79;553.65;sillas plus 8;muebles;sillas;orion;625.43;484.77;campaña ahorro 7;afiliados;2822.25;594.16;8;3
ORD-2024-00456;2024-07-09;2024-07-14;mismo día;cancelado;1160;P0028;6;0.00;2772.78;1327.86;computadores pro 8;tecnología;computadores;lumen;462.13;240.82;sin dato;sin dato;2772.78;462.13;7;5
ORD-2024-00456;2024-07-09;2024-07-14;mismo día;cancelado;1161;P0024;8;0.00;6458.80;3235.84;computadores nova 4;tecnología;computadores;vector;807.35;402.87;sin dato;sin dato;6458.80;807.35;7;5
ORD-2024-00457;2024-11-14;2024-11-15;segunda clase;completado;1162;P0041;8;0.05;1174.35;360.69;sillas eco 1;muebles;sillas;vector;154.52;100.57;campaña activa 3;afiliados;1115.63;146.79;11;1
ORD-2024-00457;2024-11-14;2024-11-15;segunda clase;completado;1163;P0098;8;0.15;1590.59;261.96;archivadores nova 8;oficina;archivadores;lumen;233.91;164.53;campaña activa 3;afiliados;1352.00;198.82;11;1
ORD-2024-00457;2024-11-14;2024-11-15;segunda clase;completado;1164;P0087;2;0.00;1480.74;429.60;papelería flex 7;oficina;papelería;andes;740.37;525.57;campaña activa 3;afiliados;1480.74;740.37;11;1
ORD-2024-00457;2024-11-14;2024-11-15;segunda clase;completado;1165;P0118;1;0.15;197.24;25.71;sobres nova 8;oficina;sobres;alerce;232.05;166.62;campaña activa 3;afiliados;167.65;197.24;11;1
ORD-2024-00458;2023-07-27;2023-08-01;estándar;completado;1166;P0075;8;0.30;2981.22;895.29;almacenamiento plus 5;muebles;almacenamiento;nova;532.36;271.05;campaña activa 4;afiliados;2086.85;372.65;7;5
ORD-2024-00458;2023-07-27;2023-08-01;estándar;completado;1167;P0038;5;0.00;2044.60;792.95;periféricos nova 8;tecnología;periféricos;andes;408.92;250.33;campaña activa 4;afiliados;2044.60;408.92;7;5
ORD-2024-00458;2023-07-27;2023-08-01;estándar;completado;1168;P0116;3;0.00;2322.57;867.42;sobres flex 6;oficina;sobres;patagonia;774.19;485.05;campaña activa 4;afiliados;2322.57;774.19;7;5
ORD-2024-00459;2024-07-29;2024-08-02;primera clase;completado;1169;P0015;3;0.30;1466.85;21.37;teléfonos plus 5;tecnología;teléfonos;nova;698.50;515.60;sin dato;sin dato;1026.79;488.95;7;4
ORD-2024-00459;2024-07-29;2024-08-02;primera clase;completado;1170;P0018;7;0.30;3362.77;133.49;teléfonos flex 8;tecnología;teléfonos;patagonia;686.28;471.26;sin dato;sin dato;2353.94;480.40;7;4
ORD-2024-00460;2024-08-23;2024-08-28;mismo día;completado;1171;P0058;1;0.30;164.55;-28.77;mesas nova 8;muebles;mesas;andes;235.07;180.72;sin dato;sin dato;115.19;164.55;8;5
ORD-2024-00460;2024-08-23;2024-08-28;mismo día;completado;1172;P0114;6;0.00;324.60;149.16;sobres pro 4;oficina;sobres;vector;54.10;29.24;sin dato;sin dato;324.60;54.10;8;5
ORD-2024-00461;2023-05-19;2023-05-23;estándar;cancelado;1173;P0082;6;0.10;3190.64;1550.02;papelería eco 2;oficina;papelería;orion;590.86;268.44;sin dato;sin dato;2871.58;531.77;5;4
ORD-2024-00461;2023-05-19;2023-05-23;estándar;cancelado;1174;P0046;8;0.00;678.96;318.16;sillas pro 6;muebles;sillas;nova;84.87;45.10;sin dato;sin dato;678.96;84.87;5;4
ORD-2024-00462;2024-01-09;2024-01-15;estándar;devuelto;1175;P0116;3;0.00;2322.57;867.42;sobres flex 6;oficina;sobres;patagonia;774.19;485.05;campaña cliente vip 5;display;2322.57;774.19;1;6
ORD-2024-00462;2024-01-09;2024-01-15;estándar;devuelto;1176;P0034;8;0.20;2685.95;523.43;periféricos flex 4;tecnología;periféricos;orion;419.68;275.77;campaña cliente vip 5;display;2148.76;335.74;1;6
ORD-2024-00462;2024-01-09;2024-01-15;estándar;devuelto;1177;P0096;8;0.00;5651.92;2479.76;archivadores pro 6;oficina;archivadores;patagonia;706.49;396.52;campaña cliente vip 5;display;5651.92;706.49;1;6
ORD-2024-00463;2024-10-01;2024-10-01;mismo día;completado;1178;P0049;7;0.00;2023.84;540.19;sillas smart 9;muebles;sillas;orion;289.12;211.95;sin dato;sin dato;2023.84;289.12;10;0
ORD-2024-00463;2024-10-01;2024-10-01;mismo día;completado;1179;P0090;7;0.15;4518.37;1149.62;papelería plus 10;oficina;papelería;orion;759.39;487.32;sin dato;sin dato;3840.61;645.48;10;0
ORD-2024-00463;2024-10-01;2024-10-01;mismo día;completado;1180;P0053;6;0.00;2224.26;792.00;mesas eco 3;muebles;mesas;alerce;370.71;238.71;sin dato;sin dato;2224.26;370.71;10;0
ORD-2024-00463;2024-10-01;2024-10-01;mismo día;completado;1181;P0071;4;0.30;2487.86;-128.98;almacenamiento flex 1;muebles;almacenamiento;patagonia;888.52;677.49;sin dato;sin dato;1741.50;621.96;10;0
ORD-2024-00464;2024-11-18;2024-11-18;estándar;cancelado;1182;P0104;2;0.05;1149.88;375.18;etiquetas nova 4;oficina;etiquetas;altura;605.20;392.50;sin dato;sin dato;1092.39;574.94;11;0
ORD-2024-00464;2024-11-18;2024-11-18;estándar;cancelado;1183;P0009;3;0.05;2458.92;1069.68;accesorios flex 9;tecnología;accesorios;patagonia;862.78;458.27;sin dato;sin dato;2335.97;819.64;11;0
ORD-2024-00465;2025-01-10;2025-01-10;estándar;completado;1184;P0081;6;0.00;4922.76;1875.90;papelería smart 1;oficina;papelería;altura;820.46;507.81;sin dato;sin dato;4922.76;820.46;1;0
ORD-2024-00465;2025-01-10;2025-01-10;estándar;completado;1185;P0091;3;0.05;1468.58;399.05;archivadores flex 1;oficina;archivadores;alerce;515.29;352.20;sin dato;sin dato;1395.15;489.53;1;0
ORD-2024-00465;2025-01-10;2025-01-10;estándar;completado;1186;P0024;2;0.00;1614.70;808.96;computadores nova 4;tecnología;computadores;vector;807.35;402.87;sin dato;sin dato;1614.70;807.35;1;0
ORD-2024-00465;2025-01-10;2025-01-10;estándar;completado;1187;P0027;1;0.00;39.68;20.98;computadores flex 7;tecnología;computadores;alerce;39.68;18.70;sin dato;sin dato;39.68;39.68;1;0
ORD-2024-00466;2025-04-17;2025-04-18;segunda clase;completado;1188;P0094;1;0.30;126.03;6.14;archivadores pro 4;oficina;archivadores;alerce;180.04;126.70;sin dato;sin dato;88.22;126.03;4;1
ORD-2024-00466;2025-04-17;2025-04-18;segunda clase;completado;1189;P0011;3;0.05;1572.43;495.38;teléfonos plus 1;tecnología;teléfonos;lumen;551.73;361.63;sin dato;sin dato;1493.81;524.14;4;1
ORD-2024-00466;2025-04-17;2025-04-18;segunda clase;completado;1190;P0090;2;0.00;1518.78;544.14;papelería plus 10;oficina;papelería;orion;759.39;487.32;sin dato;sin dato;1518.78;759.39;4;1
ORD-2024-00467;2023-06-16;2023-06-19;mismo día;completado;1191;P0028;7;0.10;2911.42;1183.69;computadores pro 8;tecnología;computadores;lumen;462.13;240.82;sin dato;sin dato;2620.28;415.92;6;3
ORD-2024-00467;2023-06-16;2023-06-19;mismo día;completado;1192;P0068;1;0.10;574.59;165.05;libreros pro 8;muebles;libreros;lumen;638.43;415.12;sin dato;sin dato;517.13;574.59;6;3
ORD-2024-00467;2023-06-16;2023-06-19;mismo día;completado;1193;P0009;1;0.00;862.78;404.51;accesorios flex 9;tecnología;accesorios;patagonia;862.78;458.27;sin dato;sin dato;862.78;862.78;6;3
ORD-2024-00468;2023-03-23;2023-03-28;estándar;completado;1194;P0041;6;0.00;927.12;323.70;sillas eco 1;muebles;sillas;vector;154.52;100.57;sin dato;sin dato;927.12;154.52;3;5
ORD-2024-00469;2024-01-02;2024-01-07;primera clase;completado;1195;P0041;4;0.05;587.18;183.82;sillas eco 1;muebles;sillas;vector;154.52;100.57;sin dato;sin dato;557.82;146.79;1;5
ORD-2024-00469;2024-01-02;2024-01-07;primera clase;completado;1196;P0089;6;0.20;1685.38;300.42;papelería plus 9;oficina;papelería;vector;351.12;231.81;sin dato;sin dato;1348.30;280.90;1;5
ORD-2024-00469;2024-01-02;2024-01-07;primera clase;completado;1197;P0042;7;0.30;2728.37;-81.04;sillas flex 2;muebles;sillas;vector;556.81;376.71;sin dato;sin dato;1909.86;389.77;1;5
ORD-2024-00469;2024-01-02;2024-01-07;primera clase;completado;1198;P0058;3;0.00;705.21;163.05;mesas nova 8;muebles;mesas;andes;235.07;180.72;sin dato;sin dato;705.21;235.07;1;5
ORD-2024-00470;2023-01-26;2023-02-01;segunda clase;completado;1199;P0002;7;0.00;70.42;28.98;accesorios smart 2;tecnología;accesorios;vector;10.06;5.92;campaña ahorro 6;afiliados;70.42;10.06;1;6
ORD-2024-00470;2023-01-26;2023-02-01;segunda clase;completado;1200;P0028;2;0.00;924.26;442.62;computadores pro 8;tecnología;computadores;lumen;462.13;240.82;campaña ahorro 6;afiliados;924.26;462.13;1;6
ORD-2024-00470;2023-01-26;2023-02-01;segunda clase;completado;1201;P0035;6;0.05;4358.85;1170.18;periféricos nova 5;tecnología;periféricos;orion;764.71;538.76;campaña ahorro 6;afiliados;4140.91;726.48;1;6
ORD-2024-00471;2023-11-07;2023-11-13;segunda clase;completado;1202;P0078;8;0.20;1921.41;850.76;almacenamiento eco 8;muebles;almacenamiento;andes;300.22;135.39;sin dato;sin dato;1537.13;240.18;11;6
ORD-2024-00471;2023-11-07;2023-11-13;segunda clase;completado;1203;P0063;1;0.15;212.06;20.98;libreros smart 3;muebles;libreros;vector;249.48;184.17;sin dato;sin dato;180.25;212.06;11;6
ORD-2024-00471;2023-11-07;2023-11-13;segunda clase;completado;1204;P0042;8;0.10;4009.03;1059.23;sillas flex 2;muebles;sillas;vector;556.81;376.71;sin dato;sin dato;3608.13;501.13;11;6
ORD-2024-00471;2023-11-07;2023-11-13;segunda clase;completado;1205;P0103;4;0.20;1723.52;350.64;etiquetas nova 3;oficina;etiquetas;alerce;538.60;343.63;sin dato;sin dato;1378.82;430.88;11;6
ORD-2024-00472;2023-12-13;2023-12-18;segunda clase;completado;1206;P0044;6;0.00;4371.30;1682.58;sillas plus 4;muebles;sillas;orion;728.55;448.12;campaña ahorro 7;afiliados;4371.30;728.55;12;5
ORD-2024-00472;2023-12-13;2023-12-18;segunda clase;completado;1207;P0009;1;0.30;603.95;159.13;accesorios flex 9;tecnología;accesorios;patagonia;862.78;458.27;campaña ahorro 7;afiliados;422.76;603.95;12;5
ORD-2024-00472;2023-12-13;2023-12-18;segunda clase;completado;1208;P0027;6;0.05;226.18;112.02;computadores flex 7;tecnología;computadores;alerce;39.68;18.70;campaña ahorro 7;afiliados;214.87;37.70;12;5
ORD-2024-00473;2025-03-16;2025-03-18;primera clase;completado;1209;P0116;3;0.15;1974.18;479.79;sobres flex 6;oficina;sobres;patagonia;774.19;485.05;sin dato;sin dato;1678.05;658.06;3;2
ORD-2024-00473;2025-03-16;2025-03-18;primera clase;completado;1210;P0091;4;0.05;1958.10;549.77;archivadores flex 1;oficina;archivadores;alerce;515.29;352.20;sin dato;sin dato;1860.19;489.52;3;2
ORD-2024-00474;2023-11-17;2023-11-21;segunda clase;completado;1211;P0011;8;0.30;3089.69;142.30;teléfonos plus 1;tecnología;teléfonos;lumen;551.73;361.63;sin dato;sin dato;2162.78;386.21;11;4
ORD-2024-00474;2023-11-17;2023-11-21;segunda clase;completado;1212;P0009;8;0.20;5521.79;1702.44;accesorios flex 9;tecnología;accesorios;patagonia;862.78;458.27;sin dato;sin dato;4417.43;690.22;11;4
ORD-2024-00474;2023-11-17;2023-11-21;segunda clase;completado;1213;P0092;3;0.15;1571.62;606.24;archivadores nova 2;oficina;archivadores;alerce;616.32;308.93;sin dato;sin dato;1335.88;523.87;11;4
ORD-2024-00475;2023-09-10;2023-09-11;mismo día;completado;1214;P0101;5;0.15;2459.52;533.82;etiquetas eco 1;oficina;etiquetas;nova;578.71;385.67;sin dato;sin dato;2090.59;491.90;9;1
ORD-2024-00475;2023-09-10;2023-09-11;mismo día;completado;1215;P0078;4;0.05;1140.84;588.28;almacenamiento eco 8;muebles;almacenamiento;andes;300.22;135.39;sin dato;sin dato;1083.80;285.21;9;1
ORD-2024-00476;2025-01-21;2025-01-21;primera clase;completado;1216;P0055;1;0.10;521.20;187.59;mesas plus 5;muebles;mesas;vector;579.11;339.15;sin dato;sin dato;469.08;521.20;1;0
ORD-2024-00476;2025-01-21;2025-01-21;primera clase;completado;1217;P0038;1;0.00;408.92;158.59;periféricos nova 8;tecnología;periféricos;andes;408.92;250.33;sin dato;sin dato;408.92;408.92;1;0
ORD-2024-00476;2025-01-21;2025-01-21;primera clase;completado;1218;P0011;6;0.30;2317.27;37.93;teléfonos plus 1;tecnología;teléfonos;lumen;551.73;361.63;sin dato;sin dato;1622.09;386.21;1;0
ORD-2024-00476;2025-01-21;2025-01-21;primera clase;completado;1219;P0058;7;0.00;1645.49;380.45;mesas nova 8;muebles;mesas;andes;235.07;180.72;sin dato;sin dato;1645.49;235.07;1;0
ORD-2024-00477;2023-10-08;2023-10-11;segunda clase;completado;1220;P0016;1;0.15;662.40;277.25;teléfonos pro 6;tecnología;teléfonos;orion;779.30;382.70;campaña outlet 8;búsqueda;563.04;662.40;10;3
ORD-2024-00478;2023-11-19;2023-11-25;mismo día;completado;1221;P0051;3;0.15;241.94;64.15;mesas smart 1;muebles;mesas;orion;94.88;58.62;sin dato;sin dato;205.65;80.65;11;6
ORD-2024-00478;2023-11-19;2023-11-25;mismo día;completado;1222;P0083;5;0.15;224.78;45.19;papelería pro 3;oficina;papelería;altura;52.89;35.71;sin dato;sin dato;191.06;44.96;11;6
ORD-2024-00478;2023-11-19;2023-11-25;mismo día;completado;1223;P0114;1;0.00;54.10;24.86;sobres pro 4;oficina;sobres;vector;54.10;29.24;sin dato;sin dato;54.10;54.10;11;6
ORD-2024-00479;2023-06-05;2023-06-05;segunda clase;cancelado;1224;P0046;6;0.00;509.22;238.62;sillas pro 6;muebles;sillas;nova;84.87;45.10;sin dato;sin dato;509.22;84.87;6;0
ORD-2024-00479;2023-06-05;2023-06-05;segunda clase;cancelado;1225;P0064;7;0.00;1053.57;249.62;libreros eco 4;muebles;libreros;andes;150.51;114.85;sin dato;sin dato;1053.57;150.51;6;0
ORD-2024-00479;2023-06-05;2023-06-05;segunda clase;cancelado;1226;P0089;3;0.00;1053.36;357.93;papelería plus 9;oficina;papelería;vector;351.12;231.81;sin dato;sin dato;1053.36;351.12;6;0
ORD-2024-00480;2023-04-29;2023-05-05;segunda clase;completado;1227;P0007;4;0.30;876.65;371.10;accesorios nova 7;tecnología;accesorios;alerce;313.09;143.58;sin dato;sin dato;613.65;219.16;4;6
ORD-2024-00481;2023-06-06;2023-06-12;mismo día;completado;1228;P0064;1;0.20;120.41;4.96;libreros eco 4;muebles;libreros;andes;150.51;114.85;campaña ahorro 6;afiliados;96.33;120.41;6;6
ORD-2024-00481;2023-06-06;2023-06-12;mismo día;completado;1229;P0026;1;0.05;453.47;77.91;computadores plus 6;tecnología;computadores;lumen;477.34;378.15;campaña ahorro 6;afiliados;430.80;453.47;6;6
ORD-2024-00481;2023-06-06;2023-06-12;mismo día;completado;1230;P0001;6;0.00;2675.04;1412.04;accesorios flex 1;tecnología;accesorios;alerce;445.84;210.50;campaña ahorro 6;afiliados;2675.04;445.84;6;6
ORD-2024-00482;2025-04-28;2025-04-29;primera clase;completado;1231;P0066;7;0.00;2518.95;1295.21;libreros smart 6;muebles;libreros;lumen;359.85;174.82;campaña activa 3;afiliados;2518.95;359.85;4;1
ORD-2024-00482;2025-04-28;2025-04-29;primera clase;completado;1232;P0043;4;0.15;2395.64;705.83;sillas smart 3;muebles;sillas;altura;704.60;405.63;campaña activa 3;afiliados;2036.29;598.91;4;1
ORD-2024-00482;2025-04-28;2025-04-29;primera clase;completado;1233;P0016;5;0.30;2727.55;1034.37;teléfonos pro 6;tecnología;teléfonos;orion;779.30;382.70;campaña activa 3;afiliados;1909.29;545.51;4;1
ORD-2024-00483;2023-07-09;2023-07-09;segunda clase;enviado;1234;P0107;4;0.10;278.82;110.70;etiquetas pro 7;oficina;etiquetas;orion;77.45;42.46;campaña ahorro 2;afiliados;250.94;69.70;7;0
ORD-2024-00483;2023-07-09;2023-07-09;segunda clase;enviado;1235;P0083;4;0.10;190.40;49.96;papelería pro 3;oficina;papelería;altura;52.89;35.71;campaña ahorro 2;afiliados;171.36;47.60;7;0
ORD-2024-00483;2023-07-09;2023-07-09;segunda clase;enviado;1236;P0040;1;0.05;704.91;269.44;periféricos eco 10;tecnología;periféricos;andes;742.01;430.58;campaña ahorro 2;afiliados;669.66;704.91;7;0
ORD-2024-00484;2024-05-26;2024-05-31;mismo día;completado;1237;P0118;8;0.30;1299.48;-47.03;sobres nova 8;oficina;sobres;alerce;232.05;166.62;campaña ahorro 6;afiliados;909.64;162.44;5;5
ORD-2024-00484;2024-05-26;2024-05-31;mismo día;completado;1238;P0102;4;0.00;1714.76;622.96;etiquetas pro 2;oficina;etiquetas;vector;428.69;272.95;campaña ahorro 6;afiliados;1714.76;428.69;5;5
ORD-2024-00485;2024-09-26;2024-09-26;estándar;cancelado;1239;P0049;3;0.00;867.36;231.51;sillas smart 9;muebles;sillas;orion;289.12;211.95;sin dato;sin dato;867.36;289.12;9;0
ORD-2024-00485;2024-09-26;2024-09-26;estándar;cancelado;1240;P0083;4;0.20;169.25;22.31;papelería pro 3;oficina;papelería;altura;52.89;35.71;sin dato;sin dato;135.40;42.31;9;0
ORD-2024-00485;2024-09-26;2024-09-26;estándar;cancelado;1241;P0010;5;0.20;2712.32;185.30;accesorios nova 10;tecnología;accesorios;andes;678.08;497.07;sin dato;sin dato;2169.86;542.46;9;0
ORD-2024-00485;2024-09-26;2024-09-26;estándar;cancelado;1242;P0099;1;0.00;10.57;5.57;archivadores eco 9;oficina;archivadores;orion;10.57;5.00;sin dato;sin dato;10.57;10.57;9;0
ORD-2024-00486;2025-03-30;2025-03-31;mismo día;enviado;1243;P0015;2;0.05;1327.15;297.20;teléfonos plus 5;tecnología;teléfonos;nova;698.50;515.60;campaña cliente vip 1;email;1260.79;663.58;3;1
ORD-2024-00487;2023-01-24;2023-01-29;segunda clase;completado;1244;P0051;7;0.00;664.16;253.82;mesas smart 1;muebles;mesas;orion;94.88;58.62;sin dato;sin dato;664.16;94.88;1;5
ORD-2024-00488;2024-02-27;2024-02-28;estándar;completado;1245;P0099;5;0.10;47.57;22.10;archivadores eco 9;oficina;archivadores;orion;10.57;5.00;sin dato;sin dato;42.81;9.51;2;1
ORD-2024-00489;2023-01-25;2023-01-30;mismo día;completado;1246;P0084;1;0.20;588.90;233.86;papelería flex 4;oficina;papelería;altura;736.12;351.56;campaña activa 4;afiliados;471.12;588.90;1;5
ORD-2024-00490;2025-01-02;2025-01-08;estándar;completado;1247;P0059;8;0.00;1104.64;388.48;mesas smart 9;muebles;mesas;andes;138.08;89.52;sin dato;sin dato;1104.64;138.08;1;6
ORD-2024-00490;2025-01-02;2025-01-08;estándar;completado;1248;P0093;3;0.15;1593.42;692.55;archivadores flex 3;oficina;archivadores;vector;624.87;291.47;sin dato;sin dato;1354.41;531.14;1;6
ORD-2024-00490;2025-01-02;2025-01-08;estándar;completado;1249;P0053;3;0.20;889.70;184.95;mesas eco 3;muebles;mesas;alerce;370.71;238.71;sin dato;sin dato;711.76;296.57;1;6
ORD-2024-00491;2023-06-01;2023-06-07;mismo día;enviado;1250;P0012;5;0.00;1692.40;847.10;teléfonos flex 2;tecnología;teléfonos;vector;338.48;169.06;sin dato;sin dato;1692.40;338.48;6;6
ORD-2024-00491;2023-06-01;2023-06-07;mismo día;enviado;1251;P0083;8;0.30;296.18;-2.38;papelería pro 3;oficina;papelería;altura;52.89;35.71;sin dato;sin dato;207.33;37.02;6;6
ORD-2024-00491;2023-06-01;2023-06-07;mismo día;enviado;1252;P0114;1;0.15;45.98;16.72;sobres pro 4;oficina;sobres;vector;54.10;29.24;sin dato;sin dato;39.08;45.98;6;6
ORD-2024-00491;2023-06-01;2023-06-07;mismo día;enviado;1253;P0077;6;0.00;656.94;335.10;almacenamiento nova 7;muebles;almacenamiento;altura;109.49;53.64;sin dato;sin dato;656.94;109.49;6;6
ORD-2024-00492;2025-04-24;2025-04-29;estándar;enviado;1254;P0074;1;0.10;371.26;103.34;almacenamiento smart 4;muebles;almacenamiento;lumen;412.51;260.75;campaña ahorro 7;afiliados;334.13;371.26;4;5
ORD-2024-00493;2024-12-01;2024-12-06;primera clase;completado;1255;P0071;7;0.20;4975.71;373.06;almacenamiento flex 1;muebles;almacenamiento;patagonia;888.52;677.49;sin dato;sin dato;3980.57;710.82;12;5
ORD-2024-00493;2024-12-01;2024-12-06;primera clase;completado;1256;P0096;7;0.00;4945.43;2169.79;archivadores pro 6;oficina;archivadores;patagonia;706.49;396.52;sin dato;sin dato;4945.43;706.49;12;5
ORD-2024-00493;2024-12-01;2024-12-06;primera clase;completado;1257;P0020;4;0.00;1977.56;997.28;teléfonos flex 10;tecnología;teléfonos;lumen;494.39;245.07;sin dato;sin dato;1977.56;494.39;12;5
ORD-2024-00494;2023-05-28;2023-05-28;mismo día;completado;1258;P0070;2;0.05;1456.71;528.78;libreros eco 10;muebles;libreros;andes;766.69;471.27;sin dato;sin dato;1383.87;728.36;5;0
ORD-2024-00494;2023-05-28;2023-05-28;mismo día;completado;1259;P0038;2;0.05;776.95;281.43;periféricos nova 8;tecnología;periféricos;andes;408.92;250.33;sin dato;sin dato;738.10;388.48;5;0
ORD-2024-00495;2023-09-17;2023-09-20;primera clase;completado;1260;P0002;5;0.15;42.76;13.49;accesorios smart 2;tecnología;accesorios;vector;10.06;5.92;sin dato;sin dato;36.35;8.55;9;3
ORD-2024-00495;2023-09-17;2023-09-20;primera clase;completado;1261;P0039;7;0.30;1161.84;-187.46;periféricos nova 9;tecnología;periféricos;vector;237.11;188.91;sin dato;sin dato;813.29;165.98;9;3
ORD-2024-00495;2023-09-17;2023-09-20;primera clase;completado;1262;P0087;8;0.00;5922.96;1718.40;papelería flex 7;oficina;papelería;andes;740.37;525.57;sin dato;sin dato;5922.96;740.37;9;3
ORD-2024-00495;2023-09-17;2023-09-20;primera clase;completado;1263;P0004;5;0.30;98.42;-6.72;accesorios eco 4;tecnología;accesorios;orion;28.12;19.81;sin dato;sin dato;68.89;19.68;9;3
ORD-2024-00496;2025-02-27;2025-02-27;mismo día;cancelado;1264;P0005;8;0.00;7133.36;2726.88;accesorios flex 5;tecnología;accesorios;vector;891.67;550.81;sin dato;sin dato;7133.36;891.67;2;0
ORD-2024-00496;2025-02-27;2025-02-27;mismo día;cancelado;1265;P0011;4;0.00;2206.92;760.40;teléfonos plus 1;tecnología;teléfonos;lumen;551.73;361.63;sin dato;sin dato;2206.92;551.73;2;0
ORD-2024-00496;2025-02-27;2025-02-27;mismo día;cancelado;1266;P0031;8;0.00;1860.64;956.32;periféricos smart 1;tecnología;periféricos;andes;232.58;113.04;sin dato;sin dato;1860.64;232.58;2;0
ORD-2024-00496;2025-02-27;2025-02-27;mismo día;cancelado;1267;P0028;7;0.00;3234.91;1549.17;computadores pro 8;tecnología;computadores;lumen;462.13;240.82;sin dato;sin dato;3234.91;462.13;2;0
ORD-2024-00497;2024-06-02;2024-06-05;mismo día;completado;1268;P0033;2;0.30;1236.69;-79.14;periféricos nova 3;tecnología;periféricos;altura;883.35;692.48;campaña activa 3;afiliados;865.68;618.34;6;3
ORD-2024-00498;2023-06-16;2023-06-16;segunda clase;completado;1269;P0026;8;0.30;2673.10;-237.10;computadores plus 6;tecnología;computadores;lumen;477.34;378.15;campaña ahorro 6;afiliados;1871.17;334.14;6;0
ORD-2024-00499;2025-03-02;2025-03-05;mismo día;completado;1270;P0104;2;0.00;1210.40;425.40;etiquetas nova 4;oficina;etiquetas;altura;605.20;392.50;campaña activa 3;afiliados;1210.40;605.20;3;3
ORD-2024-00499;2025-03-02;2025-03-05;mismo día;completado;1271;P0095;1;0.30;369.07;85.00;archivadores plus 5;oficina;archivadores;altura;527.25;284.32;campaña activa 3;afiliados;258.35;369.07;3;3
ORD-2024-00499;2025-03-02;2025-03-05;mismo día;completado;1272;P0003;6;0.00;5209.56;1098.96;accesorios plus 3;tecnología;accesorios;altura;868.26;685.10;campaña activa 3;afiliados;5209.56;868.26;3;3
ORD-2024-00499;2025-03-02;2025-03-05;mismo día;completado;1273;P0036;7;0.20;4912.32;2179.38;periféricos nova 6;tecnología;periféricos;patagonia;877.20;420.81;campaña activa 3;afiliados;3929.86;701.76;3;3
ORD-2024-00500;2024-11-11;2024-11-13;segunda clase;completado;1274;P0004;3;0.00;84.36;24.93;accesorios eco 4;tecnología;accesorios;orion;28.12;19.81;sin dato;sin dato;84.36;28.12;11;2
ORD-2024-00501;2024-11-06;2024-11-10;segunda clase;completado;1275;P0015;1;0.05;663.57;152.13;teléfonos plus 5;tecnología;teléfonos;nova;698.50;515.60;campaña cliente vip 5;display;630.39;663.57;11;4
ORD-2024-00501;2024-11-06;2024-11-10;segunda clase;completado;1276;P0018;7;0.00;4803.96;1505.14;teléfonos flex 8;tecnología;teléfonos;patagonia;686.28;471.26;campaña cliente vip 5;display;4803.96;686.28;11;4
ORD-2024-00501;2024-11-06;2024-11-10;segunda clase;completado;1277;P0068;5;0.00;3192.15;1116.55;libreros pro 8;muebles;libreros;lumen;638.43;415.12;campaña cliente vip 5;display;3192.15;638.43;11;4
ORD-2024-00501;2024-11-06;2024-11-10;segunda clase;completado;1278;P0041;4;0.30;432.66;8.03;sillas eco 1;muebles;sillas;vector;154.52;100.57;campaña cliente vip 5;display;302.86;108.16;11;4
ORD-2024-00502;2024-05-04;2024-05-07;estándar;completado;1279;P0110;3;0.00;180.96;76.14;etiquetas nova 10;oficina;etiquetas;orion;60.32;34.94;campaña activa 3;afiliados;180.96;60.32;5;3
ORD-2024-00502;2024-05-04;2024-05-07;estándar;completado;1280;P0073;3;0.05;498.07;136.61;almacenamiento eco 3;muebles;almacenamiento;orion;174.76;120.04;campaña activa 3;afiliados;473.17;166.02;5;3
ORD-2024-00503;2023-08-19;2023-08-25;estándar;enviado;1281;P0100;7;0.00;368.34;100.17;archivadores smart 10;oficina;archivadores;andes;52.62;38.31;campaña cliente vip 1;email;368.34;52.62;8;6
ORD-2024-00503;2023-08-19;2023-08-25;estándar;enviado;1282;P0051;8;0.05;721.09;248.35;mesas smart 1;muebles;mesas;orion;94.88;58.62;campaña cliente vip 1;email;685.04;90.14;8;6
ORD-2024-00503;2023-08-19;2023-08-25;estándar;enviado;1283;P0062;7;0.00;3259.76;1611.47;libreros plus 2;muebles;libreros;vector;465.68;235.47;campaña cliente vip 1;email;3259.76;465.68;8;6
ORD-2024-00504;2025-03-02;2025-03-02;estándar;completado;1284;P0099;1;0.15;8.98;4.13;archivadores eco 9;oficina;archivadores;orion;10.57;5.00;campaña cliente vip 1;email;7.63;8.98;3;0
ORD-2024-00504;2025-03-02;2025-03-02;estándar;completado;1285;P0060;6;0.10;854.77;280.63;mesas smart 10;muebles;mesas;vector;158.29;93.56;campaña cliente vip 1;email;769.29;142.46;3;0
ORD-2024-00505;2024-04-26;2024-04-30;segunda clase;enviado;1286;P0012;8;0.15;2301.66;943.86;teléfonos flex 2;tecnología;teléfonos;vector;338.48;169.06;sin dato;sin dato;1956.41;287.71;4;4
ORD-2024-00505;2024-04-26;2024-04-30;segunda clase;enviado;1287;P0033;5;0.10;3975.08;446.47;periféricos nova 3;tecnología;periféricos;altura;883.35;692.48;sin dato;sin dato;3577.57;795.02;4;4
ORD-2024-00505;2024-04-26;2024-04-30;segunda clase;enviado;1288;P0041;6;0.05;880.76;276.12;sillas eco 1;muebles;sillas;vector;154.52;100.57;sin dato;sin dato;836.72;146.79;4;4
ORD-2024-00506;2023-07-16;2023-07-22;mismo día;completado;1289;P0099;3;0.10;28.54;13.93;archivadores eco 9;oficina;archivadores;orion;10.57;5.00;campaña ahorro 7;afiliados;25.69;9.51;7;6
ORD-2024-00506;2023-07-16;2023-07-22;mismo día;completado;1290;P0092;6;0.05;3513.02;1637.40;archivadores nova 2;oficina;archivadores;alerce;616.32;308.93;campaña ahorro 7;afiliados;3337.37;585.50;7;6
ORD-2024-00507;2025-01-11;2025-01-16;segunda clase;completado;1291;P0024;8;0.15;5489.98;2365.59;computadores nova 4;tecnología;computadores;vector;807.35;402.87;sin dato;sin dato;4666.48;686.25;1;5
ORD-2024-00507;2025-01-11;2025-01-16;segunda clase;completado;1292;P0092;5;0.30;2157.12;598.64;archivadores nova 2;oficina;archivadores;alerce;616.32;308.93;sin dato;sin dato;1509.98;431.42;1;5
ORD-2024-00507;2025-01-11;2025-01-16;segunda clase;completado;1293;P0033;2;0.10;1590.03;231.61;periféricos nova 3;tecnología;periféricos;altura;883.35;692.48;sin dato;sin dato;1431.03;795.02;1;5
ORD-2024-00508;2024-02-07;2024-02-07;mismo día;cancelado;1294;P0066;7;0.05;2393.00;1181.07;libreros smart 6;muebles;libreros;lumen;359.85;174.82;sin dato;sin dato;2273.35;341.86;2;0
ORD-2024-00508;2024-02-07;2024-02-07;mismo día;cancelado;1295;P0081;8;0.00;6563.68;2501.20;papelería smart 1;oficina;papelería;altura;820.46;507.81;sin dato;sin dato;6563.68;820.46;2;0
ORD-2024-00508;2024-02-07;2024-02-07;mismo día;cancelado;1296;P0041;2;0.00;309.04;107.90;sillas eco 1;muebles;sillas;vector;154.52;100.57;sin dato;sin dato;309.04;154.52;2;0
ORD-2024-00509;2023-02-12;2023-02-18;primera clase;completado;1297;P0119;7;0.05;4124.60;1730.71;sobres plus 9;oficina;sobres;andes;620.24;347.69;campaña ahorro 2;afiliados;3918.37;589.23;2;6
ORD-2024-00510;2023-04-25;2023-04-27;primera clase;completado;1298;P0030;4;0.10;2502.72;1175.21;computadores flex 10;tecnología;computadores;alerce;695.20;319.98;sin dato;sin dato;2252.45;625.68;4;2
ORD-2024-00510;2023-04-25;2023-04-27;primera clase;completado;1299;P0108;4;0.00;1963.80;393.64;etiquetas flex 8;oficina;etiquetas;patagonia;490.95;392.54;sin dato;sin dato;1963.80;490.95;4;2
ORD-2024-00511;2023-06-25;2023-07-01;estándar;completado;1300;P0074;5;0.30;1443.79;232.96;almacenamiento smart 4;muebles;almacenamiento;lumen;412.51;260.75;sin dato;sin dato;1010.65;288.76;6;6
ORD-2024-00512;2023-08-15;2023-08-16;segunda clase;completado;1301;P0014;1;0.05;74.17;37.93;teléfonos pro 4;tecnología;teléfonos;alerce;78.07;35.97;sin dato;sin dato;70.46;74.17;8;1
ORD-2024-00512;2023-08-15;2023-08-16;segunda clase;completado;1302;P0075;7;0.30;2608.56;839.38;almacenamiento plus 5;muebles;almacenamiento;nova;532.36;271.05;sin dato;sin dato;1825.99;372.65;8;1
ORD-2024-00512;2023-08-15;2023-08-16;segunda clase;completado;1303;P0109;2;0.20;1222.06;77.46;etiquetas smart 9;oficina;etiquetas;patagonia;763.79;559.32;sin dato;sin dato;977.65;611.03;8;1
ORD-2024-00513;2025-01-26;2025-01-29;estándar;enviado;1304;P0027;8;0.20;253.95;97.00;computadores flex 7;tecnología;computadores;alerce;39.68;18.70;sin dato;sin dato;203.16;31.74;1;3
ORD-2024-00513;2025-01-26;2025-01-29;estándar;enviado;1305;P0042;1;0.30;389.77;12.55;sillas flex 2;muebles;sillas;vector;556.81;376.71;sin dato;sin dato;272.84;389.77;1;3
ORD-2024-00513;2025-01-26;2025-01-29;estándar;enviado;1306;P0108;8;0.05;3731.22;600.88;etiquetas flex 8;oficina;etiquetas;patagonia;490.95;392.54;sin dato;sin dato;3544.66;466.40;1;3
ORD-2024-00514;2023-06-22;2023-06-28;mismo día;completado;1307;P0092;5;0.05;2927.52;1390.30;archivadores nova 2;oficina;archivadores;alerce;616.32;308.93;campaña activa 4;afiliados;2781.14;585.50;6;6
ORD-2024-00514;2023-06-22;2023-06-28;mismo día;completado;1308;P0004;4;0.00;112.48;33.24;accesorios eco 4;tecnología;accesorios;orion;28.12;19.81;campaña activa 4;afiliados;112.48;28.12;6;6
ORD-2024-00515;2024-08-08;2024-08-10;mismo día;completado;1309;P0056;5;0.15;2561.26;402.04;mesas flex 6;muebles;mesas;orion;602.65;441.66;campaña cliente vip 1;email;2177.07;512.25;8;2
ORD-2024-00516;2024-05-05;2024-05-06;mismo día;enviado;1310;P0098;4;0.00;935.64;277.52;archivadores nova 8;oficina;archivadores;lumen;233.91;164.53;campaña activa 4;afiliados;935.64;233.91;5;1
ORD-2024-00517;2024-09-22;2024-09-27;primera clase;completado;1311;P0038;3;0.20;981.41;252.15;periféricos nova 8;tecnología;periféricos;andes;408.92;250.33;sin dato;sin dato;785.13;327.14;9;5
ORD-2024-00517;2024-09-22;2024-09-27;primera clase;completado;1312;P0030;7;0.10;4379.76;2204.79;computadores flex 10;tecnología;computadores;alerce;695.20;319.98;sin dato;sin dato;3941.78;625.68;9;5
ORD-2024-00518;2023-04-05;2023-04-09;mismo día;completado;1313;P0031;1;0.05;220.95;107.43;periféricos smart 1;tecnología;periféricos;andes;232.58;113.04;campaña activa 3;afiliados;209.90;220.95;4;4
ORD-2024-00518;2023-04-05;2023-04-09;mismo día;completado;1314;P0009;2;0.10;1553.00;614.56;accesorios flex 9;tecnología;accesorios;patagonia;862.78;458.27;campaña activa 3;afiliados;1397.70;776.50;4;4
ORD-2024-00519;2023-05-08;2023-05-14;segunda clase;enviado;1315;P0032;1;0.15;615.05;93.17;periféricos eco 2;tecnología;periféricos;vector;723.59;506.45;sin dato;sin dato;522.79;615.05;5;6
ORD-2024-00519;2023-05-08;2023-05-14;segunda clase;enviado;1316;P0066;1;0.00;359.85;185.03;libreros smart 6;muebles;libreros;lumen;359.85;174.82;sin dato;sin dato;359.85;359.85;5;6
ORD-2024-00520;2024-04-25;2024-04-26;primera clase;completado;1317;P0060;4;0.30;443.21;93.65;mesas smart 10;muebles;mesas;vector;158.29;93.56;sin dato;sin dato;310.25;110.80;4;1
ORD-2024-00520;2024-04-25;2024-04-26;primera clase;completado;1318;P0092;4;0.00;2465.28;1229.56;archivadores nova 2;oficina;archivadores;alerce;616.32;308.93;sin dato;sin dato;2465.28;616.32;4;1
ORD-2024-00520;2024-04-25;2024-04-26;primera clase;completado;1319;P0009;7;0.00;6039.46;2831.57;accesorios flex 9;tecnología;accesorios;patagonia;862.78;458.27;sin dato;sin dato;6039.46;862.78;4;1
ORD-2024-00521;2025-03-29;2025-04-01;mismo día;completado;1320;P0083;6;0.20;253.87;33.22;papelería pro 3;oficina;papelería;altura;52.89;35.71;sin dato;sin dato;203.10;42.31;3;3
ORD-2024-00521;2025-03-29;2025-04-01;mismo día;completado;1321;P0022;8;0.00;3449.76;1737.12;computadores pro 2;tecnología;computadores;altura;431.22;214.08;sin dato;sin dato;3449.76;431.22;3;3
ORD-2024-00521;2025-03-29;2025-04-01;mismo día;completado;1322;P0010;6;0.10;3661.63;741.78;accesorios nova 10;tecnología;accesorios;andes;678.08;497.07;sin dato;sin dato;3295.47;610.27;3;3
ORD-2024-00521;2025-03-29;2025-04-01;mismo día;completado;1323;P0049;7;0.10;1821.46;348.04;sillas smart 9;muebles;sillas;orion;289.12;211.95;sin dato;sin dato;1639.31;260.21;3;3
ORD-2024-00522;2023-07-23;2023-07-29;segunda clase;enviado;1324;P0084;5;0.20;2944.48;1261.91;papelería flex 4;oficina;papelería;altura;736.12;351.56;campaña ahorro 7;afiliados;2355.58;588.90;7;6
ORD-2024-00522;2023-07-23;2023-07-29;segunda clase;enviado;1325;P0116;4;0.30;2167.73;319.35;sobres flex 6;oficina;sobres;patagonia;774.19;485.05;campaña ahorro 7;afiliados;1517.41;541.93;7;6
ORD-2024-00523;2024-12-30;2025-01-02;mismo día;completado;1326;P0019;2;0.10;945.77;158.59;teléfonos eco 9;tecnología;teléfonos;andes;525.43;396.24;campaña activa 4;afiliados;851.19;472.88;12;3
ORD-2024-00523;2024-12-30;2025-01-02;mismo día;completado;1327;P0060;7;0.20;886.42;268.90;mesas smart 10;muebles;mesas;vector;158.29;93.56;campaña activa 4;afiliados;709.14;126.63;12;3
ORD-2024-00524;2025-04-20;2025-04-24;mismo día;completado;1328;P0043;4;0.10;2536.56;866.47;sillas smart 3;muebles;sillas;altura;704.60;405.63;sin dato;sin dato;2282.90;634.14;4;4
ORD-2024-00524;2025-04-20;2025-04-24;mismo día;completado;1329;P0002;2;0.00;20.12;8.28;accesorios smart 2;tecnología;accesorios;vector;10.06;5.92;sin dato;sin dato;20.12;10.06;4;4
ORD-2024-00524;2025-04-20;2025-04-24;mismo día;completado;1330;P0008;1;0.05;376.77;100.54;accesorios plus 8;tecnología;accesorios;andes;396.60;275.19;sin dato;sin dato;357.93;376.77;4;4
ORD-2024-00525;2024-04-04;2024-04-07;primera clase;completado;1331;P0007;2;0.30;438.33;131.74;accesorios nova 7;tecnología;accesorios;alerce;313.09;143.58;campaña outlet 8;búsqueda;306.83;219.16;4;3
ORD-2024-00525;2024-04-04;2024-04-07;primera clase;completado;1332;P0098;1;0.00;233.91;69.38;archivadores nova 8;oficina;archivadores;lumen;233.91;164.53;campaña outlet 8;búsqueda;233.91;233.91;4;3
ORD-2024-00525;2024-04-04;2024-04-07;primera clase;completado;1333;P0120;7;0.15;4202.31;1095.10;sobres plus 10;oficina;sobres;altura;706.27;437.08;campaña outlet 8;búsqueda;3571.96;600.33;4;3
ORD-2024-00526;2023-05-28;2023-05-29;mismo día;completado;1334;P0029;1;0.00;281.12;81.64;computadores eco 9;tecnología;computadores;patagonia;281.12;199.48;sin dato;sin dato;281.12;281.12;5;1
ORD-2024-00526;2023-05-28;2023-05-29;mismo día;completado;1335;P0025;7;0.05;5078.67;1449.86;computadores plus 5;tecnología;computadores;orion;763.71;519.66;sin dato;sin dato;4824.74;725.52;5;1
ORD-2024-00526;2023-05-28;2023-05-29;mismo día;completado;1336;P0055;5;0.05;2750.77;1083.95;mesas plus 5;muebles;mesas;vector;579.11;339.15;sin dato;sin dato;2613.23;550.15;5;1
ORD-2024-00526;2023-05-28;2023-05-29;mismo día;completado;1337;P0021;1;0.10;714.96;266.33;computadores plus 1;tecnología;computadores;andes;794.40;441.41;sin dato;sin dato;643.46;714.96;5;1
ORD-2024-00527;2024-04-24;2024-04-25;estándar;completado;1338;P0104;6;0.15;3086.52;655.14;etiquetas nova 4;oficina;etiquetas;altura;605.20;392.50;sin dato;sin dato;2623.54;514.42;4;1
ORD-2024-00527;2024-04-24;2024-04-25;estándar;completado;1339;P0074;6;0.15;2103.80;535.33;almacenamiento smart 4;muebles;almacenamiento;lumen;412.51;260.75;sin dato;sin dato;1788.23;350.63;4;1
ORD-2024-00527;2024-04-24;2024-04-25;estándar;completado;1340;P0077;4;0.05;416.06;198.74;almacenamiento nova 7;muebles;almacenamiento;altura;109.49;53.64;sin dato;sin dato;395.26;104.02;4;1
ORD-2024-00527;2024-04-24;2024-04-25;estándar;completado;1341;P0062;5;0.15;1979.14;740.33;libreros plus 2;muebles;libreros;vector;465.68;235.47;sin dato;sin dato;1682.27;395.83;4;1
ORD-2024-00528;2025-01-11;2025-01-14;primera clase;enviado;1342;P0072;4;0.05;2618.12;884.74;almacenamiento nova 2;muebles;almacenamiento;patagonia;688.98;428.10;campaña cliente vip 5;display;2487.21;654.53;1;3
ORD-2024-00528;2025-01-11;2025-01-14;primera clase;enviado;1343;P0060;3;0.00;474.87;194.19;mesas smart 10;muebles;mesas;vector;158.29;93.56;campaña cliente vip 5;display;474.87;158.29;1;3
ORD-2024-00529;2025-01-30;2025-02-02;segunda clase;completado;1344;P0119;2;0.15;1054.41;327.31;sobres plus 9;oficina;sobres;andes;620.24;347.69;campaña ahorro 6;afiliados;896.25;527.21;1;3
ORD-2024-00529;2025-01-30;2025-02-02;segunda clase;completado;1345;P0056;7;0.20;3374.84;399.97;mesas flex 6;muebles;mesas;orion;602.65;441.66;campaña ahorro 6;afiliados;2699.87;482.12;1;3
ORD-2024-00529;2025-01-30;2025-02-02;segunda clase;completado;1346;P0004;6;0.15;143.41;28.42;accesorios eco 4;tecnología;accesorios;orion;28.12;19.81;campaña ahorro 6;afiliados;121.90;23.90;1;3
ORD-2024-00529;2025-01-30;2025-02-02;segunda clase;completado;1347;P0063;8;0.20;1596.67;109.19;libreros smart 3;muebles;libreros;vector;249.48;184.17;campaña ahorro 6;afiliados;1277.34;199.58;1;3
ORD-2024-00530;2023-08-29;2023-08-31;primera clase;completado;1348;P0110;2;0.00;120.64;50.76;etiquetas nova 10;oficina;etiquetas;orion;60.32;34.94;campaña activa 3;afiliados;120.64;60.32;8;2
ORD-2024-00530;2023-08-29;2023-08-31;primera clase;completado;1349;P0020;7;0.30;2422.51;542.33;teléfonos flex 10;tecnología;teléfonos;lumen;494.39;245.07;campaña activa 3;afiliados;1695.76;346.07;8;2
ORD-2024-00530;2023-08-29;2023-08-31;primera clase;completado;1350;P0007;1;0.30;219.16;87.70;accesorios nova 7;tecnología;accesorios;alerce;313.09;143.58;campaña activa 3;afiliados;153.41;219.16;8;2
ORD-2024-00530;2023-08-29;2023-08-31;primera clase;completado;1351;P0038;6;0.15;2085.49;559.07;periféricos nova 8;tecnología;periféricos;andes;408.92;250.33;campaña activa 3;afiliados;1772.67;347.58;8;2
ORD-2024-00531;2023-06-19;2023-06-21;estándar;devuelto;1352;P0106;4;0.00;898.28;424.40;etiquetas eco 6;oficina;etiquetas;vector;224.57;118.47;campaña cliente vip 1;email;898.28;224.57;6;2
ORD-2024-00532;2023-10-01;2023-10-05;primera clase;enviado;1353;P0060;5;0.00;791.45;323.65;mesas smart 10;muebles;mesas;vector;158.29;93.56;campaña ahorro 2;afiliados;791.45;158.29;10;4
ORD-2024-00533;2024-09-13;2024-09-14;primera clase;completado;1354;P0089;8;0.30;1966.27;159.40;papelería plus 9;oficina;papelería;vector;351.12;231.81;sin dato;sin dato;1376.39;245.78;9;1
ORD-2024-00533;2024-09-13;2024-09-14;primera clase;completado;1355;P0038;7;0.20;2289.95;467.35;periféricos nova 8;tecnología;periféricos;andes;408.92;250.33;sin dato;sin dato;1831.96;327.14;9;1
ORD-2024-00534;2024-11-13;2024-11-15;segunda clase;completado;1356;P0008;2;0.00;793.20;242.82;accesorios plus 8;tecnología;accesorios;andes;396.60;275.19;campaña outlet 8;búsqueda;793.20;396.60;11;2
ORD-2024-00535;2023-06-02;2023-06-07;segunda clase;completado;1357;P0056;7;0.00;4218.55;1126.93;mesas flex 6;muebles;mesas;orion;602.65;441.66;campaña ahorro 6;afiliados;4218.55;602.65;6;5
ORD-2024-00535;2023-06-02;2023-06-07;segunda clase;completado;1358;P0120;4;0.30;1977.56;176.29;sobres plus 10;oficina;sobres;altura;706.27;437.08;campaña ahorro 6;afiliados;1384.29;494.39;6;5
ORD-2024-00535;2023-06-02;2023-06-07;segunda clase;completado;1359;P0021;7;0.05;5282.76;2210.12;computadores plus 1;tecnología;computadores;andes;794.40;441.41;campaña ahorro 6;afiliados;5018.62;754.68;6;5
ORD-2024-00535;2023-06-02;2023-06-07;segunda clase;completado;1360;P0005;5;0.20;3566.68;924.42;accesorios flex 5;tecnología;accesorios;vector;891.67;550.81;campaña ahorro 6;afiliados;2853.34;713.34;6;5
ORD-2024-00536;2024-11-05;2024-11-08;mismo día;enviado;1361;P0096;7;0.15;4203.62;1292.06;archivadores pro 6;oficina;archivadores;patagonia;706.49;396.52;sin dato;sin dato;3573.08;600.52;11;3
ORD-2024-00536;2024-11-05;2024-11-08;mismo día;enviado;1362;P0001;3;0.10;1203.77;576.77;accesorios flex 1;tecnología;accesorios;alerce;445.84;210.50;sin dato;sin dato;1083.39;401.26;11;3
ORD-2024-00536;2024-11-05;2024-11-08;mismo día;enviado;1363;P0113;6;0.00;3654.06;1397.10;sobres smart 3;oficina;sobres;patagonia;609.01;376.16;sin dato;sin dato;3654.06;609.01;11;3
ORD-2024-00537;2024-06-09;2024-06-13;segunda clase;completado;1364;P0054;1;0.00;82.52;21.59;mesas eco 4;muebles;mesas;altura;82.52;60.93;sin dato;sin dato;82.52;82.52;6;4
ORD-2024-00537;2024-06-09;2024-06-13;segunda clase;completado;1365;P0103;6;0.15;2746.86;781.50;etiquetas nova 3;oficina;etiquetas;alerce;538.60;343.63;sin dato;sin dato;2334.83;457.81;6;4
ORD-2024-00538;2023-07-26;2023-07-27;segunda clase;completado;1366;P0059;5;0.30;483.28;73.42;mesas smart 9;muebles;mesas;andes;138.08;89.52;campaña cliente vip 5;display;338.30;96.66;7;1
ORD-2024-00539;2024-02-22;2024-02-26;mismo día;enviado;1367;P0119;8;0.05;4713.82;1890.32;sobres plus 9;oficina;sobres;andes;620.24;347.69;sin dato;sin dato;4478.13;589.23;2;4
ORD-2024-00539;2024-02-22;2024-02-26;mismo día;enviado;1368;P0058;5;0.10;1057.82;135.81;mesas nova 8;muebles;mesas;andes;235.07;180.72;sin dato;sin dato;952.04;211.56;2;4
ORD-2024-00539;2024-02-22;2024-02-26;mismo día;enviado;1369;P0105;4;0.10;934.13;446.06;etiquetas pro 5;oficina;etiquetas;lumen;259.48;123.11;sin dato;sin dato;840.72;233.53;2;4
ORD-2024-00539;2024-02-22;2024-02-26;mismo día;enviado;1370;P0068;4;0.00;2553.72;893.24;libreros pro 8;muebles;libreros;lumen;638.43;415.12;sin dato;sin dato;2553.72;638.43;2;4
ORD-2024-00540;2024-02-11;2024-02-11;primera clase;enviado;1371;P0003;5;0.00;4341.30;915.80;accesorios plus 3;tecnología;accesorios;altura;868.26;685.10;campaña ahorro 2;afiliados;4341.30;868.26;2;0
ORD-2024-00540;2024-02-11;2024-02-11;primera clase;enviado;1372;P0069;5;0.00;3339.30;989.05;libreros smart 9;muebles;libreros;patagonia;667.86;470.05;campaña ahorro 2;afiliados;3339.30;667.86;2;0
ORD-2024-00540;2024-02-11;2024-02-11;primera clase;enviado;1373;P0072;6;0.00;4133.88;1565.28;almacenamiento nova 2;muebles;almacenamiento;patagonia;688.98;428.10;campaña ahorro 2;afiliados;4133.88;688.98;2;0
ORD-2024-00540;2024-02-11;2024-02-11;primera clase;enviado;1374;P0002;7;0.00;70.42;28.98;accesorios smart 2;tecnología;accesorios;vector;10.06;5.92;campaña ahorro 2;afiliados;70.42;10.06;2;0
ORD-2024-00541;2023-01-22;2023-01-22;primera clase;completado;1375;P0054;3;0.20;198.05;21.12;mesas eco 4;muebles;mesas;altura;82.52;60.93;campaña cliente vip 5;display;158.44;66.02;1;0
ORD-2024-00541;2023-01-22;2023-01-22;primera clase;completado;1376;P0047;2;0.10;1256.09;225.19;sillas plus 7;muebles;sillas;andes;697.83;520.77;campaña cliente vip 5;display;1130.48;628.04;1;0
ORD-2024-00541;2023-01-22;2023-01-22;primera clase;completado;1377;P0010;3;0.00;2034.24;543.03;accesorios nova 10;tecnología;accesorios;andes;678.08;497.07;campaña cliente vip 5;display;2034.24;678.08;1;0
ORD-2024-00542;2023-03-09;2023-03-15;primera clase;enviado;1378;P0098;8;0.15;1590.59;316.85;archivadores nova 8;oficina;archivadores;lumen;233.91;164.53;sin dato;sin dato;1352.00;198.82;3;6
ORD-2024-00543;2023-05-06;2023-05-09;estándar;completado;1379;P0046;3;0.20;203.69;62.14;sillas pro 6;muebles;sillas;nova;84.87;45.10;sin dato;sin dato;162.95;67.90;5;3
ORD-2024-00544;2024-09-27;2024-10-03;estándar;enviado;1380;P0044;3;0.05;2076.37;732.94;sillas plus 4;muebles;sillas;orion;728.55;448.12;sin dato;sin dato;1972.55;692.12;9;6
ORD-2024-00544;2024-09-27;2024-10-03;estándar;enviado;1381;P0004;6;0.20;134.98;12.17;accesorios eco 4;tecnología;accesorios;orion;28.12;19.81;sin dato;sin dato;107.98;22.50;9;6
ORD-2024-00545;2025-04-06;2025-04-10;segunda clase;completado;1382;P0100;2;0.05;99.98;22.65;archivadores smart 10;oficina;archivadores;andes;52.62;38.31;sin dato;sin dato;94.98;49.99;4;4
ORD-2024-00545;2025-04-06;2025-04-10;segunda clase;completado;1383;P0072;8;0.20;4409.47;1063.07;almacenamiento nova 2;muebles;almacenamiento;patagonia;688.98;428.10;sin dato;sin dato;3527.58;551.18;4;4
ORD-2024-00545;2025-04-06;2025-04-10;segunda clase;completado;1384;P0026;1;0.00;477.34;99.19;computadores plus 6;tecnología;computadores;lumen;477.34;378.15;sin dato;sin dato;477.34;477.34;4;4
ORD-2024-00545;2025-04-06;2025-04-10;segunda clase;completado;1385;P0074;6;0.00;2475.06;910.56;almacenamiento smart 4;muebles;almacenamiento;lumen;412.51;260.75;sin dato;sin dato;2475.06;412.51;4;4
ORD-2024-00546;2024-03-01;2024-03-06;mismo día;devuelto;1386;P0108;2;0.00;981.90;196.82;etiquetas flex 8;oficina;etiquetas;patagonia;490.95;392.54;sin dato;sin dato;981.90;490.95;3;5
ORD-2024-00546;2024-03-01;2024-03-06;mismo día;devuelto;1387;P0064;6;0.00;903.06;213.96;libreros eco 4;muebles;libreros;andes;150.51;114.85;sin dato;sin dato;903.06;150.51;3;5
ORD-2024-00547;2023-09-09;2023-09-11;estándar;completado;1388;P0008;5;0.00;1983.00;607.05;accesorios plus 8;tecnología;accesorios;andes;396.60;275.19;sin dato;sin dato;1983.00;396.60;9;2
ORD-2024-00548;2023-10-15;2023-10-17;primera clase;devuelto;1389;P0040;5;0.20;2968.04;956.79;periféricos eco 10;tecnología;periféricos;andes;742.01;430.58;sin dato;sin dato;2374.43;593.61;10;2
ORD-2024-00548;2023-10-15;2023-10-17;primera clase;devuelto;1390;P0042;3;0.00;1670.43;540.30;sillas flex 2;muebles;sillas;vector;556.81;376.71;sin dato;sin dato;1670.43;556.81;10;2
ORD-2024-00548;2023-10-15;2023-10-17;primera clase;devuelto;1391;P0047;2;0.00;1395.66;354.12;sillas plus 7;muebles;sillas;andes;697.83;520.77;sin dato;sin dato;1395.66;697.83;10;2
ORD-2024-00548;2023-10-15;2023-10-17;primera clase;devuelto;1392;P0041;2;0.00;309.04;107.90;sillas eco 1;muebles;sillas;vector;154.52;100.57;sin dato;sin dato;309.04;154.52;10;2
ORD-2024-00549;2023-02-20;2023-02-22;primera clase;enviado;1393;P0013;7;0.00;2001.02;784.70;teléfonos nova 3;tecnología;teléfonos;lumen;285.86;173.76;campaña ahorro 2;afiliados;2001.02;285.86;2;2
ORD-2024-00549;2023-02-20;2023-02-22;primera clase;enviado;1394;P0012;6;0.10;1827.79;793.85;teléfonos flex 2;tecnología;teléfonos;vector;338.48;169.06;campaña ahorro 2;afiliados;1645.01;304.63;2;2
ORD-2024-00549;2023-02-20;2023-02-22;primera clase;enviado;1395;P0009;2;0.00;1725.56;809.02;accesorios flex 9;tecnología;accesorios;patagonia;862.78;458.27;campaña ahorro 2;afiliados;1725.56;862.78;2;2
ORD-2024-00550;2024-04-25;2024-05-01;segunda clase;completado;1396;P0022;3;0.00;1293.66;651.42;computadores pro 2;tecnología;computadores;altura;431.22;214.08;campaña ahorro 2;afiliados;1293.66;431.22;4;6
ORD-2024-00550;2024-04-25;2024-05-01;segunda clase;completado;1397;P0061;4;0.00;3501.44;1646.44;libreros plus 1;muebles;libreros;altura;875.36;463.75;campaña ahorro 2;afiliados;3501.44;875.36;4;6
ORD-2024-00550;2024-04-25;2024-05-01;segunda clase;completado;1398;P0053;1;0.10;333.64;93.79;mesas eco 3;muebles;mesas;alerce;370.71;238.71;campaña ahorro 2;afiliados;300.28;333.64;4;6
ORD-2024-00551;2024-07-14;2024-07-15;mismo día;completado;1399;P0045;3;0.20;1283.76;48.03;sillas eco 5;muebles;sillas;lumen;534.90;391.64;campaña activa 4;afiliados;1027.01;427.92;7;1
ORD-2024-00551;2024-07-14;2024-07-15;mismo día;completado;1400;P0117;5;0.10;3354.57;544.54;sobres eco 7;oficina;sobres;vector;745.46;569.49;campaña activa 4;afiliados;3019.11;670.91;7;1
ORD-2024-00551;2024-07-14;2024-07-15;mismo día;completado;1401;P0091;7;0.10;3246.33;759.52;archivadores flex 1;oficina;archivadores;alerce;515.29;352.20;campaña activa 4;afiliados;2921.70;463.76;7;1
ORD-2024-00552;2023-04-28;2023-05-01;segunda clase;enviado;1402;P0105;2;0.05;493.01;250.61;etiquetas pro 5;oficina;etiquetas;lumen;259.48;123.11;sin dato;sin dato;468.36;246.50;4;3
ORD-2024-00552;2023-04-28;2023-05-01;segunda clase;enviado;1403;P0030;4;0.00;2780.80;1500.88;computadores flex 10;tecnología;computadores;alerce;695.20;319.98;sin dato;sin dato;2780.80;695.20;4;3
ORD-2024-00553;2023-08-12;2023-08-14;segunda clase;completado;1404;P0107;1;0.20;61.96;21.94;etiquetas pro 7;oficina;etiquetas;orion;77.45;42.46;sin dato;sin dato;49.57;61.96;8;2
ORD-2024-00554;2023-05-28;2023-05-29;primera clase;enviado;1405;P0049;5;0.30;1011.92;-76.13;sillas smart 9;muebles;sillas;orion;289.12;211.95;sin dato;sin dato;708.34;202.38;5;1
ORD-2024-00554;2023-05-28;2023-05-29;primera clase;enviado;1406;P0027;7;0.15;236.10;110.40;computadores flex 7;tecnología;computadores;alerce;39.68;18.70;sin dato;sin dato;200.69;33.73;5;1
ORD-2024-00554;2023-05-28;2023-05-29;primera clase;enviado;1407;P0063;8;0.10;1796.26;327.89;libreros smart 3;muebles;libreros;vector;249.48;184.17;sin dato;sin dato;1616.63;224.53;5;1
ORD-2024-00554;2023-05-28;2023-05-29;primera clase;enviado;1408;P0001;7;0.30;2184.62;838.97;accesorios flex 1;tecnología;accesorios;alerce;445.84;210.50;sin dato;sin dato;1529.23;312.09;5;1
ORD-2024-00555;2024-06-20;2024-06-22;segunda clase;enviado;1409;P0023;7;0.00;5553.59;2787.96;computadores pro 3;tecnología;computadores;patagonia;793.37;395.09;campaña ahorro 2;afiliados;5553.59;793.37;6;2
ORD-2024-00555;2024-06-20;2024-06-22;segunda clase;enviado;1410;P0076;8;0.15;780.23;296.83;almacenamiento eco 6;muebles;almacenamiento;patagonia;114.74;61.78;campaña ahorro 2;afiliados;663.20;97.53;6;2
ORD-2024-00555;2024-06-20;2024-06-22;segunda clase;enviado;1411;P0058;4;0.10;846.25;110.60;mesas nova 8;muebles;mesas;andes;235.07;180.72;campaña ahorro 2;afiliados;761.62;211.56;6;2
ORD-2024-00556;2023-06-14;2023-06-17;segunda clase;completado;1412;P0050;4;0.00;966.52;447.16;sillas nova 10;muebles;sillas;lumen;241.63;129.84;campaña activa 3;afiliados;966.52;241.63;6;3
ORD-2024-00556;2023-06-14;2023-06-17;segunda clase;completado;1413;P0067;5;0.00;863.85;318.70;libreros pro 7;muebles;libreros;nova;172.77;109.03;campaña activa 3;afiliados;863.85;172.77;6;3
ORD-2024-00556;2023-06-14;2023-06-17;segunda clase;completado;1414;P0096;7;0.00;4945.43;2169.79;archivadores pro 6;oficina;archivadores;patagonia;706.49;396.52;campaña activa 3;afiliados;4945.43;706.49;6;3
ORD-2024-00556;2023-06-14;2023-06-17;segunda clase;completado;1415;P0031;5;0.10;1046.61;467.00;periféricos smart 1;tecnología;periféricos;andes;232.58;113.04;campaña activa 3;afiliados;941.95;209.32;6;3
ORD-2024-00557;2024-06-25;2024-06-25;mismo día;completado;1416;P0001;8;0.05;3388.38;1726.69;accesorios flex 1;tecnología;accesorios;alerce;445.84;210.50;campaña cliente vip 1;email;3218.96;423.55;6;0
ORD-2024-00557;2024-06-25;2024-06-25;mismo día;completado;1417;P0093;7;0.10;3936.68;1862.09;archivadores flex 3;oficina;archivadores;vector;624.87;291.47;campaña cliente vip 1;email;3543.01;562.38;6;0
ORD-2024-00557;2024-06-25;2024-06-25;mismo día;completado;1418;P0076;4;0.20;367.17;113.81;almacenamiento eco 6;muebles;almacenamiento;patagonia;114.74;61.78;campaña cliente vip 1;email;293.74;91.79;6;0
ORD-2024-00558;2024-01-25;2024-01-28;primera clase;enviado;1419;P0046;8;0.05;645.01;283.77;sillas pro 6;muebles;sillas;nova;84.87;45.10;sin dato;sin dato;612.76;80.63;1;3
ORD-2024-00558;2024-01-25;2024-01-28;primera clase;enviado;1420;P0030;7;0.00;4866.40;2626.54;computadores flex 10;tecnología;computadores;alerce;695.20;319.98;sin dato;sin dato;4866.40;695.20;1;3
ORD-2024-00558;2024-01-25;2024-01-28;primera clase;enviado;1421;P0073;3;0.05;498.07;138.88;almacenamiento eco 3;muebles;almacenamiento;orion;174.76;120.04;sin dato;sin dato;473.17;166.02;1;3
ORD-2024-00559;2024-04-23;2024-04-26;estándar;completado;1422;P0092;3;0.05;1756.51;820.92;archivadores nova 2;oficina;archivadores;alerce;616.32;308.93;sin dato;sin dato;1668.68;585.50;4;3
ORD-2024-00559;2024-04-23;2024-04-26;estándar;completado;1423;P0048;2;0.00;1250.86;281.32;sillas plus 8;muebles;sillas;orion;625.43;484.77;sin dato;sin dato;1250.86;625.43;4;3
ORD-2024-00559;2024-04-23;2024-04-26;estándar;completado;1424;P0016;5;0.30;2727.55;630.24;teléfonos pro 6;tecnología;teléfonos;orion;779.30;382.70;sin dato;sin dato;1909.29;545.51;4;3
ORD-2024-00559;2024-04-23;2024-04-26;estándar;completado;1425;P0044;4;0.00;2914.20;1121.72;sillas plus 4;muebles;sillas;orion;728.55;448.12;sin dato;sin dato;2914.20;728.55;4;3
ORD-2024-00560;2025-02-03;2025-02-08;mismo día;completado;1426;P0070;3;0.00;2300.07;886.26;libreros eco 10;muebles;libreros;andes;766.69;471.27;sin dato;sin dato;2300.07;766.69;2;5
ORD-2024-00560;2025-02-03;2025-02-08;mismo día;completado;1427;P0105;4;0.20;830.34;305.72;etiquetas pro 5;oficina;etiquetas;lumen;259.48;123.11;sin dato;sin dato;664.27;207.58;2;5
ORD-2024-00560;2025-02-03;2025-02-08;mismo día;completado;1428;P0012;4;0.10;1218.53;569.36;teléfonos flex 2;tecnología;teléfonos;vector;338.48;169.06;sin dato;sin dato;1096.68;304.63;2;5
ORD-2024-00561;2025-02-10;2025-02-13;estándar;completado;1429;P0086;5;0.05;3069.12;1225.71;papelería flex 6;oficina;papelería;andes;646.13;372.92;sin dato;sin dato;2915.66;613.82;2;3
ORD-2024-00562;2025-01-25;2025-01-25;segunda clase;completado;1430;P0038;8;0.00;3271.36;1268.72;periféricos nova 8;tecnología;periféricos;andes;408.92;250.33;sin dato;sin dato;3271.36;408.92;1;0
ORD-2024-00562;2025-01-25;2025-01-25;segunda clase;completado;1431;P0080;3;0.00;2373.33;1228.11;almacenamiento plus 10;muebles;almacenamiento;patagonia;791.11;381.74;sin dato;sin dato;2373.33;791.11;1;0
ORD-2024-00563;2024-10-04;2024-10-10;mismo día;completado;1432;P0107;3;0.30;162.65;38.66;etiquetas pro 7;oficina;etiquetas;orion;77.45;42.46;sin dato;sin dato;113.85;54.22;10;6
ORD-2024-00564;2023-02-05;2023-02-09;segunda clase;completado;1433;P0020;7;0.00;3460.73;1745.24;teléfonos flex 10;tecnología;teléfonos;lumen;494.39;245.07;campaña ahorro 7;afiliados;3460.73;494.39;2;4
ORD-2024-00565;2024-12-31;2025-01-04;primera clase;enviado;1434;P0107;4;0.30;216.86;49.81;etiquetas pro 7;oficina;etiquetas;orion;77.45;42.46;sin dato;sin dato;151.80;54.22;12;4
ORD-2024-00565;2024-12-31;2025-01-04;primera clase;enviado;1435;P0036;6;0.10;4736.88;2189.64;periféricos nova 6;tecnología;periféricos;patagonia;877.20;420.81;sin dato;sin dato;4263.19;789.48;12;4
ORD-2024-00566;2024-02-20;2024-02-22;estándar;cancelado;1436;P0116;1;0.05;735.48;246.76;sobres flex 6;oficina;sobres;patagonia;774.19;485.05;sin dato;sin dato;698.71;735.48;2;2
ORD-2024-00566;2024-02-20;2024-02-22;estándar;cancelado;1437;P0072;8;0.20;4409.47;804.18;almacenamiento nova 2;muebles;almacenamiento;patagonia;688.98;428.10;sin dato;sin dato;3527.58;551.18;2;2
ORD-2024-00567;2024-06-14;2024-06-15;segunda clase;completado;1438;P0066;2;0.05;683.72;333.51;libreros smart 6;muebles;libreros;lumen;359.85;174.82;sin dato;sin dato;649.53;341.86;6;1
ORD-2024-00568;2024-06-21;2024-06-25;segunda clase;completado;1439;P0006;7;0.30;4259.47;348.74;accesorios nova 6;tecnología;accesorios;andes;869.28;522.14;campaña cliente vip 5;display;2981.63;608.50;6;4
ORD-2024-00568;2024-06-21;2024-06-25;segunda clase;completado;1440;P0018;4;0.00;2745.12;860.08;teléfonos flex 8;tecnología;teléfonos;patagonia;686.28;471.26;campaña cliente vip 5;display;2745.12;686.28;6;4
ORD-2024-00569;2024-03-08;2024-03-13;primera clase;completado;1441;P0088;5;0.15;2957.32;941.19;papelería eco 8;oficina;papelería;patagonia;695.84;422.85;sin dato;sin dato;2513.72;591.46;3;5
ORD-2024-00569;2024-03-08;2024-03-13;primera clase;completado;1442;P0100;1;0.00;52.62;14.31;archivadores smart 10;oficina;archivadores;andes;52.62;38.31;sin dato;sin dato;52.62;52.62;3;5
ORD-2024-00570;2023-11-27;2023-11-28;estándar;enviado;1443;P0062;2;0.30;651.95;149.31;libreros plus 2;muebles;libreros;vector;465.68;235.47;sin dato;sin dato;456.37;325.98;11;1
ORD-2024-00570;2023-11-27;2023-11-28;estándar;enviado;1444;P0008;1;0.00;396.60;121.41;accesorios plus 8;tecnología;accesorios;andes;396.60;275.19;sin dato;sin dato;396.60;396.60;11;1
ORD-2024-00571;2024-11-19;2024-11-19;primera clase;completado;1445;P0034;3;0.00;1259.04;431.73;periféricos flex 4;tecnología;periféricos;orion;419.68;275.77;sin dato;sin dato;1259.04;419.68;11;0
ORD-2024-00571;2024-11-19;2024-11-19;primera clase;completado;1446;P0077;8;0.10;788.33;359.52;almacenamiento nova 7;muebles;almacenamiento;altura;109.49;53.64;sin dato;sin dato;709.50;98.54;11;0
ORD-2024-00571;2024-11-19;2024-11-19;primera clase;completado;1447;P0020;3;0.10;1334.85;599.56;teléfonos flex 10;tecnología;teléfonos;lumen;494.39;245.07;sin dato;sin dato;1201.37;444.95;11;0
ORD-2024-00572;2024-01-24;2024-01-27;estándar;completado;1448;P0001;5;0.05;2117.74;1070.68;accesorios flex 1;tecnología;accesorios;alerce;445.84;210.50;campaña ahorro 7;afiliados;2011.85;423.55;1;3
ORD-2024-00573;2024-01-06;2024-01-11;mismo día;completado;1449;P0031;7;0.00;1628.06;836.78;periféricos smart 1;tecnología;periféricos;andes;232.58;113.04;sin dato;sin dato;1628.06;232.58;1;5
ORD-2024-00574;2024-01-14;2024-01-19;mismo día;enviado;1450;P0071;1;0.30;621.96;-7.87;almacenamiento flex 1;muebles;almacenamiento;patagonia;888.52;677.49;campaña cliente vip 5;display;435.37;621.96;1;5
ORD-2024-00575;2024-02-25;2024-02-29;primera clase;completado;1451;P0099;3;0.00;31.71;16.71;archivadores eco 9;oficina;archivadores;orion;10.57;5.00;sin dato;sin dato;31.71;10.57;2;4
ORD-2024-00576;2023-05-06;2023-05-12;estándar;enviado;1452;P0110;3;0.30;126.67;21.89;etiquetas nova 10;oficina;etiquetas;orion;60.32;34.94;campaña ahorro 2;afiliados;88.67;42.22;5;6
ORD-2024-00576;2023-05-06;2023-05-12;estándar;enviado;1453;P0067;4;0.20;552.86;104.68;libreros pro 7;muebles;libreros;nova;172.77;109.03;campaña ahorro 2;afiliados;442.29;138.22;5;6
ORD-2024-00576;2023-05-06;2023-05-12;estándar;enviado;1454;P0068;2;0.20;1021.49;214.97;libreros pro 8;muebles;libreros;lumen;638.43;415.12;campaña ahorro 2;afiliados;817.19;510.74;5;6
ORD-2024-00577;2023-05-25;2023-05-30;primera clase;completado;1455;P0021;1;0.05;754.68;307.24;computadores plus 1;tecnología;computadores;andes;794.40;441.41;campaña cliente vip 5;display;716.95;754.68;5;5
ORD-2024-00577;2023-05-25;2023-05-30;primera clase;completado;1456;P0048;7;0.05;4159.11;800.39;sillas plus 8;muebles;sillas;orion;625.43;484.77;campaña cliente vip 5;display;3951.15;594.16;5;5
ORD-2024-00577;2023-05-25;2023-05-30;primera clase;completado;1457;P0011;8;0.00;4413.84;1520.80;teléfonos plus 1;tecnología;teléfonos;lumen;551.73;361.63;campaña cliente vip 5;display;4413.84;551.73;5;5
ORD-2024-00578;2023-06-10;2023-06-12;primera clase;completado;1458;P0024;7;0.05;5368.88;2523.79;computadores nova 4;tecnología;computadores;vector;807.35;402.87;sin dato;sin dato;5100.44;766.98;6;2
ORD-2024-00579;2024-07-10;2024-07-15;estándar;cancelado;1459;P0061;7;0.10;5514.77;2290.29;libreros plus 1;muebles;libreros;altura;875.36;463.75;sin dato;sin dato;4963.29;787.82;7;5
ORD-2024-00580;2024-06-09;2024-06-13;estándar;completado;1460;P0094;2;0.15;306.07;58.25;archivadores pro 4;oficina;archivadores;alerce;180.04;126.70;sin dato;sin dato;260.16;153.04;6;4
ORD-2024-00580;2024-06-09;2024-06-13;estándar;completado;1461;P0107;5;0.15;329.16;111.62;etiquetas pro 7;oficina;etiquetas;orion;77.45;42.46;sin dato;sin dato;279.79;65.83;6;4
ORD-2024-00581;2024-09-16;2024-09-22;primera clase;completado;1462;P0088;1;0.10;626.26;210.68;papelería eco 8;oficina;papelería;patagonia;695.84;422.85;sin dato;sin dato;563.63;626.26;9;6
ORD-2024-00581;2024-09-16;2024-09-22;primera clase;completado;1463;P0027;6;0.05;226.18;112.41;computadores flex 7;tecnología;computadores;alerce;39.68;18.70;sin dato;sin dato;214.87;37.70;9;6
ORD-2024-00581;2024-09-16;2024-09-22;primera clase;completado;1464;P0076;6;0.00;688.44;317.76;almacenamiento eco 6;muebles;almacenamiento;patagonia;114.74;61.78;sin dato;sin dato;688.44;114.74;9;6
ORD-2024-00582;2025-04-05;2025-04-05;estándar;completado;1465;P0078;4;0.05;1140.84;597.03;almacenamiento eco 8;muebles;almacenamiento;andes;300.22;135.39;campaña outlet 8;búsqueda;1083.80;285.21;4;0
ORD-2024-00583;2023-08-10;2023-08-11;estándar;devuelto;1466;P0093;2;0.00;1249.74;666.80;archivadores flex 3;oficina;archivadores;vector;624.87;291.47;campaña ahorro 6;afiliados;1249.74;624.87;8;1
ORD-2024-00584;2024-02-03;2024-02-03;mismo día;completado;1467;P0002;3;0.05;28.67;10.72;accesorios smart 2;tecnología;accesorios;vector;10.06;5.92;sin dato;sin dato;27.24;9.56;2;0
ORD-2024-00585;2023-12-09;2023-12-15;estándar;enviado;1468;P0043;8;0.30;3945.76;860.43;sillas smart 3;muebles;sillas;altura;704.60;405.63;campaña activa 3;afiliados;2762.03;493.22;12;6
ORD-2024-00585;2023-12-09;2023-12-15;estándar;enviado;1469;P0106;2;0.20;359.31;107.40;etiquetas eco 6;oficina;etiquetas;vector;224.57;118.47;campaña activa 3;afiliados;287.45;179.66;12;6
ORD-2024-00585;2023-12-09;2023-12-15;estándar;enviado;1470;P0051;6;0.15;483.89;144.67;mesas smart 1;muebles;mesas;orion;94.88;58.62;campaña activa 3;afiliados;411.31;80.65;12;6
ORD-2024-00585;2023-12-09;2023-12-15;estándar;enviado;1471;P0010;5;0.00;3390.40;905.05;accesorios nova 10;tecnología;accesorios;andes;678.08;497.07;campaña activa 3;afiliados;3390.40;678.08;12;6
ORD-2024-00586;2024-07-06;2024-07-08;primera clase;completado;1472;P0076;3;0.20;275.38;98.44;almacenamiento eco 6;muebles;almacenamiento;patagonia;114.74;61.78;campaña ahorro 7;afiliados;220.30;91.79;7;2
ORD-2024-00587;2024-09-13;2024-09-17;mismo día;completado;1473;P0044;7;0.00;5099.85;1963.01;sillas plus 4;muebles;sillas;orion;728.55;448.12;sin dato;sin dato;5099.85;728.55;9;4
ORD-2024-00587;2024-09-13;2024-09-17;mismo día;completado;1474;P0090;5;0.00;3796.95;1360.35;papelería plus 10;oficina;papelería;orion;759.39;487.32;sin dato;sin dato;3796.95;759.39;9;4
ORD-2024-00587;2024-09-13;2024-09-17;mismo día;completado;1475;P0096;1;0.15;600.52;198.47;archivadores pro 6;oficina;archivadores;patagonia;706.49;396.52;sin dato;sin dato;510.44;600.52;9;4
ORD-2024-00588;2024-05-19;2024-05-22;estándar;completado;1476;P0055;1;0.00;579.11;239.96;mesas plus 5;muebles;mesas;vector;579.11;339.15;campaña cliente vip 1;email;579.11;579.11;5;3
ORD-2024-00588;2024-05-19;2024-05-22;estándar;completado;1477;P0067;4;0.15;587.42;155.83;libreros pro 7;muebles;libreros;nova;172.77;109.03;campaña cliente vip 1;email;499.31;146.85;5;3
ORD-2024-00589;2024-01-31;2024-02-01;segunda clase;completado;1478;P0099;4;0.10;38.05;17.38;archivadores eco 9;oficina;archivadores;orion;10.57;5.00;sin dato;sin dato;34.24;9.51;1;1
ORD-2024-00589;2024-01-31;2024-02-01;segunda clase;completado;1479;P0007;7;0.00;2191.63;1186.57;accesorios nova 7;tecnología;accesorios;alerce;313.09;143.58;sin dato;sin dato;2191.63;313.09;1;1
ORD-2024-00590;2024-10-03;2024-10-09;segunda clase;enviado;1480;P0068;5;0.10;2872.93;765.46;libreros pro 8;muebles;libreros;lumen;638.43;415.12;sin dato;sin dato;2585.64;574.59;10;6
ORD-2024-00590;2024-10-03;2024-10-09;segunda clase;enviado;1481;P0015;4;0.10;2514.60;407.90;teléfonos plus 5;tecnología;teléfonos;nova;698.50;515.60;sin dato;sin dato;2263.14;628.65;10;6
ORD-2024-00591;2024-04-03;2024-04-09;segunda clase;completado;1482;P0028;4;0.15;1571.24;595.26;computadores pro 8;tecnología;computadores;lumen;462.13;240.82;campaña cliente vip 5;display;1335.55;392.81;4;6
ORD-2024-00592;2023-04-15;2023-04-20;estándar;completado;1483;P0073;2;0.10;314.57;77.48;almacenamiento eco 3;muebles;almacenamiento;orion;174.76;120.04;campaña cliente vip 1;email;283.11;157.28;4;5
ORD-2024-00592;2023-04-15;2023-04-20;estándar;completado;1484;P0120;1;0.30;494.39;15.62;sobres plus 10;oficina;sobres;altura;706.27;437.08;campaña cliente vip 1;email;346.07;494.39;4;5
ORD-2024-00592;2023-04-15;2023-04-20;estándar;completado;1485;P0052;7;0.20;2767.24;21.07;mesas nova 2;muebles;mesas;lumen;494.15;377.70;campaña cliente vip 1;email;2213.79;395.32;4;5
ORD-2024-00593;2024-10-19;2024-10-23;mismo día;enviado;1486;P0019;6;0.20;2522.06;110.13;teléfonos eco 9;tecnología;teléfonos;andes;525.43;396.24;sin dato;sin dato;2017.65;420.34;10;4
ORD-2024-00593;2024-10-19;2024-10-23;mismo día;enviado;1487;P0043;2;0.10;1268.28;484.00;sillas smart 3;muebles;sillas;altura;704.60;405.63;sin dato;sin dato;1141.45;634.14;10;4
ORD-2024-00593;2024-10-19;2024-10-23;mismo día;enviado;1488;P0073;4;0.00;699.04;218.88;almacenamiento eco 3;muebles;almacenamiento;orion;174.76;120.04;sin dato;sin dato;699.04;174.76;10;4
ORD-2024-00594;2025-03-10;2025-03-16;segunda clase;completado;1489;P0052;1;0.20;395.32;12.79;mesas nova 2;muebles;mesas;lumen;494.15;377.70;sin dato;sin dato;316.26;395.32;3;6
ORD-2024-00594;2025-03-10;2025-03-16;segunda clase;completado;1490;P0072;8;0.00;5511.84;2087.04;almacenamiento nova 2;muebles;almacenamiento;patagonia;688.98;428.10;sin dato;sin dato;5511.84;688.98;3;6
ORD-2024-00594;2025-03-10;2025-03-16;segunda clase;completado;1491;P0059;7;0.00;966.56;339.92;mesas smart 9;muebles;mesas;andes;138.08;89.52;sin dato;sin dato;966.56;138.08;3;6
ORD-2024-00594;2025-03-10;2025-03-16;segunda clase;completado;1492;P0096;4;0.10;2543.36;950.31;archivadores pro 6;oficina;archivadores;patagonia;706.49;396.52;sin dato;sin dato;2289.02;635.84;3;6
ORD-2024-00595;2024-09-13;2024-09-14;segunda clase;completado;1493;P0108;5;0.00;2454.75;492.05;etiquetas flex 8;oficina;etiquetas;patagonia;490.95;392.54;campaña ahorro 6;afiliados;2454.75;490.95;9;1
ORD-2024-00596;2023-05-26;2023-05-31;estándar;completado;1494;P0052;6;0.00;2964.90;698.70;mesas nova 2;muebles;mesas;lumen;494.15;377.70;sin dato;sin dato;2964.90;494.15;5;5
ORD-2024-00596;2023-05-26;2023-05-31;estándar;completado;1495;P0012;7;0.20;1895.49;741.50;teléfonos flex 2;tecnología;teléfonos;vector;338.48;169.06;sin dato;sin dato;1516.39;270.78;5;5
ORD-2024-00597;2023-01-16;2023-01-20;segunda clase;completado;1496;P0104;6;0.15;3086.52;626.84;etiquetas nova 4;oficina;etiquetas;altura;605.20;392.50;sin dato;sin dato;2623.54;514.42;1;4
ORD-2024-00597;2023-01-16;2023-01-20;segunda clase;completado;1497;P0033;4;0.10;3180.06;424.46;periféricos nova 3;tecnología;periféricos;altura;883.35;692.48;sin dato;sin dato;2862.05;795.02;1;4
ORD-2024-00598;2024-08-24;2024-08-30;primera clase;enviado;1498;P0110;1;0.00;60.32;25.38;etiquetas nova 10;oficina;etiquetas;orion;60.32;34.94;sin dato;sin dato;60.32;60.32;8;6
ORD-2024-00599;2023-01-07;2023-01-12;mismo día;completado;1499;P0008;2;0.20;634.56;83.93;accesorios plus 8;tecnología;accesorios;andes;396.60;275.19;sin dato;sin dato;507.65;317.28;1;5
ORD-2024-00600;2024-11-15;2024-11-16;estándar;completado;1500;P0049;1;0.10;260.21;53.11;sillas smart 9;muebles;sillas;orion;289.12;211.95;sin dato;sin dato;234.19;260.21;11;1
ORD-2024-00601;2023-02-25;2023-02-28;segunda clase;enviado;1501;P0083;7;0.00;370.23;120.26;papelería pro 3;oficina;papelería;altura;52.89;35.71;campaña activa 3;afiliados;370.23;52.89;2;3
ORD-2024-00601;2023-02-25;2023-02-28;segunda clase;enviado;1502;P0029;5;0.10;1265.04;294.81;computadores eco 9;tecnología;computadores;patagonia;281.12;199.48;campaña activa 3;afiliados;1138.54;253.01;2;3
ORD-2024-00601;2023-02-25;2023-02-28;segunda clase;enviado;1503;P0057;8;0.10;3713.83;1128.51;mesas smart 7;muebles;mesas;patagonia;515.81;325.42;campaña activa 3;afiliados;3342.45;464.23;2;3
ORD-2024-00601;2023-02-25;2023-02-28;segunda clase;enviado;1504;P0092;8;0.00;4930.56;2459.12;archivadores nova 2;oficina;archivadores;alerce;616.32;308.93;campaña activa 3;afiliados;4930.56;616.32;2;3
ORD-2024-00602;2024-09-02;2024-09-03;mismo día;enviado;1505;P0119;7;0.00;4341.68;1907.85;sobres plus 9;oficina;sobres;andes;620.24;347.69;campaña ahorro 2;afiliados;4341.68;620.24;9;1
ORD-2024-00602;2024-09-02;2024-09-03;mismo día;enviado;1506;P0099;5;0.00;52.85;27.85;archivadores eco 9;oficina;archivadores;orion;10.57;5.00;campaña ahorro 2;afiliados;52.85;10.57;9;1
ORD-2024-00602;2024-09-02;2024-09-03;mismo día;enviado;1507;P0009;4;0.05;3278.56;1466.01;accesorios flex 9;tecnología;accesorios;patagonia;862.78;458.27;campaña ahorro 2;afiliados;3114.63;819.64;9;1
ORD-2024-00602;2024-09-02;2024-09-03;mismo día;enviado;1508;P0012;3;0.15;863.12;364.60;teléfonos flex 2;tecnología;teléfonos;vector;338.48;169.06;campaña ahorro 2;afiliados;733.65;287.71;9;1
ORD-2024-00603;2023-12-20;2023-12-23;segunda clase;completado;1509;P0087;2;0.00;1480.74;429.60;papelería flex 7;oficina;papelería;andes;740.37;525.57;campaña ahorro 2;afiliados;1480.74;740.37;12;3
ORD-2024-00603;2023-12-20;2023-12-23;segunda clase;completado;1510;P0049;2;0.05;549.33;122.53;sillas smart 9;muebles;sillas;orion;289.12;211.95;campaña ahorro 2;afiliados;521.86;274.67;12;3
ORD-2024-00604;2024-11-16;2024-11-18;primera clase;completado;1511;P0025;4;0.30;2138.39;215.79;computadores plus 5;tecnología;computadores;orion;763.71;519.66;campaña outlet 8;búsqueda;1496.87;534.60;11;2
ORD-2024-00605;2023-09-28;2023-10-02;primera clase;enviado;1512;P0111;7;0.10;3243.62;1145.22;sobres flex 1;oficina;sobres;lumen;514.86;299.56;campaña activa 3;afiliados;2919.26;463.37;9;4
ORD-2024-00605;2023-09-28;2023-10-02;primera clase;enviado;1513;P0056;5;0.10;2711.93;443.97;mesas flex 6;muebles;mesas;orion;602.65;441.66;campaña activa 3;afiliados;2440.74;542.39;9;4
ORD-2024-00606;2023-07-29;2023-08-03;estándar;completado;1514;P0095;8;0.00;4218.00;1943.44;archivadores plus 5;oficina;archivadores;altura;527.25;284.32;campaña ahorro 2;afiliados;4218.00;527.25;7;5
ORD-2024-00606;2023-07-29;2023-08-03;estándar;completado;1515;P0002;3;0.00;30.18;12.42;accesorios smart 2;tecnología;accesorios;vector;10.06;5.92;campaña ahorro 2;afiliados;30.18;10.06;7;5
ORD-2024-00606;2023-07-29;2023-08-03;estándar;completado;1516;P0014;4;0.10;281.05;136.93;teléfonos pro 4;tecnología;teléfonos;alerce;78.07;35.97;campaña ahorro 2;afiliados;252.95;70.26;7;5
ORD-2024-00606;2023-07-29;2023-08-03;estándar;completado;1517;P0022;6;0.30;1811.12;438.35;computadores pro 2;tecnología;computadores;altura;431.22;214.08;campaña ahorro 2;afiliados;1267.78;301.85;7;5
ORD-2024-00607;2025-02-15;2025-02-18;segunda clase;completado;1518;P0070;6;0.20;3680.11;1025.77;libreros eco 10;muebles;libreros;andes;766.69;471.27;sin dato;sin dato;2944.09;613.35;2;3
ORD-2024-00607;2025-02-15;2025-02-18;segunda clase;completado;1519;P0074;8;0.00;3300.08;1214.08;almacenamiento smart 4;muebles;almacenamiento;lumen;412.51;260.75;sin dato;sin dato;3300.08;412.51;2;3
ORD-2024-00608;2024-11-28;2024-11-28;mismo día;completado;1520;P0031;7;0.00;1628.06;836.78;periféricos smart 1;tecnología;periféricos;andes;232.58;113.04;sin dato;sin dato;1628.06;232.58;11;0
ORD-2024-00608;2024-11-28;2024-11-28;mismo día;completado;1521;P0047;1;0.20;558.26;35.23;sillas plus 7;muebles;sillas;andes;697.83;520.77;sin dato;sin dato;446.61;558.26;11;0
ORD-2024-00608;2024-11-28;2024-11-28;mismo día;completado;1522;P0085;3;0.00;2232.03;609.06;papelería smart 5;oficina;papelería;alerce;744.01;540.99;sin dato;sin dato;2232.03;744.01;11;0
ORD-2024-00608;2024-11-28;2024-11-28;mismo día;completado;1523;P0042;3;0.00;1670.43;540.30;sillas flex 2;muebles;sillas;vector;556.81;376.71;sin dato;sin dato;1670.43;556.81;11;0
ORD-2024-00609;2025-03-06;2025-03-08;estándar;completado;1524;P0052;3;0.00;1482.45;349.35;mesas nova 2;muebles;mesas;lumen;494.15;377.70;sin dato;sin dato;1482.45;494.15;3;2
ORD-2024-00609;2025-03-06;2025-03-08;estándar;completado;1525;P0010;3;0.15;1729.10;229.61;accesorios nova 10;tecnología;accesorios;andes;678.08;497.07;sin dato;sin dato;1469.73;576.37;3;2
ORD-2024-00609;2025-03-06;2025-03-08;estándar;completado;1526;P0097;1;0.10;240.34;34.17;archivadores smart 7;oficina;archivadores;altura;267.04;208.99;sin dato;sin dato;216.31;240.34;3;2
ORD-2024-00610;2023-01-17;2023-01-18;estándar;enviado;1527;P0085;7;0.10;4687.26;898.80;papelería smart 5;oficina;papelería;alerce;744.01;540.99;campaña cliente vip 1;email;4218.53;669.61;1;1
ORD-2024-00610;2023-01-17;2023-01-18;estándar;enviado;1528;P0083;3;0.10;142.80;33.25;papelería pro 3;oficina;papelería;altura;52.89;35.71;campaña cliente vip 1;email;128.52;47.60;1;1
ORD-2024-00611;2024-07-20;2024-07-25;mismo día;completado;1529;P0104;1;0.30;423.64;60.79;etiquetas nova 4;oficina;etiquetas;altura;605.20;392.50;campaña ahorro 2;afiliados;296.55;423.64;7;5
ORD-2024-00611;2024-07-20;2024-07-25;mismo día;completado;1530;P0031;7;0.30;1139.64;369.76;periféricos smart 1;tecnología;periféricos;andes;232.58;113.04;campaña ahorro 2;afiliados;797.75;162.81;7;5
ORD-2024-00611;2024-07-20;2024-07-25;mismo día;completado;1531;P0070;3;0.00;2300.07;886.26;libreros eco 10;muebles;libreros;andes;766.69;471.27;campaña ahorro 2;afiliados;2300.07;766.69;7;5
ORD-2024-00611;2024-07-20;2024-07-25;mismo día;completado;1532;P0036;7;0.00;6140.40;3194.73;periféricos nova 6;tecnología;periféricos;patagonia;877.20;420.81;campaña ahorro 2;afiliados;6140.40;877.20;7;5
ORD-2024-00612;2024-05-21;2024-05-25;segunda clase;completado;1533;P0065;8;0.00;3430.32;1727.84;libreros pro 5;muebles;libreros;nova;428.79;212.81;sin dato;sin dato;3430.32;428.79;5;4
ORD-2024-00612;2024-05-21;2024-05-25;segunda clase;completado;1534;P0041;4;0.30;432.66;-6.28;sillas eco 1;muebles;sillas;vector;154.52;100.57;sin dato;sin dato;302.86;108.16;5;4
ORD-2024-00612;2024-05-21;2024-05-25;segunda clase;completado;1535;P0102;6;0.00;2572.14;934.44;etiquetas pro 2;oficina;etiquetas;vector;428.69;272.95;sin dato;sin dato;2572.14;428.69;5;4
ORD-2024-00612;2024-05-21;2024-05-25;segunda clase;completado;1536;P0088;4;0.15;2365.86;749.29;papelería eco 8;oficina;papelería;patagonia;695.84;422.85;sin dato;sin dato;2010.98;591.46;5;4
ORD-2024-00613;2024-11-10;2024-11-16;primera clase;completado;1537;P0073;1;0.00;174.76;54.72;almacenamiento eco 3;muebles;almacenamiento;orion;174.76;120.04;campaña ahorro 7;afiliados;174.76;174.76;11;6
ORD-2024-00613;2024-11-10;2024-11-16;primera clase;completado;1538;P0036;3;0.15;2236.86;918.77;periféricos nova 6;tecnología;periféricos;patagonia;877.20;420.81;campaña ahorro 7;afiliados;1901.33;745.62;11;6
ORD-2024-00613;2024-11-10;2024-11-16;primera clase;completado;1539;P0033;3;0.20;2120.04;50.93;periféricos nova 3;tecnología;periféricos;altura;883.35;692.48;campaña ahorro 7;afiliados;1696.03;706.68;11;6
ORD-2024-00613;2024-11-10;2024-11-16;primera clase;completado;1540;P0026;3;0.15;1217.22;54.72;computadores plus 6;tecnología;computadores;lumen;477.34;378.15;campaña ahorro 7;afiliados;1034.64;405.74;11;6
ORD-2024-00614;2024-10-15;2024-10-16;primera clase;completado;1541;P0107;4;0.05;294.31;124.18;etiquetas pro 7;oficina;etiquetas;orion;77.45;42.46;sin dato;sin dato;279.59;73.58;10;1
ORD-2024-00614;2024-10-15;2024-10-16;primera clase;completado;1542;P0044;7;0.00;5099.85;1963.01;sillas plus 4;muebles;sillas;orion;728.55;448.12;sin dato;sin dato;5099.85;728.55;10;1
ORD-2024-00614;2024-10-15;2024-10-16;primera clase;completado;1543;P0024;6;0.30;3390.87;1160.88;computadores nova 4;tecnología;computadores;vector;807.35;402.87;sin dato;sin dato;2373.61;565.14;10;1
ORD-2024-00614;2024-10-15;2024-10-16;primera clase;completado;1544;P0050;3;0.00;724.89;335.37;sillas nova 10;muebles;sillas;lumen;241.63;129.84;sin dato;sin dato;724.89;241.63;10;1
ORD-2024-00615;2023-12-18;2023-12-22;estándar;completado;1545;P0072;7;0.15;4099.43;1141.56;almacenamiento nova 2;muebles;almacenamiento;patagonia;688.98;428.10;sin dato;sin dato;3484.52;585.63;12;4
ORD-2024-00616;2023-09-27;2023-09-30;estándar;completado;1546;P0097;8;0.10;1922.69;223.01;archivadores smart 7;oficina;archivadores;altura;267.04;208.99;sin dato;sin dato;1730.42;240.34;9;3
ORD-2024-00616;2023-09-27;2023-09-30;estándar;completado;1547;P0001;4;0.10;1605.02;753.88;accesorios flex 1;tecnología;accesorios;alerce;445.84;210.50;sin dato;sin dato;1444.52;401.26;9;3
ORD-2024-00616;2023-09-27;2023-09-30;estándar;completado;1548;P0113;2;0.00;1218.02;465.70;sobres smart 3;oficina;sobres;patagonia;609.01;376.16;sin dato;sin dato;1218.02;609.01;9;3
ORD-2024-00617;2023-02-18;2023-02-19;segunda clase;completado;1549;P0012;6;0.05;1929.34;919.26;teléfonos flex 2;tecnología;teléfonos;vector;338.48;169.06;sin dato;sin dato;1832.87;321.56;2;1
ORD-2024-00618;2023-10-28;2023-10-31;segunda clase;completado;1550;P0047;4;0.20;2233.06;155.37;sillas plus 7;muebles;sillas;andes;697.83;520.77;campaña ahorro 6;afiliados;1786.45;558.26;10;3
ORD-2024-00618;2023-10-28;2023-10-31;segunda clase;completado;1551;P0031;7;0.30;1139.64;279.68;periféricos smart 1;tecnología;periféricos;andes;232.58;113.04;campaña ahorro 6;afiliados;797.75;162.81;10;3
ORD-2024-00619;2024-09-27;2024-09-29;estándar;completado;1552;P0005;6;0.00;5350.02;2045.16;accesorios flex 5;tecnología;accesorios;vector;891.67;550.81;sin dato;sin dato;5350.02;891.67;9;2
ORD-2024-00620;2024-04-29;2024-05-03;estándar;enviado;1553;P0017;4;0.15;869.89;222.38;teléfonos plus 7;tecnología;teléfonos;alerce;255.85;163.38;campaña activa 3;afiliados;739.41;217.47;4;4
ORD-2024-00620;2024-04-29;2024-05-03;estándar;enviado;1554;P0120;6;0.20;3390.10;796.06;sobres plus 10;oficina;sobres;altura;706.27;437.08;campaña activa 3;afiliados;2712.08;565.02;4;4
ORD-2024-00620;2024-04-29;2024-05-03;estándar;enviado;1555;P0111;7;0.30;2522.81;409.06;sobres flex 1;oficina;sobres;lumen;514.86;299.56;campaña activa 3;afiliados;1765.97;360.40;4;4
ORD-2024-00621;2023-06-21;2023-06-22;primera clase;completado;1556;P0070;6;0.20;3680.11;681.54;libreros eco 10;muebles;libreros;andes;766.69;471.27;sin dato;sin dato;2944.09;613.35;6;1
ORD-2024-00621;2023-06-21;2023-06-22;primera clase;completado;1557;P0101;5;0.00;2893.55;965.20;etiquetas eco 1;oficina;etiquetas;nova;578.71;385.67;sin dato;sin dato;2893.55;578.71;6;1
ORD-2024-00621;2023-06-21;2023-06-22;primera clase;completado;1558;P0079;2;0.00;97.74;25.94;almacenamiento nova 9;muebles;almacenamiento;alerce;48.87;35.90;sin dato;sin dato;97.74;48.87;6;1
ORD-2024-00622;2023-01-27;2023-01-28;estándar;completado;1559;P0103;5;0.15;2289.05;548.41;etiquetas nova 3;oficina;etiquetas;alerce;538.60;343.63;sin dato;sin dato;1945.69;457.81;1;1
ORD-2024-00622;2023-01-27;2023-01-28;estándar;completado;1560;P0010;4;0.00;2712.32;724.04;accesorios nova 10;tecnología;accesorios;andes;678.08;497.07;sin dato;sin dato;2712.32;678.08;1;1
ORD-2024-00623;2023-11-21;2023-11-21;estándar;completado;1561;P0082;7;0.00;4136.02;2256.94;papelería eco 2;oficina;papelería;orion;590.86;268.44;campaña ahorro 6;afiliados;4136.02;590.86;11;0
ORD-2024-00623;2023-11-21;2023-11-21;estándar;completado;1562;P0039;5;0.20;948.44;14.72;periféricos nova 9;tecnología;periféricos;vector;237.11;188.91;campaña ahorro 6;afiliados;758.75;189.69;11;0
ORD-2024-00624;2024-05-26;2024-06-01;mismo día;cancelado;1563;P0093;5;0.20;2499.48;1129.69;archivadores flex 3;oficina;archivadores;vector;624.87;291.47;sin dato;sin dato;1999.58;499.90;5;6
ORD-2024-00624;2024-05-26;2024-06-01;mismo día;cancelado;1564;P0017;6;0.00;1535.10;554.82;teléfonos plus 7;tecnología;teléfonos;alerce;255.85;163.38;sin dato;sin dato;1535.10;255.85;5;6
ORD-2024-00624;2024-05-26;2024-06-01;mismo día;cancelado;1565;P0027;2;0.05;75.39;37.51;computadores flex 7;tecnología;computadores;alerce;39.68;18.70;sin dato;sin dato;71.62;37.70;5;6
ORD-2024-00624;2024-05-26;2024-06-01;mismo día;cancelado;1566;P0091;2;0.00;1030.58;326.18;archivadores flex 1;oficina;archivadores;alerce;515.29;352.20;sin dato;sin dato;1030.58;515.29;5;6
ORD-2024-00625;2023-07-24;2023-07-28;estándar;completado;1567;P0095;1;0.00;527.25;242.93;archivadores plus 5;oficina;archivadores;altura;527.25;284.32;campaña cliente vip 1;email;527.25;527.25;7;4
ORD-2024-00625;2023-07-24;2023-07-28;estándar;completado;1568;P0034;8;0.00;3357.44;1151.28;periféricos flex 4;tecnología;periféricos;orion;419.68;275.77;campaña cliente vip 1;email;3357.44;419.68;7;4
ORD-2024-00625;2023-07-24;2023-07-28;estándar;completado;1569;P0045;1;0.00;534.90;143.26;sillas eco 5;muebles;sillas;lumen;534.90;391.64;campaña cliente vip 1;email;534.90;534.90;7;4
ORD-2024-00625;2023-07-24;2023-07-28;estándar;completado;1570;P0067;2;0.30;241.88;37.21;libreros pro 7;muebles;libreros;nova;172.77;109.03;campaña cliente vip 1;email;169.32;120.94;7;4
ORD-2024-00626;2024-05-06;2024-05-09;primera clase;completado;1571;P0049;3;0.00;867.36;231.51;sillas smart 9;muebles;sillas;orion;289.12;211.95;campaña ahorro 6;afiliados;867.36;289.12;5;3
ORD-2024-00626;2024-05-06;2024-05-09;primera clase;completado;1572;P0066;8;0.20;2303.04;812.44;libreros smart 6;muebles;libreros;lumen;359.85;174.82;campaña ahorro 6;afiliados;1842.43;287.88;5;3
ORD-2024-00627;2024-02-06;2024-02-06;mismo día;completado;1573;P0023;2;0.30;1110.72;284.84;computadores pro 3;tecnología;computadores;patagonia;793.37;395.09;sin dato;sin dato;777.50;555.36;2;0
ORD-2024-00627;2024-02-06;2024-02-06;mismo día;completado;1574;P0057;4;0.00;2063.24;761.56;mesas smart 7;muebles;mesas;patagonia;515.81;325.42;sin dato;sin dato;2063.24;515.81;2;0
ORD-2024-00627;2024-02-06;2024-02-06;mismo día;completado;1575;P0042;3;0.00;1670.43;540.30;sillas flex 2;muebles;sillas;vector;556.81;376.71;sin dato;sin dato;1670.43;556.81;2;0
ORD-2024-00627;2024-02-06;2024-02-06;mismo día;completado;1576;P0095;7;0.00;3690.75;1700.51;archivadores plus 5;oficina;archivadores;altura;527.25;284.32;sin dato;sin dato;3690.75;527.25;2;0
ORD-2024-00628;2024-11-04;2024-11-10;segunda clase;completado;1577;P0031;3;0.15;593.08;247.54;periféricos smart 1;tecnología;periféricos;andes;232.58;113.04;sin dato;sin dato;504.12;197.69;11;6
ORD-2024-00628;2024-11-04;2024-11-10;segunda clase;completado;1578;P0102;4;0.15;1457.55;359.99;etiquetas pro 2;oficina;etiquetas;vector;428.69;272.95;sin dato;sin dato;1238.92;364.39;11;6
ORD-2024-00629;2024-03-03;2024-03-03;mismo día;completado;1579;P0104;7;0.10;3812.76;1108.11;etiquetas nova 4;oficina;etiquetas;altura;605.20;392.50;sin dato;sin dato;3431.48;544.68;3;0
ORD-2024-00629;2024-03-03;2024-03-03;mismo día;completado;1580;P0074;6;0.10;2227.55;626.88;almacenamiento smart 4;muebles;almacenamiento;lumen;412.51;260.75;sin dato;sin dato;2004.80;371.26;3;0
ORD-2024-00630;2023-07-04;2023-07-07;mismo día;enviado;1581;P0074;3;0.30;866.27;147.90;almacenamiento smart 4;muebles;almacenamiento;lumen;412.51;260.75;sin dato;sin dato;606.39;288.76;7;3
ORD-2024-00630;2023-07-04;2023-07-07;mismo día;enviado;1582;P0043;4;0.30;1972.88;262.51;sillas smart 3;muebles;sillas;altura;704.60;405.63;sin dato;sin dato;1381.02;493.22;7;3
ORD-2024-00631;2023-08-08;2023-08-11;segunda clase;enviado;1583;P0017;3;0.00;767.55;277.41;teléfonos plus 7;tecnología;teléfonos;alerce;255.85;163.38;sin dato;sin dato;767.55;255.85;8;3
ORD-2024-00631;2023-08-08;2023-08-11;segunda clase;enviado;1584;P0018;6;0.20;3294.14;391.08;teléfonos flex 8;tecnología;teléfonos;patagonia;686.28;471.26;sin dato;sin dato;2635.31;549.02;8;3
ORD-2024-00632;2023-07-12;2023-07-13;mismo día;completado;1585;P0067;8;0.15;1174.84;287.37;libreros pro 7;muebles;libreros;nova;172.77;109.03;campaña cliente vip 1;email;998.61;146.85;7;1
ORD-2024-00632;2023-07-12;2023-07-13;mismo día;completado;1586;P0086;6;0.00;3876.78;1639.26;papelería flex 6;oficina;papelería;andes;646.13;372.92;campaña cliente vip 1;email;3876.78;646.13;7;1
ORD-2024-00632;2023-07-12;2023-07-13;mismo día;completado;1587;P0119;1;0.00;620.24;272.55;sobres plus 9;oficina;sobres;andes;620.24;347.69;campaña cliente vip 1;email;620.24;620.24;7;1
ORD-2024-00632;2023-07-12;2023-07-13;mismo día;completado;1588;P0039;4;0.20;758.75;-7.92;periféricos nova 9;tecnología;periféricos;vector;237.11;188.91;campaña cliente vip 1;email;607.00;189.69;7;1
ORD-2024-00633;2024-04-16;2024-04-16;estándar;cancelado;1589;P0083;3;0.15;134.87;26.18;papelería pro 3;oficina;papelería;altura;52.89;35.71;sin dato;sin dato;114.64;44.96;4;0
ORD-2024-00633;2024-04-16;2024-04-16;estándar;cancelado;1590;P0039;4;0.30;663.91;-66.37;periféricos nova 9;tecnología;periféricos;vector;237.11;188.91;sin dato;sin dato;464.74;165.98;4;0
ORD-2024-00634;2024-09-18;2024-09-24;mismo día;completado;1591;P0088;8;0.00;5566.72;2183.92;papelería eco 8;oficina;papelería;patagonia;695.84;422.85;campaña cliente vip 1;email;5566.72;695.84;9;6
ORD-2024-00634;2024-09-18;2024-09-24;mismo día;completado;1592;P0019;7;0.00;3678.01;904.33;teléfonos eco 9;tecnología;teléfonos;andes;525.43;396.24;campaña cliente vip 1;email;3678.01;525.43;9;6
ORD-2024-00635;2023-08-01;2023-08-02;segunda clase;completado;1593;P0078;2;0.00;600.44;329.66;almacenamiento eco 8;muebles;almacenamiento;andes;300.22;135.39;campaña outlet 8;búsqueda;600.44;300.22;8;1
ORD-2024-00636;2023-05-13;2023-05-14;primera clase;completado;1594;P0120;4;0.05;2683.83;911.47;sobres plus 10;oficina;sobres;altura;706.27;437.08;campaña cliente vip 1;email;2549.64;670.96;5;1
ORD-2024-00636;2023-05-13;2023-05-14;primera clase;completado;1595;P0005;5;0.05;4235.43;1487.50;accesorios flex 5;tecnología;accesorios;vector;891.67;550.81;campaña cliente vip 1;email;4023.66;847.09;5;1
ORD-2024-00636;2023-05-13;2023-05-14;primera clase;completado;1596;P0027;1;0.00;39.68;20.98;computadores flex 7;tecnología;computadores;alerce;39.68;18.70;campaña cliente vip 1;email;39.68;39.68;5;1
ORD-2024-00636;2023-05-13;2023-05-14;primera clase;completado;1597;P0100;2;0.00;105.24;28.62;archivadores smart 10;oficina;archivadores;andes;52.62;38.31;campaña cliente vip 1;email;105.24;52.62;5;1
ORD-2024-00637;2023-04-13;2023-04-13;segunda clase;completado;1598;P0074;6;0.00;2475.06;910.56;almacenamiento smart 4;muebles;almacenamiento;lumen;412.51;260.75;campaña ahorro 7;afiliados;2475.06;412.51;4;0
ORD-2024-00638;2023-05-12;2023-05-12;primera clase;completado;1599;P0108;2;0.00;981.90;196.82;etiquetas flex 8;oficina;etiquetas;patagonia;490.95;392.54;sin dato;sin dato;981.90;490.95;5;0
ORD-2024-00638;2023-05-12;2023-05-12;primera clase;completado;1600;P0092;6;0.00;3697.92;1844.34;archivadores nova 2;oficina;archivadores;alerce;616.32;308.93;sin dato;sin dato;3697.92;616.32;5;0
ORD-2024-00638;2023-05-12;2023-05-12;primera clase;completado;1601;P0106;1;0.00;224.57;106.10;etiquetas eco 6;oficina;etiquetas;vector;224.57;118.47;sin dato;sin dato;224.57;224.57;5;0
ORD-2024-00638;2023-05-12;2023-05-12;primera clase;completado;1602;P0016;3;0.10;2104.11;984.93;teléfonos pro 6;tecnología;teléfonos;orion;779.30;382.70;sin dato;sin dato;1893.70;701.37;5;0
ORD-2024-00639;2023-12-01;2023-12-05;segunda clase;enviado;1603;P0034;2;0.00;839.36;287.82;periféricos flex 4;tecnología;periféricos;orion;419.68;275.77;campaña cliente vip 5;display;839.36;419.68;12;4
ORD-2024-00640;2024-03-08;2024-03-08;mismo día;completado;1604;P0022;1;0.30;301.85;76.45;computadores pro 2;tecnología;computadores;altura;431.22;214.08;campaña activa 3;afiliados;211.30;301.85;3;0
ORD-2024-00641;2024-03-12;2024-03-18;segunda clase;completado;1605;P0068;2;0.15;1085.33;268.92;libreros pro 8;muebles;libreros;lumen;638.43;415.12;sin dato;sin dato;922.53;542.66;3;6
ORD-2024-00641;2024-03-12;2024-03-18;segunda clase;completado;1606;P0106;1;0.05;213.34;93.97;etiquetas eco 6;oficina;etiquetas;vector;224.57;118.47;sin dato;sin dato;202.67;213.34;3;6
ORD-2024-00641;2024-03-12;2024-03-18;segunda clase;completado;1607;P0005;4;0.00;3566.68;1363.44;accesorios flex 5;tecnología;accesorios;vector;891.67;550.81;sin dato;sin dato;3566.68;891.67;3;6
ORD-2024-00642;2024-05-23;2024-05-27;primera clase;completado;1608;P0080;2;0.15;1344.89;586.84;almacenamiento plus 10;muebles;almacenamiento;patagonia;791.11;381.74;sin dato;sin dato;1143.16;672.44;5;4
ORD-2024-00642;2024-05-23;2024-05-27;primera clase;completado;1609;P0048;5;0.20;2501.72;-8.07;sillas plus 8;muebles;sillas;orion;625.43;484.77;sin dato;sin dato;2001.38;500.34;5;4
ORD-2024-00642;2024-05-23;2024-05-27;primera clase;completado;1610;P0033;8;0.00;7066.80;1526.96;periféricos nova 3;tecnología;periféricos;altura;883.35;692.48;sin dato;sin dato;7066.80;883.35;5;4
ORD-2024-00643;2024-03-20;2024-03-20;estándar;enviado;1611;P0004;7;0.05;187.00;49.90;accesorios eco 4;tecnología;accesorios;orion;28.12;19.81;campaña cliente vip 1;email;177.65;26.71;3;0
ORD-2024-00643;2024-03-20;2024-03-20;estándar;enviado;1612;P0036;2;0.30;1228.08;457.64;periféricos nova 6;tecnología;periféricos;patagonia;877.20;420.81;campaña cliente vip 1;email;859.66;614.04;3;0
ORD-2024-00644;2023-01-14;2023-01-18;segunda clase;completado;1613;P0112;2;0.15;771.20;307.66;sobres pro 2;oficina;sobres;orion;453.65;226.21;campaña ahorro 6;afiliados;655.52;385.60;1;4
ORD-2024-00645;2023-07-20;2023-07-24;estándar;completado;1614;P0043;2;0.00;1409.20;597.94;sillas smart 3;muebles;sillas;altura;704.60;405.63;campaña outlet 8;búsqueda;1409.20;704.60;7;4
ORD-2024-00645;2023-07-20;2023-07-24;estándar;completado;1615;P0047;5;0.30;2442.40;-77.80;sillas plus 7;muebles;sillas;andes;697.83;520.77;campaña outlet 8;búsqueda;1709.68;488.48;7;4
ORD-2024-00646;2023-04-27;2023-05-02;segunda clase;completado;1616;P0058;7;0.20;1316.39;38.69;mesas nova 8;muebles;mesas;andes;235.07;180.72;campaña cliente vip 1;email;1053.11;188.06;4;5
ORD-2024-00646;2023-04-27;2023-05-02;segunda clase;completado;1617;P0004;4;0.00;112.48;33.24;accesorios eco 4;tecnología;accesorios;orion;28.12;19.81;campaña cliente vip 1;email;112.48;28.12;4;5
ORD-2024-00646;2023-04-27;2023-05-02;segunda clase;completado;1618;P0026;4;0.20;1527.49;67.34;computadores plus 6;tecnología;computadores;lumen;477.34;378.15;campaña cliente vip 1;email;1221.99;381.87;4;5
ORD-2024-00647;2024-03-23;2024-03-26;estándar;completado;1619;P0107;3;0.30;162.65;48.68;etiquetas pro 7;oficina;etiquetas;orion;77.45;42.46;campaña activa 3;afiliados;113.85;54.22;3;3
ORD-2024-00647;2024-03-23;2024-03-26;estándar;completado;1620;P0035;7;0.20;4282.38;542.93;periféricos nova 5;tecnología;periféricos;orion;764.71;538.76;campaña activa 3;afiliados;3425.90;611.77;3;3
ORD-2024-00648;2024-10-03;2024-10-07;estándar;enviado;1621;P0086;8;0.00;5169.04;2185.68;papelería flex 6;oficina;papelería;andes;646.13;372.92;campaña ahorro 2;afiliados;5169.04;646.13;10;4
ORD-2024-00648;2024-10-03;2024-10-07;estándar;enviado;1622;P0003;5;0.05;4124.23;694.93;accesorios plus 3;tecnología;accesorios;altura;868.26;685.10;campaña ahorro 2;afiliados;3918.02;824.85;10;4
ORD-2024-00648;2024-10-03;2024-10-07;estándar;enviado;1623;P0106;5;0.00;1122.85;530.50;etiquetas eco 6;oficina;etiquetas;vector;224.57;118.47;campaña ahorro 2;afiliados;1122.85;224.57;10;4
ORD-2024-00648;2024-10-03;2024-10-07;estándar;enviado;1624;P0041;3;0.00;463.56;161.85;sillas eco 1;muebles;sillas;vector;154.52;100.57;campaña ahorro 2;afiliados;463.56;154.52;10;4
ORD-2024-00649;2024-10-24;2024-10-30;mismo día;completado;1625;P0082;4;0.00;2363.44;1289.68;papelería eco 2;oficina;papelería;orion;590.86;268.44;sin dato;sin dato;2363.44;590.86;10;6
ORD-2024-00649;2024-10-24;2024-10-30;mismo día;completado;1626;P0088;2;0.20;1113.34;280.76;papelería eco 8;oficina;papelería;patagonia;695.84;422.85;sin dato;sin dato;890.67;556.67;10;6
ORD-2024-00649;2024-10-24;2024-10-30;mismo día;completado;1627;P0014;7;0.20;437.19;165.49;teléfonos pro 4;tecnología;teléfonos;alerce;78.07;35.97;sin dato;sin dato;349.75;62.46;10;6
ORD-2024-00649;2024-10-24;2024-10-30;mismo día;completado;1628;P0028;8;0.10;3327.34;1333.85;computadores pro 8;tecnología;computadores;lumen;462.13;240.82;sin dato;sin dato;2994.61;415.92;10;6
ORD-2024-00650;2024-08-07;2024-08-09;mismo día;enviado;1629;P0095;5;0.00;2636.25;1214.65;archivadores plus 5;oficina;archivadores;altura;527.25;284.32;campaña activa 3;afiliados;2636.25;527.25;8;2
ORD-2024-00650;2024-08-07;2024-08-09;mismo día;enviado;1630;P0104;1;0.00;605.20;212.70;etiquetas nova 4;oficina;etiquetas;altura;605.20;392.50;campaña activa 3;afiliados;605.20;605.20;8;2
ORD-2024-00651;2024-03-17;2024-03-23;estándar;completado;1631;P0007;8;0.00;2504.72;1356.08;accesorios nova 7;tecnología;accesorios;alerce;313.09;143.58;sin dato;sin dato;2504.72;313.09;3;6
ORD-2024-00651;2024-03-17;2024-03-23;estándar;completado;1632;P0008;3;0.00;1189.80;364.23;accesorios plus 8;tecnología;accesorios;andes;396.60;275.19;sin dato;sin dato;1189.80;396.60;3;6
ORD-2024-00651;2024-03-17;2024-03-23;estándar;completado;1633;P0013;2;0.05;543.13;197.11;teléfonos nova 3;tecnología;teléfonos;lumen;285.86;173.76;sin dato;sin dato;515.97;271.56;3;6
ORD-2024-00651;2024-03-17;2024-03-23;estándar;completado;1634;P0116;3;0.00;2322.57;867.42;sobres flex 6;oficina;sobres;patagonia;774.19;485.05;sin dato;sin dato;2322.57;774.19;3;6
ORD-2024-00652;2025-01-18;2025-01-24;primera clase;completado;1635;P0105;2;0.20;415.17;152.58;etiquetas pro 5;oficina;etiquetas;lumen;259.48;123.11;sin dato;sin dato;332.14;207.58;1;6
ORD-2024-00653;2023-05-22;2023-05-23;primera clase;completado;1636;P0074;8;0.15;2805.07;731.41;almacenamiento smart 4;muebles;almacenamiento;lumen;412.51;260.75;sin dato;sin dato;2384.31;350.63;5;1
ORD-2024-00653;2023-05-22;2023-05-23;primera clase;completado;1637;P0070;3;0.00;2300.07;886.26;libreros eco 10;muebles;libreros;andes;766.69;471.27;sin dato;sin dato;2300.07;766.69;5;1
ORD-2024-00654;2023-02-17;2023-02-20;estándar;completado;1638;P0108;4;0.20;1571.04;-9.08;etiquetas flex 8;oficina;etiquetas;patagonia;490.95;392.54;sin dato;sin dato;1256.83;392.76;2;3
ORD-2024-00654;2023-02-17;2023-02-20;estándar;completado;1639;P0077;7;0.00;766.43;390.95;almacenamiento nova 7;muebles;almacenamiento;altura;109.49;53.64;sin dato;sin dato;766.43;109.49;2;3
ORD-2024-00655;2024-06-07;2024-06-10;segunda clase;completado;1640;P0072;3;0.30;1446.86;106.45;almacenamiento nova 2;muebles;almacenamiento;patagonia;688.98;428.10;sin dato;sin dato;1012.80;482.29;6;3
ORD-2024-00655;2024-06-07;2024-06-10;segunda clase;completado;1641;P0075;8;0.00;4258.88;2090.48;almacenamiento plus 5;muebles;almacenamiento;nova;532.36;271.05;sin dato;sin dato;4258.88;532.36;6;3
ORD-2024-00655;2024-06-07;2024-06-10;segunda clase;completado;1642;P0030;2;0.10;1251.36;588.89;computadores flex 10;tecnología;computadores;alerce;695.20;319.98;sin dato;sin dato;1126.22;625.68;6;3
ORD-2024-00655;2024-06-07;2024-06-10;segunda clase;completado;1643;P0102;7;0.00;3000.83;1090.18;etiquetas pro 2;oficina;etiquetas;vector;428.69;272.95;sin dato;sin dato;3000.83;428.69;6;3
ORD-2024-00656;2024-07-19;2024-07-24;segunda clase;completado;1644;P0046;2;0.30;118.82;26.97;sillas pro 6;muebles;sillas;nova;84.87;45.10;campaña outlet 8;búsqueda;83.17;59.41;7;5
ORD-2024-00656;2024-07-19;2024-07-24;segunda clase;completado;1645;P0024;5;0.00;4036.75;2022.40;computadores nova 4;tecnología;computadores;vector;807.35;402.87;campaña outlet 8;búsqueda;4036.75;807.35;7;5
ORD-2024-00656;2024-07-19;2024-07-24;segunda clase;completado;1646;P0090;5;0.20;3037.56;636.28;papelería plus 10;oficina;papelería;orion;759.39;487.32;campaña outlet 8;búsqueda;2430.05;607.51;7;5
ORD-2024-00656;2024-07-19;2024-07-24;segunda clase;completado;1647;P0093;5;0.20;2499.48;1160.70;archivadores flex 3;oficina;archivadores;vector;624.87;291.47;campaña outlet 8;búsqueda;1999.58;499.90;7;5
ORD-2024-00657;2023-11-16;2023-11-17;primera clase;completado;1648;P0019;3;0.15;1339.85;143.56;teléfonos eco 9;tecnología;teléfonos;andes;525.43;396.24;campaña cliente vip 1;email;1138.87;446.62;11;1
ORD-2024-00657;2023-11-16;2023-11-17;primera clase;completado;1649;P0106;7;0.10;1414.79;582.82;etiquetas eco 6;oficina;etiquetas;vector;224.57;118.47;campaña cliente vip 1;email;1273.31;202.11;11;1
ORD-2024-00657;2023-11-16;2023-11-17;primera clase;completado;1650;P0001;4;0.10;1605.02;760.55;accesorios flex 1;tecnología;accesorios;alerce;445.84;210.50;campaña cliente vip 1;email;1444.52;401.26;11;1
ORD-2024-00657;2023-11-16;2023-11-17;primera clase;completado;1651;P0079;1;0.20;39.10;4.61;almacenamiento nova 9;muebles;almacenamiento;alerce;48.87;35.90;campaña cliente vip 1;email;31.28;39.10;11;1
ORD-2024-00658;2024-05-06;2024-05-07;mismo día;enviado;1652;P0055;1;0.00;579.11;239.96;mesas plus 5;muebles;mesas;vector;579.11;339.15;sin dato;sin dato;579.11;579.11;5;1
ORD-2024-00659;2025-04-29;2025-04-29;segunda clase;enviado;1653;P0106;4;0.20;718.62;272.92;etiquetas eco 6;oficina;etiquetas;vector;224.57;118.47;sin dato;sin dato;574.90;179.66;4;0
ORD-2024-00659;2025-04-29;2025-04-29;segunda clase;enviado;1654;P0061;7;0.00;6127.52;2881.27;libreros plus 1;muebles;libreros;altura;875.36;463.75;sin dato;sin dato;6127.52;875.36;4;0
ORD-2024-00660;2023-09-18;2023-09-20;primera clase;completado;1655;P0117;3;0.15;1900.92;137.92;sobres eco 7;oficina;sobres;vector;745.46;569.49;sin dato;sin dato;1615.78;633.64;9;2
ORD-2024-00661;2024-05-22;2024-05-23;estándar;completado;1656;P0090;5;0.10;3417.26;1052.30;papelería plus 10;oficina;papelería;orion;759.39;487.32;campaña ahorro 2;afiliados;3075.53;683.45;5;1
ORD-2024-00661;2024-05-22;2024-05-23;estándar;completado;1657;P0052;2;0.30;691.81;-93.90;mesas nova 2;muebles;mesas;lumen;494.15;377.70;campaña ahorro 2;afiliados;484.27;345.90;5;1
ORD-2024-00662;2025-03-01;2025-03-05;estándar;completado;1658;P0111;7;0.30;2522.81;281.74;sobres flex 1;oficina;sobres;lumen;514.86;299.56;campaña cliente vip 5;display;1765.97;360.40;3;4
ORD-2024-00663;2023-10-06;2023-10-06;estándar;completado;1659;P0108;6;0.00;2945.70;590.46;etiquetas flex 8;oficina;etiquetas;patagonia;490.95;392.54;campaña ahorro 7;afiliados;2945.70;490.95;10;0
ORD-2024-00663;2023-10-06;2023-10-06;estándar;completado;1660;P0034;7;0.05;2790.87;848.80;periféricos flex 4;tecnología;periféricos;orion;419.68;275.77;campaña ahorro 7;afiliados;2651.33;398.70;10;0
ORD-2024-00664;2024-03-26;2024-03-28;primera clase;completado;1661;P0042;6;0.10;3006.77;682.52;sillas flex 2;muebles;sillas;vector;556.81;376.71;sin dato;sin dato;2706.09;501.13;3;2
ORD-2024-00665;2023-05-08;2023-05-12;mismo día;completado;1662;P0090;7;0.00;5315.73;1904.49;papelería plus 10;oficina;papelería;orion;759.39;487.32;campaña activa 3;afiliados;5315.73;759.39;5;4
ORD-2024-00665;2023-05-08;2023-05-12;mismo día;completado;1663;P0061;2;0.20;1400.58;447.48;libreros plus 1;muebles;libreros;altura;875.36;463.75;campaña activa 3;afiliados;1120.46;700.29;5;4
ORD-2024-00666;2024-09-02;2024-09-06;mismo día;completado;1664;P0041;4;0.20;494.46;68.65;sillas eco 1;muebles;sillas;vector;154.52;100.57;sin dato;sin dato;395.57;123.62;9;4
ORD-2024-00666;2024-09-02;2024-09-06;mismo día;completado;1665;P0013;5;0.15;1214.91;357.05;teléfonos nova 3;tecnología;teléfonos;lumen;285.86;173.76;sin dato;sin dato;1032.67;242.98;9;4
ORD-2024-00666;2024-09-02;2024-09-06;mismo día;completado;1666;P0049;8;0.00;2312.96;617.36;sillas smart 9;muebles;sillas;orion;289.12;211.95;sin dato;sin dato;2312.96;289.12;9;4
ORD-2024-00666;2024-09-02;2024-09-06;mismo día;completado;1667;P0104;3;0.10;1634.04;454.34;etiquetas nova 4;oficina;etiquetas;altura;605.20;392.50;sin dato;sin dato;1470.64;544.68;9;4
ORD-2024-00667;2023-02-18;2023-02-20;primera clase;devuelto;1668;P0056;8;0.20;3856.96;497.24;mesas flex 6;muebles;mesas;orion;602.65;441.66;sin dato;sin dato;3085.57;482.12;2;2
ORD-2024-00667;2023-02-18;2023-02-20;primera clase;devuelto;1669;P0034;3;0.00;1259.04;431.73;periféricos flex 4;tecnología;periféricos;orion;419.68;275.77;sin dato;sin dato;1259.04;419.68;2;2
ORD-2024-00667;2023-02-18;2023-02-20;primera clase;devuelto;1670;P0041;7;0.15;919.39;216.05;sillas eco 1;muebles;sillas;vector;154.52;100.57;sin dato;sin dato;781.48;131.34;2;2
ORD-2024-00667;2023-02-18;2023-02-20;primera clase;devuelto;1671;P0044;1;0.30;509.98;37.17;sillas plus 4;muebles;sillas;orion;728.55;448.12;sin dato;sin dato;356.99;509.98;2;2
ORD-2024-00668;2023-08-15;2023-08-16;estándar;enviado;1672;P0032;6;0.10;3907.39;816.77;periféricos eco 2;tecnología;periféricos;vector;723.59;506.45;sin dato;sin dato;3516.65;651.23;8;1
ORD-2024-00668;2023-08-15;2023-08-16;estándar;enviado;1673;P0101;3;0.00;1736.13;579.12;etiquetas eco 1;oficina;etiquetas;nova;578.71;385.67;sin dato;sin dato;1736.13;578.71;8;1
ORD-2024-00669;2023-02-25;2023-02-25;primera clase;completado;1674;P0002;7;0.00;70.42;28.98;accesorios smart 2;tecnología;accesorios;vector;10.06;5.92;campaña ahorro 6;afiliados;70.42;10.06;2;0
ORD-2024-00670;2023-06-05;2023-06-07;mismo día;completado;1675;P0040;7;0.00;5194.07;2180.01;periféricos eco 10;tecnología;periféricos;andes;742.01;430.58;campaña outlet 8;búsqueda;5194.07;742.01;6;2
ORD-2024-00670;2023-06-05;2023-06-07;mismo día;completado;1676;P0050;1;0.00;241.63;111.79;sillas nova 10;muebles;sillas;lumen;241.63;129.84;campaña outlet 8;búsqueda;241.63;241.63;6;2
ORD-2024-00670;2023-06-05;2023-06-07;mismo día;completado;1677;P0091;2;0.00;1030.58;326.18;archivadores flex 1;oficina;archivadores;alerce;515.29;352.20;campaña outlet 8;búsqueda;1030.58;515.29;6;2
ORD-2024-00670;2023-06-05;2023-06-07;mismo día;completado;1678;P0069;7;0.00;4675.02;1384.67;libreros smart 9;muebles;libreros;patagonia;667.86;470.05;campaña outlet 8;búsqueda;4675.02;667.86;6;2
ORD-2024-00671;2024-04-30;2024-05-04;mismo día;completado;1679;P0026;2;0.00;954.68;198.38;computadores plus 6;tecnología;computadores;lumen;477.34;378.15;sin dato;sin dato;954.68;477.34;4;4
ORD-2024-00671;2024-04-30;2024-05-04;mismo día;completado;1680;P0057;1;0.10;464.23;139.92;mesas smart 7;muebles;mesas;patagonia;515.81;325.42;sin dato;sin dato;417.81;464.23;4;4
ORD-2024-00672;2023-06-18;2023-06-23;estándar;completado;1681;P0027;5;0.05;188.48;94.05;computadores flex 7;tecnología;computadores;alerce;39.68;18.70;sin dato;sin dato;179.06;37.70;6;5
ORD-2024-00673;2023-08-22;2023-08-25;estándar;enviado;1682;P0105;3;0.15;661.67;269.77;etiquetas pro 5;oficina;etiquetas;lumen;259.48;123.11;campaña ahorro 7;afiliados;562.42;220.56;8;3
ORD-2024-00673;2023-08-22;2023-08-25;estándar;enviado;1683;P0040;3;0.00;2226.03;934.29;periféricos eco 10;tecnología;periféricos;andes;742.01;430.58;campaña ahorro 7;afiliados;2226.03;742.01;8;3
ORD-2024-00673;2023-08-22;2023-08-25;estándar;enviado;1684;P0065;6;0.10;2315.47;1052.80;libreros pro 5;muebles;libreros;nova;428.79;212.81;campaña ahorro 7;afiliados;2083.92;385.91;8;3
ORD-2024-00674;2023-02-02;2023-02-07;primera clase;completado;1685;P0044;3;0.05;2076.37;716.90;sillas plus 4;muebles;sillas;orion;728.55;448.12;sin dato;sin dato;1972.55;692.12;2;5
ORD-2024-00674;2023-02-02;2023-02-07;primera clase;completado;1686;P0015;3;0.05;1990.72;458.42;teléfonos plus 5;tecnología;teléfonos;nova;698.50;515.60;sin dato;sin dato;1891.18;663.57;2;5
ORD-2024-00674;2023-02-02;2023-02-07;primera clase;completado;1687;P0037;8;0.00;2311.84;1051.44;periféricos nova 7;tecnología;periféricos;orion;288.98;157.55;sin dato;sin dato;2311.84;288.98;2;5
ORD-2024-00674;2023-02-02;2023-02-07;primera clase;completado;1688;P0098;4;0.05;888.86;227.66;archivadores nova 8;oficina;archivadores;lumen;233.91;164.53;sin dato;sin dato;844.42;222.22;2;5
ORD-2024-00675;2023-06-23;2023-06-23;estándar;completado;1689;P0092;1;0.00;616.32;307.39;archivadores nova 2;oficina;archivadores;alerce;616.32;308.93;campaña ahorro 7;afiliados;616.32;616.32;6;0
ORD-2024-00675;2023-06-23;2023-06-23;estándar;completado;1690;P0078;7;0.05;1996.46;1035.00;almacenamiento eco 8;muebles;almacenamiento;andes;300.22;135.39;campaña ahorro 7;afiliados;1896.64;285.21;6;0
ORD-2024-00675;2023-06-23;2023-06-23;estándar;completado;1691;P0043;4;0.00;2818.40;1195.88;sillas smart 3;muebles;sillas;altura;704.60;405.63;campaña ahorro 7;afiliados;2818.40;704.60;6;0
ORD-2024-00676;2025-01-06;2025-01-10;segunda clase;completado;1692;P0113;5;0.00;3045.05;1164.25;sobres smart 3;oficina;sobres;patagonia;609.01;376.16;sin dato;sin dato;3045.05;609.01;1;4
ORD-2024-00676;2025-01-06;2025-01-10;segunda clase;completado;1693;P0066;2;0.20;575.76;229.54;libreros smart 6;muebles;libreros;lumen;359.85;174.82;sin dato;sin dato;460.61;287.88;1;4
ORD-2024-00677;2023-03-10;2023-03-16;primera clase;completado;1694;P0034;5;0.20;1678.72;374.83;periféricos flex 4;tecnología;periféricos;orion;419.68;275.77;campaña activa 3;afiliados;1342.98;335.74;3;6
ORD-2024-00677;2023-03-10;2023-03-16;primera clase;completado;1695;P0105;6;0.00;1556.88;818.22;etiquetas pro 5;oficina;etiquetas;lumen;259.48;123.11;campaña activa 3;afiliados;1556.88;259.48;3;6
ORD-2024-00677;2023-03-10;2023-03-16;primera clase;completado;1696;P0058;2;0.00;470.14;108.70;mesas nova 8;muebles;mesas;andes;235.07;180.72;campaña activa 3;afiliados;470.14;235.07;3;6
ORD-2024-00678;2024-10-21;2024-10-25;primera clase;devuelto;1697;P0103;7;0.00;3770.20;1364.79;etiquetas nova 3;oficina;etiquetas;alerce;538.60;343.63;campaña outlet 8;búsqueda;3770.20;538.60;10;4
ORD-2024-00678;2024-10-21;2024-10-25;primera clase;devuelto;1698;P0040;6;0.30;3116.44;490.88;periféricos eco 10;tecnología;periféricos;andes;742.01;430.58;campaña outlet 8;búsqueda;2181.51;519.41;10;4
ORD-2024-00678;2024-10-21;2024-10-25;primera clase;devuelto;1699;P0108;8;0.00;3927.60;787.28;etiquetas flex 8;oficina;etiquetas;patagonia;490.95;392.54;campaña outlet 8;búsqueda;3927.60;490.95;10;4
ORD-2024-00678;2024-10-21;2024-10-25;primera clase;devuelto;1700;P0088;3;0.10;1878.77;620.50;papelería eco 8;oficina;papelería;patagonia;695.84;422.85;campaña outlet 8;búsqueda;1690.89;626.26;10;4
ORD-2024-00679;2025-01-16;2025-01-20;primera clase;devuelto;1701;P0017;4;0.05;972.23;316.82;teléfonos plus 7;tecnología;teléfonos;alerce;255.85;163.38;sin dato;sin dato;923.62;243.06;1;4
ORD-2024-00679;2025-01-16;2025-01-20;primera clase;devuelto;1702;P0067;4;0.05;656.53;219.47;libreros pro 7;muebles;libreros;nova;172.77;109.03;sin dato;sin dato;623.70;164.13;1;4
ORD-2024-00679;2025-01-16;2025-01-20;primera clase;devuelto;1703;P0020;2;0.30;692.15;257.76;teléfonos flex 10;tecnología;teléfonos;lumen;494.39;245.07;sin dato;sin dato;484.50;346.08;1;4
ORD-2024-00680;2023-08-04;2023-08-05;estándar;completado;1704;P0022;3;0.00;1293.66;651.42;computadores pro 2;tecnología;computadores;altura;431.22;214.08;sin dato;sin dato;1293.66;431.22;8;1
ORD-2024-00680;2023-08-04;2023-08-05;estándar;completado;1705;P0002;3;0.05;28.67;11.11;accesorios smart 2;tecnología;accesorios;vector;10.06;5.92;sin dato;sin dato;27.24;9.56;8;1
ORD-2024-00681;2023-03-06;2023-03-11;mismo día;completado;1706;P0117;1;0.30;521.82;-66.89;sobres eco 7;oficina;sobres;vector;745.46;569.49;sin dato;sin dato;365.27;521.82;3;5
ORD-2024-00682;2024-07-14;2024-07-14;mismo día;completado;1707;P0037;1;0.05;274.53;114.68;periféricos nova 7;tecnología;periféricos;orion;288.98;157.55;sin dato;sin dato;260.80;274.53;7;0
ORD-2024-00683;2024-10-27;2024-10-28;estándar;completado;1708;P0036;7;0.00;6140.40;3194.73;periféricos nova 6;tecnología;periféricos;patagonia;877.20;420.81;sin dato;sin dato;6140.40;877.20;10;1
ORD-2024-00683;2024-10-27;2024-10-28;estándar;completado;1709;P0053;6;0.00;2224.26;792.00;mesas eco 3;muebles;mesas;alerce;370.71;238.71;sin dato;sin dato;2224.26;370.71;10;1
ORD-2024-00683;2024-10-27;2024-10-28;estándar;completado;1710;P0094;1;0.30;126.03;-7.92;archivadores pro 4;oficina;archivadores;alerce;180.04;126.70;sin dato;sin dato;88.22;126.03;10;1
ORD-2024-00683;2024-10-27;2024-10-28;estándar;completado;1711;P0118;3;0.00;696.15;196.29;sobres nova 8;oficina;sobres;alerce;232.05;166.62;sin dato;sin dato;696.15;232.05;10;1
ORD-2024-00684;2025-01-30;2025-02-03;estándar;completado;1712;P0115;7;0.20;738.47;151.94;sobres pro 5;oficina;sobres;alerce;131.87;86.23;campaña ahorro 2;afiliados;590.78;105.50;1;4
ORD-2024-00684;2025-01-30;2025-02-03;estándar;completado;1713;P0002;7;0.15;59.86;19.27;accesorios smart 2;tecnología;accesorios;vector;10.06;5.92;campaña ahorro 2;afiliados;50.88;8.55;1;4
ORD-2024-00684;2025-01-30;2025-02-03;estándar;completado;1714;P0091;2;0.05;979.05;264.62;archivadores flex 1;oficina;archivadores;alerce;515.29;352.20;campaña ahorro 2;afiliados;930.10;489.52;1;4
ORD-2024-00684;2025-01-30;2025-02-03;estándar;completado;1715;P0104;8;0.15;4115.36;1091.39;etiquetas nova 4;oficina;etiquetas;altura;605.20;392.50;campaña ahorro 2;afiliados;3498.06;514.42;1;4
ORD-2024-00685;2023-02-12;2023-02-16;segunda clase;completado;1716;P0071;4;0.10;3198.67;481.04;almacenamiento flex 1;muebles;almacenamiento;patagonia;888.52;677.49;sin dato;sin dato;2878.80;799.67;2;4
ORD-2024-00685;2023-02-12;2023-02-16;segunda clase;completado;1717;P0069;7;0.00;4675.02;1384.67;libreros smart 9;muebles;libreros;patagonia;667.86;470.05;sin dato;sin dato;4675.02;667.86;2;4
ORD-2024-00685;2023-02-12;2023-02-16;segunda clase;completado;1718;P0101;1;0.05;549.77;163.64;etiquetas eco 1;oficina;etiquetas;nova;578.71;385.67;sin dato;sin dato;522.28;549.77;2;4
ORD-2024-00685;2023-02-12;2023-02-16;segunda clase;completado;1719;P0061;8;0.00;7002.88;3292.88;libreros plus 1;muebles;libreros;altura;875.36;463.75;sin dato;sin dato;7002.88;875.36;2;4
ORD-2024-00686;2023-07-04;2023-07-06;mismo día;completado;1720;P0089;4;0.00;1404.48;477.24;papelería plus 9;oficina;papelería;vector;351.12;231.81;sin dato;sin dato;1404.48;351.12;7;2
ORD-2024-00687;2024-03-17;2024-03-22;segunda clase;completado;1721;P0039;2;0.00;474.22;96.40;periféricos nova 9;tecnología;periféricos;vector;237.11;188.91;sin dato;sin dato;474.22;237.11;3;5
ORD-2024-00688;2023-03-16;2023-03-22;primera clase;completado;1722;P0063;8;0.10;1796.26;306.44;libreros smart 3;muebles;libreros;vector;249.48;184.17;sin dato;sin dato;1616.63;224.53;3;6
ORD-2024-00688;2023-03-16;2023-03-22;primera clase;completado;1723;P0038;7;0.00;2862.44;1110.13;periféricos nova 8;tecnología;periféricos;andes;408.92;250.33;sin dato;sin dato;2862.44;408.92;3;6
ORD-2024-00688;2023-03-16;2023-03-22;primera clase;completado;1724;P0070;3;0.10;2070.06;693.80;libreros eco 10;muebles;libreros;andes;766.69;471.27;sin dato;sin dato;1863.05;690.02;3;6
ORD-2024-00688;2023-03-16;2023-03-22;primera clase;completado;1725;P0018;7;0.10;4323.56;1086.81;teléfonos flex 8;tecnología;teléfonos;patagonia;686.28;471.26;sin dato;sin dato;3891.20;617.65;3;6
ORD-2024-00689;2023-12-09;2023-12-13;primera clase;completado;1726;P0035;3;0.00;2294.13;677.85;periféricos nova 5;tecnología;periféricos;orion;764.71;538.76;sin dato;sin dato;2294.13;764.71;12;4
ORD-2024-00689;2023-12-09;2023-12-13;primera clase;completado;1727;P0088;5;0.15;2957.32;845.97;papelería eco 8;oficina;papelería;patagonia;695.84;422.85;sin dato;sin dato;2513.72;591.46;12;4
ORD-2024-00689;2023-12-09;2023-12-13;primera clase;completado;1728;P0041;7;0.00;1081.64;377.65;sillas eco 1;muebles;sillas;vector;154.52;100.57;sin dato;sin dato;1081.64;154.52;12;4
ORD-2024-00690;2024-01-11;2024-01-14;estándar;completado;1729;P0009;7;0.05;5737.49;2478.22;accesorios flex 9;tecnología;accesorios;patagonia;862.78;458.27;sin dato;sin dato;5450.62;819.64;1;3
ORD-2024-00691;2023-10-09;2023-10-09;segunda clase;completado;1730;P0023;3;0.15;2023.09;782.50;computadores pro 3;tecnología;computadores;patagonia;793.37;395.09;sin dato;sin dato;1719.63;674.36;10;0
ORD-2024-00691;2023-10-09;2023-10-09;segunda clase;completado;1731;P0001;1;0.00;445.84;235.34;accesorios flex 1;tecnología;accesorios;alerce;445.84;210.50;sin dato;sin dato;445.84;445.84;10;0
ORD-2024-00691;2023-10-09;2023-10-09;segunda clase;completado;1732;P0021;5;0.30;2780.40;697.10;computadores plus 1;tecnología;computadores;andes;794.40;441.41;sin dato;sin dato;1946.28;556.08;10;0
ORD-2024-00691;2023-10-09;2023-10-09;segunda clase;completado;1733;P0054;2;0.20;132.03;4.34;mesas eco 4;muebles;mesas;altura;82.52;60.93;sin dato;sin dato;105.62;66.02;10;0
ORD-2024-00692;2024-05-08;2024-05-08;estándar;cancelado;1734;P0074;6;0.00;2475.06;910.56;almacenamiento smart 4;muebles;almacenamiento;lumen;412.51;260.75;sin dato;sin dato;2475.06;412.51;5;0
ORD-2024-00693;2025-04-15;2025-04-20;estándar;completado;1735;P0030;8;0.00;5561.60;3001.76;computadores flex 10;tecnología;computadores;alerce;695.20;319.98;campaña activa 3;afiliados;5561.60;695.20;4;5
ORD-2024-00693;2025-04-15;2025-04-20;estándar;completado;1736;P0026;1;0.00;477.34;99.19;computadores plus 6;tecnología;computadores;lumen;477.34;378.15;campaña activa 3;afiliados;477.34;477.34;4;5
ORD-2024-00693;2025-04-15;2025-04-20;estándar;completado;1737;P0076;6;0.00;688.44;317.76;almacenamiento eco 6;muebles;almacenamiento;patagonia;114.74;61.78;campaña activa 3;afiliados;688.44;114.74;4;5
ORD-2024-00694;2024-12-18;2024-12-24;primera clase;completado;1738;P0090;5;0.05;3607.10;1146.91;papelería plus 10;oficina;papelería;orion;759.39;487.32;sin dato;sin dato;3426.74;721.42;12;6
ORD-2024-00694;2024-12-18;2024-12-24;primera clase;completado;1739;P0103;8;0.20;3447.04;665.91;etiquetas nova 3;oficina;etiquetas;alerce;538.60;343.63;sin dato;sin dato;2757.63;430.88;12;6
ORD-2024-00694;2024-12-18;2024-12-24;primera clase;completado;1740;P0111;7;0.15;3063.42;1046.18;sobres flex 1;oficina;sobres;lumen;514.86;299.56;sin dato;sin dato;2603.91;437.63;12;6
ORD-2024-00695;2024-04-28;2024-05-04;segunda clase;cancelado;1741;P0104;5;0.00;3026.00;1063.50;etiquetas nova 4;oficina;etiquetas;altura;605.20;392.50;sin dato;sin dato;3026.00;605.20;4;6
ORD-2024-00695;2024-04-28;2024-05-04;segunda clase;cancelado;1742;P0005;5;0.15;3789.60;1157.15;accesorios flex 5;tecnología;accesorios;vector;891.67;550.81;sin dato;sin dato;3221.16;757.92;4;6
ORD-2024-00696;2024-11-10;2024-11-14;primera clase;completado;1743;P0057;5;0.05;2450.10;831.38;mesas smart 7;muebles;mesas;patagonia;515.81;325.42;campaña activa 3;afiliados;2327.59;490.02;11;4
ORD-2024-00696;2024-11-10;2024-11-14;primera clase;completado;1744;P0054;1;0.20;66.02;2.70;mesas eco 4;muebles;mesas;altura;82.52;60.93;campaña activa 3;afiliados;52.82;66.02;11;4
ORD-2024-00696;2024-11-10;2024-11-14;primera clase;completado;1745;P0005;7;0.30;4369.18;742.89;accesorios flex 5;tecnología;accesorios;vector;891.67;550.81;campaña activa 3;afiliados;3058.43;624.17;11;4
ORD-2024-00697;2023-11-03;2023-11-07;segunda clase;completado;1746;P0049;5;0.20;1156.48;48.74;sillas smart 9;muebles;sillas;orion;289.12;211.95;sin dato;sin dato;925.18;231.30;11;4
ORD-2024-00697;2023-11-03;2023-11-07;segunda clase;completado;1747;P0043;6;0.00;4227.60;1793.82;sillas smart 3;muebles;sillas;altura;704.60;405.63;sin dato;sin dato;4227.60;704.60;11;4
ORD-2024-00698;2024-12-22;2024-12-22;primera clase;completado;1748;P0051;3;0.05;270.41;94.18;mesas smart 1;muebles;mesas;orion;94.88;58.62;campaña outlet 8;búsqueda;256.89;90.14;12;0
ORD-2024-00698;2024-12-22;2024-12-22;primera clase;completado;1749;P0077;1;0.15;93.07;36.78;almacenamiento nova 7;muebles;almacenamiento;altura;109.49;53.64;campaña outlet 8;búsqueda;79.11;93.07;12;0
ORD-2024-00698;2024-12-22;2024-12-22;primera clase;completado;1750;P0014;1;0.30;54.65;17.47;teléfonos pro 4;tecnología;teléfonos;alerce;78.07;35.97;campaña outlet 8;búsqueda;38.25;54.65;12;0
ORD-2024-00699;2024-11-13;2024-11-17;estándar;completado;1751;P0100;7;0.00;368.34;100.17;archivadores smart 10;oficina;archivadores;andes;52.62;38.31;campaña activa 4;afiliados;368.34;52.62;11;4
ORD-2024-00699;2024-11-13;2024-11-17;estándar;completado;1752;P0019;6;0.10;2837.32;434.14;teléfonos eco 9;tecnología;teléfonos;andes;525.43;396.24;campaña activa 4;afiliados;2553.59;472.89;11;4
ORD-2024-00699;2024-11-13;2024-11-17;estándar;completado;1753;P0088;7;0.00;4870.88;1910.93;papelería eco 8;oficina;papelería;patagonia;695.84;422.85;campaña activa 4;afiliados;4870.88;695.84;11;4
ORD-2024-00699;2024-11-13;2024-11-17;estándar;completado;1754;P0022;1;0.20;344.98;123.41;computadores pro 2;tecnología;computadores;altura;431.22;214.08;campaña activa 4;afiliados;275.98;344.98;11;4
ORD-2024-00700;2023-11-19;2023-11-25;estándar;completado;1755;P0001;2;0.00;891.68;470.68;accesorios flex 1;tecnología;accesorios;alerce;445.84;210.50;sin dato;sin dato;891.68;445.84;11;6
ORD-2024-00700;2023-11-19;2023-11-25;estándar;completado;1756;P0101;6;0.00;3472.26;1158.24;etiquetas eco 1;oficina;etiquetas;nova;578.71;385.67;sin dato;sin dato;3472.26;578.71;11;6
ORD-2024-00701;2023-03-22;2023-03-24;segunda clase;enviado;1757;P0057;6;0.00;3094.86;1142.34;mesas smart 7;muebles;mesas;patagonia;515.81;325.42;campaña activa 4;afiliados;3094.86;515.81;3;2
ORD-2024-00701;2023-03-22;2023-03-24;segunda clase;enviado;1758;P0107;8;0.00;619.60;279.92;etiquetas pro 7;oficina;etiquetas;orion;77.45;42.46;campaña activa 4;afiliados;619.60;77.45;3;2
ORD-2024-00701;2023-03-22;2023-03-24;segunda clase;enviado;1759;P0109;3;0.30;1603.96;-100.11;etiquetas smart 9;oficina;etiquetas;patagonia;763.79;559.32;campaña activa 4;afiliados;1122.77;534.65;3;2
ORD-2024-00702;2024-12-26;2024-12-31;estándar;completado;1760;P0007;1;0.20;250.47;112.21;accesorios nova 7;tecnología;accesorios;alerce;313.09;143.58;sin dato;sin dato;200.38;250.47;12;5
ORD-2024-00703;2025-03-02;2025-03-07;primera clase;completado;1761;P0113;4;0.20;1948.83;532.75;sobres smart 3;oficina;sobres;patagonia;609.01;376.16;campaña ahorro 2;afiliados;1559.06;487.21;3;5
ORD-2024-00704;2023-03-15;2023-03-19;primera clase;cancelado;1762;P0070;6;0.15;3910.12;1010.75;libreros eco 10;muebles;libreros;andes;766.69;471.27;sin dato;sin dato;3323.60;651.69;3;4
ORD-2024-00704;2023-03-15;2023-03-19;primera clase;cancelado;1763;P0117;6;0.15;3801.85;479.77;sobres eco 7;oficina;sobres;vector;745.46;569.49;sin dato;sin dato;3231.57;633.64;3;4
ORD-2024-00705;2023-03-14;2023-03-14;estándar;completado;1764;P0051;7;0.00;664.16;253.82;mesas smart 1;muebles;mesas;orion;94.88;58.62;campaña outlet 8;búsqueda;664.16;94.88;3;0
ORD-2024-00706;2024-05-03;2024-05-05;primera clase;devuelto;1765;P0092;4;0.05;2342.02;1102.83;archivadores nova 2;oficina;archivadores;alerce;616.32;308.93;campaña activa 4;afiliados;2224.92;585.50;5;2
ORD-2024-00706;2024-05-03;2024-05-05;primera clase;devuelto;1766;P0040;6;0.05;4229.46;1688.67;periféricos eco 10;tecnología;periféricos;andes;742.01;430.58;campaña activa 4;afiliados;4017.99;704.91;5;2
ORD-2024-00707;2024-04-14;2024-04-17;primera clase;enviado;1767;P0028;3;0.15;1178.43;428.65;computadores pro 8;tecnología;computadores;lumen;462.13;240.82;sin dato;sin dato;1001.67;392.81;4;3
ORD-2024-00708;2023-08-06;2023-08-09;segunda clase;enviado;1768;P0059;5;0.00;690.40;242.80;mesas smart 9;muebles;mesas;andes;138.08;89.52;campaña activa 3;afiliados;690.40;138.08;8;3
ORD-2024-00709;2024-12-20;2024-12-26;estándar;completado;1769;P0095;1;0.00;527.25;242.93;archivadores plus 5;oficina;archivadores;altura;527.25;284.32;campaña activa 4;afiliados;527.25;527.25;12;6
ORD-2024-00710;2023-12-31;2024-01-01;segunda clase;completado;1770;P0114;2;0.00;108.20;49.72;sobres pro 4;oficina;sobres;vector;54.10;29.24;campaña ahorro 7;afiliados;108.20;54.10;12;1
ORD-2024-00710;2023-12-31;2024-01-01;segunda clase;completado;1771;P0029;3;0.00;843.36;244.92;computadores eco 9;tecnología;computadores;patagonia;281.12;199.48;campaña ahorro 7;afiliados;843.36;281.12;12;1
ORD-2024-00711;2023-12-09;2023-12-15;mismo día;completado;1772;P0012;3;0.20;812.35;320.47;teléfonos flex 2;tecnología;teléfonos;vector;338.48;169.06;sin dato;sin dato;649.88;270.78;12;6
ORD-2024-00711;2023-12-09;2023-12-15;mismo día;completado;1773;P0006;4;0.05;3303.26;1220.33;accesorios nova 6;tecnología;accesorios;andes;869.28;522.14;sin dato;sin dato;3138.10;825.82;12;6
ORD-2024-00712;2024-12-11;2024-12-12;segunda clase;completado;1774;P0060;8;0.00;1266.32;517.84;mesas smart 10;muebles;mesas;vector;158.29;93.56;sin dato;sin dato;1266.32;158.29;12;1
ORD-2024-00712;2024-12-11;2024-12-12;segunda clase;completado;1775;P0001;8;0.00;3566.72;1882.72;accesorios flex 1;tecnología;accesorios;alerce;445.84;210.50;sin dato;sin dato;3566.72;445.84;12;1
ORD-2024-00712;2024-12-11;2024-12-12;segunda clase;completado;1776;P0108;3;0.05;1399.21;215.29;etiquetas flex 8;oficina;etiquetas;patagonia;490.95;392.54;sin dato;sin dato;1329.25;466.40;12;1
ORD-2024-00713;2023-07-13;2023-07-16;segunda clase;completado;1777;P0117;2;0.30;1043.64;-135.20;sobres eco 7;oficina;sobres;vector;745.46;569.49;sin dato;sin dato;730.55;521.82;7;3
ORD-2024-00713;2023-07-13;2023-07-16;segunda clase;completado;1778;P0073;2;0.20;279.62;50.54;almacenamiento eco 3;muebles;almacenamiento;orion;174.76;120.04;sin dato;sin dato;223.70;139.81;7;3
ORD-2024-00713;2023-07-13;2023-07-16;segunda clase;completado;1779;P0065;7;0.05;2851.45;1359.65;libreros pro 5;muebles;libreros;nova;428.79;212.81;sin dato;sin dato;2708.88;407.35;7;3
ORD-2024-00714;2024-07-17;2024-07-17;mismo día;enviado;1780;P0022;2;0.20;689.95;257.93;computadores pro 2;tecnología;computadores;altura;431.22;214.08;sin dato;sin dato;551.96;344.98;7;0
ORD-2024-00714;2024-07-17;2024-07-17;mismo día;enviado;1781;P0091;1;0.15;438.00;72.90;archivadores flex 1;oficina;archivadores;alerce;515.29;352.20;sin dato;sin dato;372.30;438.00;7;0
ORD-2024-00714;2024-07-17;2024-07-17;mismo día;enviado;1782;P0069;4;0.00;2671.44;791.24;libreros smart 9;muebles;libreros;patagonia;667.86;470.05;sin dato;sin dato;2671.44;667.86;7;0
ORD-2024-00714;2024-07-17;2024-07-17;mismo día;enviado;1783;P0078;3;0.30;630.46;181.15;almacenamiento eco 8;muebles;almacenamiento;andes;300.22;135.39;sin dato;sin dato;441.32;210.15;7;0
ORD-2024-00715;2023-11-15;2023-11-21;segunda clase;devuelto;1784;P0021;1;0.00;794.40;352.99;computadores plus 1;tecnología;computadores;andes;794.40;441.41;campaña ahorro 2;afiliados;794.40;794.40;11;6
ORD-2024-00715;2023-11-15;2023-11-21;segunda clase;devuelto;1785;P0079;5;0.00;244.35;64.85;almacenamiento nova 9;muebles;almacenamiento;alerce;48.87;35.90;campaña ahorro 2;afiliados;244.35;48.87;11;6
ORD-2024-00715;2023-11-15;2023-11-21;segunda clase;devuelto;1786;P0018;3;0.00;2058.84;645.06;teléfonos flex 8;tecnología;teléfonos;patagonia;686.28;471.26;campaña ahorro 2;afiliados;2058.84;686.28;11;6
ORD-2024-00715;2023-11-15;2023-11-21;segunda clase;devuelto;1787;P0036;8;0.10;6315.84;2905.90;periféricos nova 6;tecnología;periféricos;patagonia;877.20;420.81;campaña ahorro 2;afiliados;5684.26;789.48;11;6
ORD-2024-00716;2025-02-04;2025-02-04;segunda clase;completado;1788;P0087;3;0.00;2221.11;644.40;papelería flex 7;oficina;papelería;andes;740.37;525.57;campaña ahorro 6;afiliados;2221.11;740.37;2;0
ORD-2024-00717;2023-10-11;2023-10-16;segunda clase;completado;1789;P0064;6;0.00;903.06;213.96;libreros eco 4;muebles;libreros;andes;150.51;114.85;sin dato;sin dato;903.06;150.51;10;5
ORD-2024-00717;2023-10-11;2023-10-16;segunda clase;completado;1790;P0032;6;0.05;4124.46;1125.58;periféricos eco 2;tecnología;periféricos;vector;723.59;506.45;sin dato;sin dato;3918.24;687.41;10;5
ORD-2024-00717;2023-10-11;2023-10-16;segunda clase;completado;1791;P0065;2;0.20;686.06;271.73;libreros pro 5;muebles;libreros;nova;428.79;212.81;sin dato;sin dato;548.85;343.03;10;5
ORD-2024-00717;2023-10-11;2023-10-16;segunda clase;completado;1792;P0053;5;0.20;1482.84;334.21;mesas eco 3;muebles;mesas;alerce;370.71;238.71;sin dato;sin dato;1186.27;296.57;10;5
ORD-2024-00718;2025-01-02;2025-01-08;mismo día;cancelado;1793;P0046;7;0.00;594.09;278.39;sillas pro 6;muebles;sillas;nova;84.87;45.10;sin dato;sin dato;594.09;84.87;1;6
ORD-2024-00718;2025-01-02;2025-01-08;mismo día;cancelado;1794;P0017;2;0.00;511.70;184.94;teléfonos plus 7;tecnología;teléfonos;alerce;255.85;163.38;sin dato;sin dato;511.70;255.85;1;6
ORD-2024-00718;2025-01-02;2025-01-08;mismo día;cancelado;1795;P0054;2;0.30;115.53;-2.34;mesas eco 4;muebles;mesas;altura;82.52;60.93;sin dato;sin dato;80.87;57.76;1;6
ORD-2024-00718;2025-01-02;2025-01-08;mismo día;cancelado;1796;P0111;3;0.05;1467.35;580.43;sobres flex 1;oficina;sobres;lumen;514.86;299.56;sin dato;sin dato;1393.98;489.12;1;6
ORD-2024-00719;2023-09-11;2023-09-17;primera clase;completado;1797;P0051;3;0.00;284.64;108.78;mesas smart 1;muebles;mesas;orion;94.88;58.62;sin dato;sin dato;284.64;94.88;9;6
ORD-2024-00719;2023-09-11;2023-09-17;primera clase;completado;1798;P0016;7;0.30;3818.57;1457.82;teléfonos pro 6;tecnología;teléfonos;orion;779.30;382.70;sin dato;sin dato;2673.00;545.51;9;6
ORD-2024-00719;2023-09-11;2023-09-17;primera clase;completado;1799;P0047;7;0.15;4152.09;369.29;sillas plus 7;muebles;sillas;andes;697.83;520.77;sin dato;sin dato;3529.28;593.16;9;6
ORD-2024-00719;2023-09-11;2023-09-17;primera clase;completado;1800;P0108;7;0.30;2405.65;-529.37;etiquetas flex 8;oficina;etiquetas;patagonia;490.95;392.54;sin dato;sin dato;1683.95;343.66;9;6
ORD-2024-00720;2023-08-28;2023-09-02;mismo día;completado;1801;P0008;5;0.10;1784.70;386.64;accesorios plus 8;tecnología;accesorios;andes;396.60;275.19;campaña activa 3;afiliados;1606.23;356.94;8;5
ORD-2024-00720;2023-08-28;2023-09-02;mismo día;completado;1802;P0039;1;0.30;165.98;-36.17;periféricos nova 9;tecnología;periféricos;vector;237.11;188.91;campaña activa 3;afiliados;116.19;165.98;8;5
ORD-2024-00720;2023-08-28;2023-09-02;mismo día;completado;1803;P0026;5;0.05;2267.36;366.24;computadores plus 6;tecnología;computadores;lumen;477.34;378.15;campaña activa 3;afiliados;2153.99;453.47;8;5
ORD-2024-00721;2023-01-09;2023-01-11;mismo día;completado;1804;P0109;3;0.20;1833.10;222.10;etiquetas smart 9;oficina;etiquetas;patagonia;763.79;559.32;sin dato;sin dato;1466.48;611.03;1;2
ORD-2024-00721;2023-01-09;2023-01-11;mismo día;completado;1805;P0012;5;0.00;1692.40;847.10;teléfonos flex 2;tecnología;teléfonos;vector;338.48;169.06;sin dato;sin dato;1692.40;338.48;1;2
ORD-2024-00722;2025-04-28;2025-05-03;segunda clase;completado;1806;P0069;8;0.00;5342.88;1582.48;libreros smart 9;muebles;libreros;patagonia;667.86;470.05;campaña ahorro 6;afiliados;5342.88;667.86;4;5
ORD-2024-00723;2024-10-16;2024-10-17;estándar;cancelado;1807;P0034;4;0.05;1594.78;489.70;periféricos flex 4;tecnología;periféricos;orion;419.68;275.77;sin dato;sin dato;1515.04;398.70;10;1
ORD-2024-00723;2024-10-16;2024-10-17;estándar;cancelado;1808;P0114;3;0.10;146.07;55.45;sobres pro 4;oficina;sobres;vector;54.10;29.24;sin dato;sin dato;131.46;48.69;10;1
ORD-2024-00723;2024-10-16;2024-10-17;estándar;cancelado;1809;P0047;1;0.15;593.16;71.06;sillas plus 7;muebles;sillas;andes;697.83;520.77;sin dato;sin dato;504.19;593.16;10;1
ORD-2024-00723;2024-10-16;2024-10-17;estándar;cancelado;1810;P0032;5;0.05;3437.05;872.29;periféricos eco 2;tecnología;periféricos;vector;723.59;506.45;sin dato;sin dato;3265.20;687.41;10;1
ORD-2024-00724;2023-03-21;2023-03-21;mismo día;completado;1811;P0048;5;0.15;2658.08;166.01;sillas plus 8;muebles;sillas;orion;625.43;484.77;sin dato;sin dato;2259.37;531.62;3;0
ORD-2024-00725;2024-11-22;2024-11-24;mismo día;enviado;1812;P0093;6;0.05;3561.76;1823.40;archivadores flex 3;oficina;archivadores;vector;624.87;291.47;sin dato;sin dato;3383.67;593.63;11;2
ORD-2024-00725;2024-11-22;2024-11-24;mismo día;enviado;1813;P0056;6;0.30;2531.13;-331.93;mesas flex 6;muebles;mesas;orion;602.65;441.66;sin dato;sin dato;1771.79;421.86;11;2
ORD-2024-00725;2024-11-22;2024-11-24;mismo día;enviado;1814;P0051;7;0.20;531.33;96.43;mesas smart 1;muebles;mesas;orion;94.88;58.62;sin dato;sin dato;425.06;75.90;11;2
ORD-2024-00726;2023-08-02;2023-08-04;primera clase;completado;1815;P0074;6;0.10;2227.55;662.26;almacenamiento smart 4;muebles;almacenamiento;lumen;412.51;260.75;campaña activa 3;afiliados;2004.80;371.26;8;2
ORD-2024-00727;2025-02-17;2025-02-20;primera clase;completado;1816;P0051;5;0.30;332.08;57.10;mesas smart 1;muebles;mesas;orion;94.88;58.62;sin dato;sin dato;232.46;66.42;2;3
ORD-2024-00727;2025-02-17;2025-02-20;primera clase;completado;1817;P0002;8;0.10;72.43;26.24;accesorios smart 2;tecnología;accesorios;vector;10.06;5.92;sin dato;sin dato;65.19;9.05;2;3
ORD-2024-00727;2025-02-17;2025-02-20;primera clase;completado;1818;P0100;2;0.10;94.72;19.44;archivadores smart 10;oficina;archivadores;andes;52.62;38.31;sin dato;sin dato;85.25;47.36;2;3
ORD-2024-00727;2025-02-17;2025-02-20;primera clase;completado;1819;P0120;5;0.00;3531.35;1345.95;sobres plus 10;oficina;sobres;altura;706.27;437.08;sin dato;sin dato;3531.35;706.27;2;3
ORD-2024-00728;2024-08-20;2024-08-21;estándar;cancelado;1820;P0114;5;0.05;256.97;109.59;sobres pro 4;oficina;sobres;vector;54.10;29.24;sin dato;sin dato;244.12;51.39;8;1
ORD-2024-00728;2024-08-20;2024-08-21;estándar;cancelado;1821;P0058;7;0.05;1563.22;292.98;mesas nova 8;muebles;mesas;andes;235.07;180.72;sin dato;sin dato;1485.06;223.32;8;1
ORD-2024-00728;2024-08-20;2024-08-21;estándar;cancelado;1822;P0029;2;0.00;562.24;163.28;computadores eco 9;tecnología;computadores;patagonia;281.12;199.48;sin dato;sin dato;562.24;281.12;8;1
ORD-2024-00729;2024-06-27;2024-07-03;estándar;completado;1823;P0094;8;0.00;1440.32;426.72;archivadores pro 4;oficina;archivadores;alerce;180.04;126.70;campaña activa 3;afiliados;1440.32;180.04;6;6
ORD-2024-00729;2024-06-27;2024-07-03;estándar;completado;1824;P0041;3;0.05;440.38;139.94;sillas eco 1;muebles;sillas;vector;154.52;100.57;campaña activa 3;afiliados;418.36;146.79;6;6
ORD-2024-00729;2024-06-27;2024-07-03;estándar;completado;1825;P0095;3;0.20;1265.40;363.19;archivadores plus 5;oficina;archivadores;altura;527.25;284.32;campaña activa 3;afiliados;1012.32;421.80;6;6
ORD-2024-00730;2023-10-01;2023-10-07;mismo día;enviado;1826;P0064;4;0.00;602.04;142.64;libreros eco 4;muebles;libreros;andes;150.51;114.85;sin dato;sin dato;602.04;150.51;10;6
ORD-2024-00731;2024-02-25;2024-03-02;mismo día;completado;1827;P0017;7;0.20;1432.76;263.03;teléfonos plus 7;tecnología;teléfonos;alerce;255.85;163.38;campaña activa 3;afiliados;1146.21;204.68;2;6
ORD-2024-00731;2024-02-25;2024-03-02;mismo día;completado;1828;P0025;4;0.30;2138.39;241.79;computadores plus 5;tecnología;computadores;orion;763.71;519.66;campaña activa 3;afiliados;1496.87;534.60;2;6
ORD-2024-00731;2024-02-25;2024-03-02;mismo día;completado;1829;P0117;1;0.00;745.46;175.97;sobres eco 7;oficina;sobres;vector;745.46;569.49;campaña activa 3;afiliados;745.46;745.46;2;6
ORD-2024-00731;2024-02-25;2024-03-02;mismo día;completado;1830;P0105;3;0.30;544.91;135.18;etiquetas pro 5;oficina;etiquetas;lumen;259.48;123.11;campaña activa 3;afiliados;381.44;181.64;2;6
ORD-2024-00732;2024-01-12;2024-01-14;estándar;completado;1831;P0118;3;0.30;487.31;-42.32;sobres nova 8;oficina;sobres;alerce;232.05;166.62;sin dato;sin dato;341.12;162.44;1;2
ORD-2024-00733;2023-03-09;2023-03-11;segunda clase;completado;1832;P0004;5;0.05;133.57;33.20;accesorios eco 4;tecnología;accesorios;orion;28.12;19.81;campaña outlet 8;búsqueda;126.89;26.71;3;2
ORD-2024-00733;2023-03-09;2023-03-11;segunda clase;completado;1833;P0099;4;0.20;33.82;13.73;archivadores eco 9;oficina;archivadores;orion;10.57;5.00;campaña outlet 8;búsqueda;27.06;8.46;3;2
ORD-2024-00733;2023-03-09;2023-03-11;segunda clase;completado;1834;P0064;3;0.00;451.53;106.98;libreros eco 4;muebles;libreros;andes;150.51;114.85;campaña outlet 8;búsqueda;451.53;150.51;3;2
ORD-2024-00733;2023-03-09;2023-03-11;segunda clase;completado;1835;P0049;6;0.15;1474.51;181.04;sillas smart 9;muebles;sillas;orion;289.12;211.95;campaña outlet 8;búsqueda;1253.33;245.75;3;2
ORD-2024-00734;2025-01-08;2025-01-08;mismo día;completado;1836;P0045;3;0.15;1363.99;144.17;sillas eco 5;muebles;sillas;lumen;534.90;391.64;sin dato;sin dato;1159.39;454.66;1;0
ORD-2024-00734;2025-01-08;2025-01-08;mismo día;completado;1837;P0106;4;0.05;853.37;385.80;etiquetas eco 6;oficina;etiquetas;vector;224.57;118.47;sin dato;sin dato;810.70;213.34;1;0
ORD-2024-00735;2023-08-21;2023-08-26;segunda clase;enviado;1838;P0047;8;0.05;5303.51;1105.88;sillas plus 7;muebles;sillas;andes;697.83;520.77;sin dato;sin dato;5038.33;662.94;8;5
ORD-2024-00735;2023-08-21;2023-08-26;segunda clase;enviado;1839;P0017;4;0.20;818.72;171.19;teléfonos plus 7;tecnología;teléfonos;alerce;255.85;163.38;sin dato;sin dato;654.98;204.68;8;5
ORD-2024-00735;2023-08-21;2023-08-26;segunda clase;enviado;1840;P0005;8;0.20;5706.69;1533.25;accesorios flex 5;tecnología;accesorios;vector;891.67;550.81;sin dato;sin dato;4565.35;713.34;8;5
ORD-2024-00736;2024-04-15;2024-04-15;mismo día;completado;1841;P0098;3;0.05;666.64;174.72;archivadores nova 8;oficina;archivadores;lumen;233.91;164.53;sin dato;sin dato;633.31;222.21;4;0
ORD-2024-00737;2024-05-18;2024-05-18;segunda clase;completado;1842;P0091;2;0.30;721.41;-3.55;archivadores flex 1;oficina;archivadores;alerce;515.29;352.20;campaña ahorro 2;afiliados;504.99;360.70;5;0
ORD-2024-00737;2024-05-18;2024-05-18;segunda clase;completado;1843;P0119;5;0.10;2791.08;1017.98;sobres plus 9;oficina;sobres;andes;620.24;347.69;campaña ahorro 2;afiliados;2511.97;558.22;5;0
ORD-2024-00738;2023-11-29;2023-12-02;segunda clase;completado;1844;P0019;3;0.00;1576.29;387.57;teléfonos eco 9;tecnología;teléfonos;andes;525.43;396.24;sin dato;sin dato;1576.29;525.43;11;3
ORD-2024-00738;2023-11-29;2023-12-02;segunda clase;completado;1845;P0033;3;0.15;2252.54;165.53;periféricos nova 3;tecnología;periféricos;altura;883.35;692.48;sin dato;sin dato;1914.66;750.85;11;3
ORD-2024-00739;2023-07-02;2023-07-07;mismo día;completado;1846;P0028;6;0.00;2772.78;1327.86;computadores pro 8;tecnología;computadores;lumen;462.13;240.82;sin dato;sin dato;2772.78;462.13;7;5
ORD-2024-00739;2023-07-02;2023-07-07;mismo día;completado;1847;P0107;8;0.05;588.62;254.31;etiquetas pro 7;oficina;etiquetas;orion;77.45;42.46;sin dato;sin dato;559.19;73.58;7;5
ORD-2024-00739;2023-07-02;2023-07-07;mismo día;completado;1848;P0069;1;0.10;601.07;133.78;libreros smart 9;muebles;libreros;patagonia;667.86;470.05;sin dato;sin dato;540.96;601.07;7;5
ORD-2024-00740;2023-04-18;2023-04-24;segunda clase;completado;1849;P0099;2;0.15;17.97;8.41;archivadores eco 9;oficina;archivadores;orion;10.57;5.00;campaña outlet 8;búsqueda;15.27;8.98;4;6
ORD-2024-00740;2023-04-18;2023-04-24;segunda clase;completado;1850;P0029;7;0.00;1967.84;571.48;computadores eco 9;tecnología;computadores;patagonia;281.12;199.48;campaña outlet 8;búsqueda;1967.84;281.12;4;6
ORD-2024-00740;2023-04-18;2023-04-24;segunda clase;completado;1851;P0066;5;0.20;1439.40;604.27;libreros smart 6;muebles;libreros;lumen;359.85;174.82;campaña outlet 8;búsqueda;1151.52;287.88;4;6
ORD-2024-00741;2024-01-31;2024-01-31;estándar;enviado;1852;P0033;2;0.00;1766.70;381.74;periféricos nova 3;tecnología;periféricos;altura;883.35;692.48;campaña cliente vip 5;display;1766.70;883.35;1;0
ORD-2024-00741;2024-01-31;2024-01-31;estándar;enviado;1853;P0048;2;0.20;1000.69;-16.62;sillas plus 8;muebles;sillas;orion;625.43;484.77;campaña cliente vip 5;display;800.55;500.34;1;0
ORD-2024-00741;2024-01-31;2024-01-31;estándar;enviado;1854;P0010;2;0.15;1152.74;172.43;accesorios nova 10;tecnología;accesorios;andes;678.08;497.07;campaña cliente vip 5;display;979.83;576.37;1;0
ORD-2024-00742;2024-08-06;2024-08-11;segunda clase;completado;1855;P0058;8;0.15;1598.48;118.32;mesas nova 8;muebles;mesas;andes;235.07;180.72;campaña ahorro 7;afiliados;1358.71;199.81;8;5
ORD-2024-00742;2024-08-06;2024-08-11;segunda clase;completado;1856;P0062;1;0.00;465.68;230.21;libreros plus 2;muebles;libreros;vector;465.68;235.47;campaña ahorro 7;afiliados;465.68;465.68;8;5
ORD-2024-00742;2024-08-06;2024-08-11;segunda clase;completado;1857;P0056;3;0.00;1807.95;482.97;mesas flex 6;muebles;mesas;orion;602.65;441.66;campaña ahorro 7;afiliados;1807.95;602.65;8;5
ORD-2024-00743;2023-05-20;2023-05-25;estándar;completado;1858;P0097;7;0.20;1495.42;38.06;archivadores smart 7;oficina;archivadores;altura;267.04;208.99;sin dato;sin dato;1196.34;213.63;5;5
ORD-2024-00743;2023-05-20;2023-05-25;estándar;completado;1859;P0052;1;0.30;345.90;-14.93;mesas nova 2;muebles;mesas;lumen;494.15;377.70;sin dato;sin dato;242.13;345.90;5;5
ORD-2024-00744;2024-05-17;2024-05-20;mismo día;completado;1860;P0059;6;0.30;579.94;28.03;mesas smart 9;muebles;mesas;andes;138.08;89.52;campaña activa 3;afiliados;405.96;96.66;5;3
ORD-2024-00745;2023-08-31;2023-09-06;primera clase;completado;1861;P0078;2;0.20;480.35;217.79;almacenamiento eco 8;muebles;almacenamiento;andes;300.22;135.39;sin dato;sin dato;384.28;240.18;8;6
ORD-2024-00746;2024-06-08;2024-06-13;primera clase;completado;1862;P0016;3;0.00;2337.90;1189.80;teléfonos pro 6;tecnología;teléfonos;orion;779.30;382.70;sin dato;sin dato;2337.90;779.30;6;5
ORD-2024-00746;2024-06-08;2024-06-13;primera clase;completado;1863;P0046;1;0.15;72.14;27.11;sillas pro 6;muebles;sillas;nova;84.87;45.10;sin dato;sin dato;61.32;72.14;6;5
ORD-2024-00747;2023-10-17;2023-10-21;primera clase;enviado;1864;P0092;1;0.00;616.32;307.39;archivadores nova 2;oficina;archivadores;alerce;616.32;308.93;sin dato;sin dato;616.32;616.32;10;4
ORD-2024-00748;2023-11-10;2023-11-12;mismo día;enviado;1865;P0074;8;0.30;2310.06;56.40;almacenamiento smart 4;muebles;almacenamiento;lumen;412.51;260.75;sin dato;sin dato;1617.04;288.76;11;2
ORD-2024-00748;2023-11-10;2023-11-12;mismo día;enviado;1866;P0054;4;0.20;264.06;10.03;mesas eco 4;muebles;mesas;altura;82.52;60.93;sin dato;sin dato;211.25;66.02;11;2
ORD-2024-00748;2023-11-10;2023-11-12;mismo día;enviado;1867;P0089;1;0.10;316.01;79.17;papelería plus 9;oficina;papelería;vector;351.12;231.81;sin dato;sin dato;284.41;316.01;11;2
ORD-2024-00749;2024-02-21;2024-02-22;estándar;completado;1868;P0035;7;0.00;5352.97;1581.65;periféricos nova 5;tecnología;periféricos;orion;764.71;538.76;campaña activa 4;afiliados;5352.97;764.71;2;1
ORD-2024-00749;2024-02-21;2024-02-22;estándar;completado;1869;P0011;2;0.15;937.94;238.69;teléfonos plus 1;tecnología;teléfonos;lumen;551.73;361.63;campaña activa 4;afiliados;797.25;468.97;2;1
ORD-2024-00749;2024-02-21;2024-02-22;estándar;completado;1870;P0029;6;0.05;1602.38;420.70;computadores eco 9;tecnología;computadores;patagonia;281.12;199.48;campaña activa 4;afiliados;1522.26;267.06;2;1
ORD-2024-00749;2024-02-21;2024-02-22;estándar;completado;1871;P0076;8;0.00;917.92;423.68;almacenamiento eco 6;muebles;almacenamiento;patagonia;114.74;61.78;campaña activa 4;afiliados;917.92;114.74;2;1
ORD-2024-00750;2023-06-15;2023-06-19;mismo día;completado;1872;P0011;6;0.10;2979.34;754.46;teléfonos plus 1;tecnología;teléfonos;lumen;551.73;361.63;campaña ahorro 7;afiliados;2681.41;496.56;6;4
ORD-2024-00750;2023-06-15;2023-06-19;mismo día;completado;1873;P0079;7;0.15;290.78;30.80;almacenamiento nova 9;muebles;almacenamiento;alerce;48.87;35.90;campaña ahorro 7;afiliados;247.16;41.54;6;4
ORD-2024-00751;2023-09-11;2023-09-13;primera clase;enviado;1874;P0040;5;0.00;3710.05;1557.15;periféricos eco 10;tecnología;periféricos;andes;742.01;430.58;sin dato;sin dato;3710.05;742.01;9;2
ORD-2024-00751;2023-09-11;2023-09-13;primera clase;enviado;1875;P0079;2;0.20;78.19;5.85;almacenamiento nova 9;muebles;almacenamiento;alerce;48.87;35.90;sin dato;sin dato;62.55;39.10;9;2
ORD-2024-00752;2024-12-23;2024-12-29;primera clase;completado;1876;P0003;3;0.00;2604.78;549.48;accesorios plus 3;tecnología;accesorios;altura;868.26;685.10;campaña outlet 8;búsqueda;2604.78;868.26;12;6
ORD-2024-00752;2024-12-23;2024-12-29;primera clase;completado;1877;P0065;7;0.00;3001.53;1511.86;libreros pro 5;muebles;libreros;nova;428.79;212.81;campaña outlet 8;búsqueda;3001.53;428.79;12;6
ORD-2024-00752;2024-12-23;2024-12-29;primera clase;completado;1878;P0093;4;0.10;2249.53;1123.67;archivadores flex 3;oficina;archivadores;vector;624.87;291.47;campaña outlet 8;búsqueda;2024.58;562.38;12;6
ORD-2024-00753;2023-01-09;2023-01-15;segunda clase;completado;1879;P0098;1;0.30;163.74;4.07;archivadores nova 8;oficina;archivadores;lumen;233.91;164.53;sin dato;sin dato;114.62;163.74;1;6
ORD-2024-00753;2023-01-09;2023-01-15;segunda clase;completado;1880;P0025;5;0.20;3054.84;496.09;computadores plus 5;tecnología;computadores;orion;763.71;519.66;sin dato;sin dato;2443.87;610.97;1;6
ORD-2024-00753;2023-01-09;2023-01-15;segunda clase;completado;1881;P0103;3;0.00;1615.80;584.91;etiquetas nova 3;oficina;etiquetas;alerce;538.60;343.63;sin dato;sin dato;1615.80;538.60;1;6
ORD-2024-00753;2023-01-09;2023-01-15;segunda clase;completado;1882;P0006;5;0.10;3911.76;1289.47;accesorios nova 6;tecnología;accesorios;andes;869.28;522.14;sin dato;sin dato;3520.58;782.35;1;6
ORD-2024-00754;2023-03-07;2023-03-08;estándar;completado;1883;P0019;6;0.00;3152.58;775.14;teléfonos eco 9;tecnología;teléfonos;andes;525.43;396.24;sin dato;sin dato;3152.58;525.43;3;1
ORD-2024-00755;2025-01-21;2025-01-27;primera clase;enviado;1884;P0025;6;0.15;3894.92;741.77;computadores plus 5;tecnología;computadores;orion;763.71;519.66;sin dato;sin dato;3310.68;649.15;1;6
ORD-2024-00755;2025-01-21;2025-01-27;primera clase;enviado;1885;P0001;7;0.00;3120.88;1647.38;accesorios flex 1;tecnología;accesorios;alerce;445.84;210.50;sin dato;sin dato;3120.88;445.84;1;6
ORD-2024-00755;2025-01-21;2025-01-27;primera clase;enviado;1886;P0009;5;0.15;3666.81;1361.86;accesorios flex 9;tecnología;accesorios;patagonia;862.78;458.27;sin dato;sin dato;3116.79;733.36;1;6
ORD-2024-00755;2025-01-21;2025-01-27;primera clase;enviado;1887;P0034;6;0.20;2014.46;382.43;periféricos flex 4;tecnología;periféricos;orion;419.68;275.77;sin dato;sin dato;1611.57;335.74;1;6
ORD-2024-00756;2023-08-17;2023-08-21;segunda clase;completado;1888;P0025;7;0.00;5345.97;1708.35;computadores plus 5;tecnología;computadores;orion;763.71;519.66;sin dato;sin dato;5345.97;763.71;8;4
ORD-2024-00756;2023-08-17;2023-08-21;segunda clase;completado;1889;P0005;4;0.05;3388.35;1198.66;accesorios flex 5;tecnología;accesorios;vector;891.67;550.81;sin dato;sin dato;3218.93;847.09;8;4
ORD-2024-00757;2023-09-29;2023-10-02;segunda clase;completado;1890;P0092;7;0.20;3451.39;1191.75;archivadores nova 2;oficina;archivadores;alerce;616.32;308.93;campaña ahorro 2;afiliados;2761.11;493.06;9;3
ORD-2024-00757;2023-09-29;2023-10-02;segunda clase;completado;1891;P0005;6;0.00;5350.02;2045.16;accesorios flex 5;tecnología;accesorios;vector;891.67;550.81;campaña ahorro 2;afiliados;5350.02;891.67;9;3
ORD-2024-00757;2023-09-29;2023-10-02;segunda clase;completado;1892;P0049;1;0.00;289.12;77.17;sillas smart 9;muebles;sillas;orion;289.12;211.95;campaña ahorro 2;afiliados;289.12;289.12;9;3
ORD-2024-00757;2023-09-29;2023-10-02;segunda clase;completado;1893;P0083;8;0.30;296.18;-9.26;papelería pro 3;oficina;papelería;altura;52.89;35.71;campaña ahorro 2;afiliados;207.33;37.02;9;3
ORD-2024-00758;2023-09-27;2023-09-28;primera clase;completado;1894;P0030;6;0.00;4171.20;2251.32;computadores flex 10;tecnología;computadores;alerce;695.20;319.98;sin dato;sin dato;4171.20;695.20;9;1
ORD-2024-00758;2023-09-27;2023-09-28;primera clase;completado;1895;P0055;7;0.15;3445.70;1149.20;mesas plus 5;muebles;mesas;vector;579.11;339.15;sin dato;sin dato;2928.84;492.24;9;1
ORD-2024-00759;2023-07-23;2023-07-24;segunda clase;completado;1896;P0003;3;0.15;2214.06;174.19;accesorios plus 3;tecnología;accesorios;altura;868.26;685.10;campaña activa 3;afiliados;1881.95;738.02;7;1
ORD-2024-00759;2023-07-23;2023-07-24;segunda clase;completado;1897;P0028;4;0.00;1848.52;885.24;computadores pro 8;tecnología;computadores;lumen;462.13;240.82;campaña activa 3;afiliados;1848.52;462.13;7;1
ORD-2024-00760;2023-09-17;2023-09-20;estándar;completado;1898;P0101;8;0.15;3935.23;729.64;etiquetas eco 1;oficina;etiquetas;nova;578.71;385.67;sin dato;sin dato;3344.95;491.90;9;3
ORD-2024-00760;2023-09-17;2023-09-20;estándar;completado;1899;P0057;7;0.00;3610.67;1332.73;mesas smart 7;muebles;mesas;patagonia;515.81;325.42;sin dato;sin dato;3610.67;515.81;9;3
ORD-2024-00760;2023-09-17;2023-09-20;estándar;completado;1900;P0097;6;0.05;1522.13;255.41;archivadores smart 7;oficina;archivadores;altura;267.04;208.99;sin dato;sin dato;1446.02;253.69;9;3
ORD-2024-00760;2023-09-17;2023-09-20;estándar;completado;1901;P0023;5;0.15;3371.82;1465.25;computadores pro 3;tecnología;computadores;patagonia;793.37;395.09;sin dato;sin dato;2866.05;674.36;9;3
ORD-2024-00761;2023-08-25;2023-08-30;mismo día;enviado;1902;P0004;4;0.10;101.23;21.02;accesorios eco 4;tecnología;accesorios;orion;28.12;19.81;sin dato;sin dato;91.11;25.31;8;5
ORD-2024-00761;2023-08-25;2023-08-30;mismo día;enviado;1903;P0006;3;0.10;2347.06;784.97;accesorios nova 6;tecnología;accesorios;andes;869.28;522.14;sin dato;sin dato;2112.35;782.35;8;5
ORD-2024-00762;2024-04-10;2024-04-15;segunda clase;completado;1904;P0113;6;0.00;3654.06;1397.10;sobres smart 3;oficina;sobres;patagonia;609.01;376.16;campaña activa 3;afiliados;3654.06;609.01;4;5
ORD-2024-00763;2024-11-07;2024-11-11;estándar;enviado;1905;P0083;8;0.15;359.65;65.73;papelería pro 3;oficina;papelería;altura;52.89;35.71;sin dato;sin dato;305.70;44.96;11;4
ORD-2024-00763;2024-11-07;2024-11-11;estándar;enviado;1906;P0014;3;0.10;210.79;107.09;teléfonos pro 4;tecnología;teléfonos;alerce;78.07;35.97;sin dato;sin dato;189.71;70.26;11;4
ORD-2024-00763;2024-11-07;2024-11-11;estándar;enviado;1907;P0082;4;0.30;1654.41;678.75;papelería eco 2;oficina;papelería;orion;590.86;268.44;sin dato;sin dato;1158.09;413.60;11;4
ORD-2024-00763;2024-11-07;2024-11-11;estándar;enviado;1908;P0081;3;0.15;2092.17;567.89;papelería smart 1;oficina;papelería;altura;820.46;507.81;sin dato;sin dato;1778.34;697.39;11;4
ORD-2024-00764;2023-06-09;2023-06-11;primera clase;enviado;1909;P0098;5;0.10;1052.60;210.54;archivadores nova 8;oficina;archivadores;lumen;233.91;164.53;sin dato;sin dato;947.34;210.52;6;2
ORD-2024-00764;2023-06-09;2023-06-11;primera clase;enviado;1910;P0032;8;0.05;5499.28;1432.96;periféricos eco 2;tecnología;periféricos;vector;723.59;506.45;sin dato;sin dato;5224.32;687.41;6;2
ORD-2024-00764;2023-06-09;2023-06-11;primera clase;enviado;1911;P0074;2;0.00;825.02;303.52;almacenamiento smart 4;muebles;almacenamiento;lumen;412.51;260.75;sin dato;sin dato;825.02;412.51;6;2
ORD-2024-00764;2023-06-09;2023-06-11;primera clase;enviado;1912;P0012;1;0.00;338.48;169.42;teléfonos flex 2;tecnología;teléfonos;vector;338.48;169.06;sin dato;sin dato;338.48;338.48;6;2
ORD-2024-00765;2024-12-14;2024-12-16;estándar;completado;1913;P0059;1;0.30;96.66;10.59;mesas smart 9;muebles;mesas;andes;138.08;89.52;sin dato;sin dato;67.66;96.66;12;2
ORD-2024-00766;2024-09-04;2024-09-05;segunda clase;completado;1914;P0095;2;0.30;738.15;219.87;archivadores plus 5;oficina;archivadores;altura;527.25;284.32;campaña cliente vip 5;display;516.70;369.08;9;1
ORD-2024-00766;2024-09-04;2024-09-05;segunda clase;completado;1915;P0019;8;0.20;3362.75;109.29;teléfonos eco 9;tecnología;teléfonos;andes;525.43;396.24;campaña cliente vip 5;display;2690.20;420.34;9;1
ORD-2024-00766;2024-09-04;2024-09-05;segunda clase;completado;1916;P0029;8;0.00;2248.96;653.12;computadores eco 9;tecnología;computadores;patagonia;281.12;199.48;campaña cliente vip 5;display;2248.96;281.12;9;1
ORD-2024-00767;2023-06-03;2023-06-04;primera clase;completado;1917;P0076;7;0.05;763.02;323.99;almacenamiento eco 6;muebles;almacenamiento;patagonia;114.74;61.78;campaña activa 3;afiliados;724.87;109.00;6;1
ORD-2024-00767;2023-06-03;2023-06-04;primera clase;completado;1918;P0089;4;0.05;1334.26;393.64;papelería plus 9;oficina;papelería;vector;351.12;231.81;campaña activa 3;afiliados;1267.55;333.56;6;1
ORD-2024-00767;2023-06-03;2023-06-04;primera clase;completado;1919;P0039;8;0.00;1896.88;385.60;periféricos nova 9;tecnología;periféricos;vector;237.11;188.91;campaña activa 3;afiliados;1896.88;237.11;6;1
ORD-2024-00768;2024-09-05;2024-09-09;mismo día;completado;1920;P0002;6;0.20;48.29;11.48;accesorios smart 2;tecnología;accesorios;vector;10.06;5.92;sin dato;sin dato;38.63;8.05;9;4
ORD-2024-00768;2024-09-05;2024-09-09;mismo día;completado;1921;P0010;6;0.05;3865.06;859.20;accesorios nova 10;tecnología;accesorios;andes;678.08;497.07;sin dato;sin dato;3671.81;644.18;9;4
ORD-2024-00769;2023-09-21;2023-09-25;mismo día;completado;1922;P0021;6;0.20;3813.12;1266.40;computadores plus 1;tecnología;computadores;andes;794.40;441.41;sin dato;sin dato;3050.50;635.52;9;4
ORD-2024-00769;2023-09-21;2023-09-25;mismo día;completado;1923;P0058;8;0.30;1316.39;-88.50;mesas nova 8;muebles;mesas;andes;235.07;180.72;sin dato;sin dato;921.47;164.55;9;4
ORD-2024-00770;2024-01-03;2024-01-07;mismo día;completado;1924;P0019;3;0.00;1576.29;387.57;teléfonos eco 9;tecnología;teléfonos;andes;525.43;396.24;campaña ahorro 7;afiliados;1576.29;525.43;1;4
ORD-2024-00771;2024-08-29;2024-08-31;mismo día;cancelado;1925;P0020;6;0.15;2521.39;1005.15;teléfonos flex 10;tecnología;teléfonos;lumen;494.39;245.07;sin dato;sin dato;2143.18;420.23;8;2
ORD-2024-00772;2024-03-22;2024-03-23;segunda clase;completado;1926;P0023;5;0.00;3966.85;1991.40;computadores pro 3;tecnología;computadores;patagonia;793.37;395.09;sin dato;sin dato;3966.85;793.37;3;1
ORD-2024-00772;2024-03-22;2024-03-23;segunda clase;completado;1927;P0010;6;0.10;3661.63;659.11;accesorios nova 10;tecnología;accesorios;andes;678.08;497.07;sin dato;sin dato;3295.47;610.27;3;1
ORD-2024-00772;2024-03-22;2024-03-23;segunda clase;completado;1928;P0083;6;0.00;317.34;103.08;papelería pro 3;oficina;papelería;altura;52.89;35.71;sin dato;sin dato;317.34;52.89;3;1
ORD-2024-00772;2024-03-22;2024-03-23;segunda clase;completado;1929;P0029;1;0.00;281.12;81.64;computadores eco 9;tecnología;computadores;patagonia;281.12;199.48;sin dato;sin dato;281.12;281.12;3;1
ORD-2024-00773;2023-03-07;2023-03-13;segunda clase;completado;1930;P0101;2;0.15;983.81;195.16;etiquetas eco 1;oficina;etiquetas;nova;578.71;385.67;sin dato;sin dato;836.24;491.90;3;6
ORD-2024-00773;2023-03-07;2023-03-13;segunda clase;completado;1931;P0092;6;0.00;3697.92;1844.34;archivadores nova 2;oficina;archivadores;alerce;616.32;308.93;sin dato;sin dato;3697.92;616.32;3;6
ORD-2024-00774;2024-05-26;2024-05-29;estándar;completado;1932;P0034;1;0.20;335.74;66.38;periféricos flex 4;tecnología;periféricos;orion;419.68;275.77;campaña cliente vip 1;email;268.59;335.74;5;3
ORD-2024-00774;2024-05-26;2024-05-29;estándar;completado;1933;P0097;3;0.00;801.12;174.15;archivadores smart 7;oficina;archivadores;altura;267.04;208.99;campaña cliente vip 1;email;801.12;267.04;5;3
ORD-2024-00774;2024-05-26;2024-05-29;estándar;completado;1934;P0023;8;0.30;4442.87;1176.83;computadores pro 3;tecnología;computadores;patagonia;793.37;395.09;campaña cliente vip 1;email;3110.01;555.36;5;3
ORD-2024-00775;2023-11-18;2023-11-22;primera clase;completado;1935;P0096;5;0.00;3532.45;1549.85;archivadores pro 6;oficina;archivadores;patagonia;706.49;396.52;campaña ahorro 7;afiliados;3532.45;706.49;11;4
ORD-2024-00775;2023-11-18;2023-11-22;primera clase;completado;1936;P0028;5;0.00;2310.65;1106.55;computadores pro 8;tecnología;computadores;lumen;462.13;240.82;campaña ahorro 7;afiliados;2310.65;462.13;11;4
ORD-2024-00775;2023-11-18;2023-11-22;primera clase;completado;1937;P0092;7;0.00;4314.24;2151.73;archivadores nova 2;oficina;archivadores;alerce;616.32;308.93;campaña ahorro 7;afiliados;4314.24;616.32;11;4
ORD-2024-00775;2023-11-18;2023-11-22;primera clase;completado;1938;P0024;1;0.10;726.62;317.60;computadores nova 4;tecnología;computadores;vector;807.35;402.87;campaña ahorro 7;afiliados;653.96;726.62;11;4
ORD-2024-00776;2023-06-17;2023-06-21;estándar;enviado;1939;P0066;2;0.00;719.70;370.06;libreros smart 6;muebles;libreros;lumen;359.85;174.82;campaña activa 4;afiliados;719.70;359.85;6;4
ORD-2024-00776;2023-06-17;2023-06-21;estándar;enviado;1940;P0020;7;0.10;3114.66;1388.73;teléfonos flex 10;tecnología;teléfonos;lumen;494.39;245.07;campaña activa 4;afiliados;2803.19;444.95;6;4
ORD-2024-00776;2023-06-17;2023-06-21;estándar;enviado;1941;P0084;3;0.05;2097.94;1060.45;papelería flex 4;oficina;papelería;altura;736.12;351.56;campaña activa 4;afiliados;1993.04;699.31;6;4
ORD-2024-00776;2023-06-17;2023-06-21;estándar;enviado;1942;P0008;4;0.20;1269.12;178.23;accesorios plus 8;tecnología;accesorios;andes;396.60;275.19;campaña activa 4;afiliados;1015.30;317.28;6;4
ORD-2024-00777;2024-12-24;2024-12-24;segunda clase;cancelado;1943;P0025;7;0.05;5078.67;1401.17;computadores plus 5;tecnología;computadores;orion;763.71;519.66;sin dato;sin dato;4824.74;725.52;12;0
ORD-2024-00777;2024-12-24;2024-12-24;segunda clase;cancelado;1944;P0042;1;0.15;473.29;86.23;sillas flex 2;muebles;sillas;vector;556.81;376.71;sin dato;sin dato;402.30;473.29;12;0
ORD-2024-00777;2024-12-24;2024-12-24;segunda clase;cancelado;1945;P0032;4;0.00;2894.36;868.56;periféricos eco 2;tecnología;periféricos;vector;723.59;506.45;sin dato;sin dato;2894.36;723.59;12;0
ORD-2024-00778;2025-04-09;2025-04-13;mismo día;completado;1946;P0021;8;0.20;5084.16;1332.45;computadores plus 1;tecnología;computadores;andes;794.40;441.41;campaña cliente vip 1;email;4067.33;635.52;4;4
ORD-2024-00778;2025-04-09;2025-04-13;mismo día;completado;1947;P0023;4;0.20;2538.78;914.46;computadores pro 3;tecnología;computadores;patagonia;793.37;395.09;campaña cliente vip 1;email;2031.02;634.70;4;4
ORD-2024-00778;2025-04-09;2025-04-13;mismo día;completado;1948;P0028;8;0.20;2957.63;912.73;computadores pro 8;tecnología;computadores;lumen;462.13;240.82;campaña cliente vip 1;email;2366.10;369.70;4;4
ORD-2024-00778;2025-04-09;2025-04-13;mismo día;completado;1949;P0065;6;0.00;2572.74;1295.88;libreros pro 5;muebles;libreros;nova;428.79;212.81;campaña cliente vip 1;email;2572.74;428.79;4;4
ORD-2024-00779;2024-02-12;2024-02-15;estándar;completado;1950;P0025;3;0.00;2291.13;732.15;computadores plus 5;tecnología;computadores;orion;763.71;519.66;campaña ahorro 7;afiliados;2291.13;763.71;2;3
ORD-2024-00780;2023-04-12;2023-04-17;segunda clase;completado;1951;P0060;2;0.30;221.61;41.12;mesas smart 10;muebles;mesas;vector;158.29;93.56;sin dato;sin dato;155.13;110.80;4;5
ORD-2024-00780;2023-04-12;2023-04-17;segunda clase;completado;1952;P0052;8;0.30;2767.24;-200.11;mesas nova 2;muebles;mesas;lumen;494.15;377.70;sin dato;sin dato;1937.07;345.90;4;5
ORD-2024-00781;2025-02-12;2025-02-17;segunda clase;enviado;1953;P0110;5;0.05;286.52;110.19;etiquetas nova 10;oficina;etiquetas;orion;60.32;34.94;sin dato;sin dato;272.19;57.30;2;5
ORD-2024-00782;2024-09-13;2024-09-16;estándar;completado;1954;P0075;4;0.10;1916.50;845.08;almacenamiento plus 5;muebles;almacenamiento;nova;532.36;271.05;sin dato;sin dato;1724.85;479.12;9;3
ORD-2024-00782;2024-09-13;2024-09-16;estándar;completado;1955;P0023;1;0.00;793.37;398.28;computadores pro 3;tecnología;computadores;patagonia;793.37;395.09;sin dato;sin dato;793.37;793.37;9;3
ORD-2024-00782;2024-09-13;2024-09-16;estándar;completado;1956;P0048;7;0.20;3502.41;16.65;sillas plus 8;muebles;sillas;orion;625.43;484.77;sin dato;sin dato;2801.93;500.34;9;3
ORD-2024-00782;2024-09-13;2024-09-16;estándar;completado;1957;P0074;2;0.00;825.02;303.52;almacenamiento smart 4;muebles;almacenamiento;lumen;412.51;260.75;sin dato;sin dato;825.02;412.51;9;3
ORD-2024-00783;2024-09-23;2024-09-27;segunda clase;enviado;1958;P0029;5;0.20;1124.48;112.66;computadores eco 9;tecnología;computadores;patagonia;281.12;199.48;sin dato;sin dato;899.58;224.90;9;4
ORD-2024-00783;2024-09-23;2024-09-27;segunda clase;enviado;1959;P0098;8;0.10;1684.15;338.97;archivadores nova 8;oficina;archivadores;lumen;233.91;164.53;sin dato;sin dato;1515.74;210.52;9;4
ORD-2024-00783;2024-09-23;2024-09-27;segunda clase;enviado;1960;P0057;5;0.30;1805.33;288.81;mesas smart 7;muebles;mesas;patagonia;515.81;325.42;sin dato;sin dato;1263.73;361.07;9;4
ORD-2024-00784;2024-08-27;2024-08-29;mismo día;completado;1961;P0072;1;0.30;482.29;70.14;almacenamiento nova 2;muebles;almacenamiento;patagonia;688.98;428.10;campaña outlet 8;búsqueda;337.60;482.29;8;2
ORD-2024-00785;2024-07-26;2024-07-28;primera clase;enviado;1962;P0010;4;0.10;2441.09;494.84;accesorios nova 10;tecnología;accesorios;andes;678.08;497.07;sin dato;sin dato;2196.98;610.27;7;2
ORD-2024-00785;2024-07-26;2024-07-28;primera clase;enviado;1963;P0032;5;0.30;2532.57;-7.93;periféricos eco 2;tecnología;periféricos;vector;723.59;506.45;sin dato;sin dato;1772.80;506.51;7;2
ORD-2024-00785;2024-07-26;2024-07-28;primera clase;enviado;1964;P0027;7;0.00;277.76;146.86;computadores flex 7;tecnología;computadores;alerce;39.68;18.70;sin dato;sin dato;277.76;39.68;7;2
ORD-2024-00786;2024-06-30;2024-06-30;segunda clase;completado;1965;P0113;1;0.15;517.66;124.51;sobres smart 3;oficina;sobres;patagonia;609.01;376.16;campaña ahorro 6;afiliados;440.01;517.66;6;0
ORD-2024-00786;2024-06-30;2024-06-30;segunda clase;completado;1966;P0107;1;0.00;77.45;34.99;etiquetas pro 7;oficina;etiquetas;orion;77.45;42.46;campaña ahorro 6;afiliados;77.45;77.45;6;0
ORD-2024-00786;2024-06-30;2024-06-30;segunda clase;completado;1967;P0006;7;0.20;4867.97;1315.27;accesorios nova 6;tecnología;accesorios;andes;869.28;522.14;campaña ahorro 6;afiliados;3894.38;695.42;6;0
ORD-2024-00786;2024-06-30;2024-06-30;segunda clase;completado;1968;P0003;3;0.10;2344.30;285.39;accesorios plus 3;tecnología;accesorios;altura;868.26;685.10;campaña ahorro 6;afiliados;2109.87;781.43;6;0
ORD-2024-00787;2024-06-16;2024-06-16;segunda clase;completado;1969;P0043;8;0.10;5073.12;1790.48;sillas smart 3;muebles;sillas;altura;704.60;405.63;sin dato;sin dato;4565.81;634.14;6;0
ORD-2024-00788;2023-09-26;2023-10-02;primera clase;devuelto;1970;P0002;3;0.30;21.13;2.32;accesorios smart 2;tecnología;accesorios;vector;10.06;5.92;sin dato;sin dato;14.79;7.04;9;6
ORD-2024-00788;2023-09-26;2023-10-02;primera clase;devuelto;1971;P0007;1;0.05;297.44;156.70;accesorios nova 7;tecnología;accesorios;alerce;313.09;143.58;sin dato;sin dato;282.57;297.44;9;6
ORD-2024-00789;2025-02-17;2025-02-22;estándar;completado;1972;P0038;2;0.10;736.06;226.65;periféricos nova 8;tecnología;periféricos;andes;408.92;250.33;campaña ahorro 6;afiliados;662.45;368.03;2;5
ORD-2024-00789;2025-02-17;2025-02-22;estándar;completado;1973;P0106;8;0.10;1616.90;674.03;etiquetas eco 6;oficina;etiquetas;vector;224.57;118.47;campaña ahorro 6;afiliados;1455.21;202.11;2;5
ORD-2024-00789;2025-02-17;2025-02-22;estándar;completado;1974;P0065;8;0.00;3430.32;1727.84;libreros pro 5;muebles;libreros;nova;428.79;212.81;campaña ahorro 6;afiliados;3430.32;428.79;2;5
ORD-2024-00789;2025-02-17;2025-02-22;estándar;completado;1975;P0021;7;0.00;5560.80;2470.93;computadores plus 1;tecnología;computadores;andes;794.40;441.41;campaña ahorro 6;afiliados;5560.80;794.40;2;5
ORD-2024-00790;2024-01-17;2024-01-22;primera clase;completado;1976;P0017;1;0.20;204.68;41.63;teléfonos plus 7;tecnología;teléfonos;alerce;255.85;163.38;campaña activa 4;afiliados;163.74;204.68;1;5
ORD-2024-00790;2024-01-17;2024-01-22;primera clase;completado;1977;P0055;7;0.15;3445.70;1153.18;mesas plus 5;muebles;mesas;vector;579.11;339.15;campaña activa 4;afiliados;2928.84;492.24;1;5
ORD-2024-00790;2024-01-17;2024-01-22;primera clase;completado;1978;P0049;3;0.00;867.36;231.51;sillas smart 9;muebles;sillas;orion;289.12;211.95;campaña activa 4;afiliados;867.36;289.12;1;5
ORD-2024-00791;2024-05-04;2024-05-05;segunda clase;enviado;1979;P0016;1;0.15;662.40;292.05;teléfonos pro 6;tecnología;teléfonos;orion;779.30;382.70;campaña ahorro 7;afiliados;563.04;662.40;5;1
ORD-2024-00791;2024-05-04;2024-05-05;segunda clase;enviado;1980;P0057;1;0.10;464.23;138.83;mesas smart 7;muebles;mesas;patagonia;515.81;325.42;campaña ahorro 7;afiliados;417.81;464.23;5;1
ORD-2024-00792;2023-11-07;2023-11-11;segunda clase;completado;1981;P0042;3;0.00;1670.43;540.30;sillas flex 2;muebles;sillas;vector;556.81;376.71;campaña ahorro 6;afiliados;1670.43;556.81;11;4
ORD-2024-00792;2023-11-07;2023-11-11;segunda clase;completado;1982;P0069;4;0.15;2270.72;469.69;libreros smart 9;muebles;libreros;patagonia;667.86;470.05;campaña ahorro 6;afiliados;1930.11;567.68;11;4
ORD-2024-00792;2023-11-07;2023-11-11;segunda clase;completado;1983;P0018;5;0.15;2916.69;513.31;teléfonos flex 8;tecnología;teléfonos;patagonia;686.28;471.26;campaña ahorro 6;afiliados;2479.19;583.34;11;4
ORD-2024-00792;2023-11-07;2023-11-11;segunda clase;completado;1984;P0014;3;0.00;234.21;126.30;teléfonos pro 4;tecnología;teléfonos;alerce;78.07;35.97;campaña ahorro 6;afiliados;234.21;78.07;11;4
ORD-2024-00793;2023-05-11;2023-05-16;estándar;cancelado;1985;P0031;3;0.30;488.42;149.75;periféricos smart 1;tecnología;periféricos;andes;232.58;113.04;sin dato;sin dato;341.89;162.81;5;5
ORD-2024-00793;2023-05-11;2023-05-16;estándar;cancelado;1986;P0099;5;0.05;50.21;25.08;archivadores eco 9;oficina;archivadores;orion;10.57;5.00;sin dato;sin dato;47.70;10.04;5;5
ORD-2024-00793;2023-05-11;2023-05-16;estándar;cancelado;1987;P0092;6;0.15;3143.23;1362.66;archivadores nova 2;oficina;archivadores;alerce;616.32;308.93;sin dato;sin dato;2671.75;523.87;5;5
ORD-2024-00793;2023-05-11;2023-05-16;estándar;cancelado;1988;P0022;6;0.00;2587.32;1302.84;computadores pro 2;tecnología;computadores;altura;431.22;214.08;sin dato;sin dato;2587.32;431.22;5;5
ORD-2024-00794;2024-02-20;2024-02-20;primera clase;completado;1989;P0058;2;0.00;470.14;108.70;mesas nova 8;muebles;mesas;andes;235.07;180.72;sin dato;sin dato;470.14;235.07;2;0
ORD-2024-00795;2024-10-14;2024-10-14;mismo día;completado;1990;P0061;4;0.15;2976.22;1092.10;libreros plus 1;muebles;libreros;altura;875.36;463.75;campaña ahorro 2;afiliados;2529.79;744.06;10;0
ORD-2024-00795;2024-10-14;2024-10-14;mismo día;completado;1991;P0099;3;0.10;28.54;13.62;archivadores eco 9;oficina;archivadores;orion;10.57;5.00;campaña ahorro 2;afiliados;25.69;9.51;10;0
ORD-2024-00795;2024-10-14;2024-10-14;mismo día;completado;1992;P0015;8;0.00;5588.00;1463.20;teléfonos plus 5;tecnología;teléfonos;nova;698.50;515.60;campaña ahorro 2;afiliados;5588.00;698.50;10;0
ORD-2024-00796;2024-04-15;2024-04-16;segunda clase;completado;1993;P0029;4;0.00;1124.48;326.56;computadores eco 9;tecnología;computadores;patagonia;281.12;199.48;campaña activa 4;afiliados;1124.48;281.12;4;1
ORD-2024-00797;2025-03-17;2025-03-17;segunda clase;completado;1994;P0066;8;0.00;2878.80;1480.24;libreros smart 6;muebles;libreros;lumen;359.85;174.82;sin dato;sin dato;2878.80;359.85;3;0
ORD-2024-00798;2025-03-24;2025-03-25;estándar;completado;1995;P0024;6;0.00;4844.10;2426.88;computadores nova 4;tecnología;computadores;vector;807.35;402.87;sin dato;sin dato;4844.10;807.35;3;1
ORD-2024-00798;2025-03-24;2025-03-25;estándar;completado;1996;P0057;5;0.20;2063.24;471.89;mesas smart 7;muebles;mesas;patagonia;515.81;325.42;sin dato;sin dato;1650.59;412.65;3;1
ORD-2024-00798;2025-03-24;2025-03-25;estándar;completado;1997;P0119;6;0.05;3535.37;1450.52;sobres plus 9;oficina;sobres;andes;620.24;347.69;sin dato;sin dato;3358.60;589.23;3;1
ORD-2024-00798;2025-03-24;2025-03-25;estándar;completado;1998;P0013;2;0.15;485.96;141.02;teléfonos nova 3;tecnología;teléfonos;lumen;285.86;173.76;sin dato;sin dato;413.07;242.98;3;1
ORD-2024-00799;2023-10-27;2023-10-29;mismo día;completado;1999;P0120;3;0.20;1695.05;368.75;sobres plus 10;oficina;sobres;altura;706.27;437.08;sin dato;sin dato;1356.04;565.02;10;2
ORD-2024-00799;2023-10-27;2023-10-29;mismo día;completado;2000;P0040;4;0.05;2819.64;1078.70;periféricos eco 10;tecnología;periféricos;andes;742.01;430.58;sin dato;sin dato;2678.66;704.91;10;2
ORD-2024-00799;2023-10-27;2023-10-29;mismo día;completado;2001;P0076;5;0.20;458.96;144.13;almacenamiento eco 6;muebles;almacenamiento;patagonia;114.74;61.78;sin dato;sin dato;367.17;91.79;10;2
ORD-2024-00799;2023-10-27;2023-10-29;mismo día;completado;2002;P0034;6;0.00;2518.08;863.46;periféricos flex 4;tecnología;periféricos;orion;419.68;275.77;sin dato;sin dato;2518.08;419.68;10;2
ORD-2024-00800;2023-04-25;2023-04-25;mismo día;completado;2003;P0069;4;0.15;2270.72;444.42;libreros smart 9;muebles;libreros;patagonia;667.86;470.05;sin dato;sin dato;1930.11;567.68;4;0
ORD-2025-00801;2024-08-31;2024-09-03;primera clase;completado;2004;P0050;5;0.10;1087.34;432.37;sillas nova 10;muebles;sillas;lumen;241.63;129.84;sin dato;sin dato;978.61;217.47;8;3
ORD-2025-00801;2024-08-31;2024-09-03;primera clase;completado;2005;P0075;6;0.30;2235.91;735.83;almacenamiento plus 5;muebles;almacenamiento;nova;532.36;271.05;sin dato;sin dato;1565.14;372.65;8;3
ORD-2025-00801;2024-08-31;2024-09-03;primera clase;completado;2006;P0106;8;0.15;1527.08;564.75;etiquetas eco 6;oficina;etiquetas;vector;224.57;118.47;sin dato;sin dato;1298.02;190.88;8;3
ORD-2025-00802;2023-05-10;2023-05-14;estándar;enviado;2007;P0010;8;0.30;3797.25;-329.77;accesorios nova 10;tecnología;accesorios;andes;678.08;497.07;sin dato;sin dato;2658.07;474.66;5;4
ORD-2025-00802;2023-05-10;2023-05-14;estándar;enviado;2008;P0105;3;0.10;700.60;330.37;etiquetas pro 5;oficina;etiquetas;lumen;259.48;123.11;sin dato;sin dato;630.54;233.53;5;4
ORD-2025-00803;2023-03-25;2023-03-28;primera clase;enviado;2009;P0104;2;0.10;1089.36;290.09;etiquetas nova 4;oficina;etiquetas;altura;605.20;392.50;campaña ahorro 6;afiliados;980.42;544.68;3;3
ORD-2025-00803;2023-03-25;2023-03-28;primera clase;enviado;2010;P0055;8;0.00;4632.88;1919.68;mesas plus 5;muebles;mesas;vector;579.11;339.15;campaña ahorro 6;afiliados;4632.88;579.11;3;3
ORD-2025-00803;2023-03-25;2023-03-28;primera clase;enviado;2011;P0067;2;0.00;345.54;127.48;libreros pro 7;muebles;libreros;nova;172.77;109.03;campaña ahorro 6;afiliados;345.54;172.77;3;3
ORD-2025-00804;2023-08-03;2023-08-07;estándar;enviado;2012;P0074;4;0.30;1155.03;45.84;almacenamiento smart 4;muebles;almacenamiento;lumen;412.51;260.75;sin dato;sin dato;808.52;288.76;8;4
ORD-2025-00805;2023-12-11;2023-12-15;segunda clase;completado;2013;P0057;8;0.00;4126.48;1523.12;mesas smart 7;muebles;mesas;patagonia;515.81;325.42;campaña cliente vip 1;email;4126.48;515.81;12;4
ORD-2025-00806;2024-03-11;2024-03-14;primera clase;completado;2014;P0096;1;0.30;494.54;58.92;archivadores pro 6;oficina;archivadores;patagonia;706.49;396.52;sin dato;sin dato;346.18;494.54;3;3
ORD-2025-00806;2024-03-11;2024-03-14;primera clase;completado;2015;P0099;6;0.05;60.25;30.72;archivadores eco 9;oficina;archivadores;orion;10.57;5.00;sin dato;sin dato;57.24;10.04;3;3
ORD-2025-00806;2024-03-11;2024-03-14;primera clase;completado;2016;P0003;2;0.00;1736.52;366.32;accesorios plus 3;tecnología;accesorios;altura;868.26;685.10;sin dato;sin dato;1736.52;868.26;3;3
ORD-2025-00807;2023-09-12;2023-09-18;mismo día;enviado;2017;P0083;6;0.15;269.74;62.69;papelería pro 3;oficina;papelería;altura;52.89;35.71;sin dato;sin dato;229.28;44.96;9;6
ORD-2025-00807;2023-09-12;2023-09-18;mismo día;enviado;2018;P0006;1;0.15;738.89;199.73;accesorios nova 6;tecnología;accesorios;andes;869.28;522.14;sin dato;sin dato;628.06;738.89;9;6
ORD-2025-00808;2025-01-04;2025-01-04;segunda clase;completado;2019;P0092;8;0.05;4684.03;2222.41;archivadores nova 2;oficina;archivadores;alerce;616.32;308.93;campaña ahorro 6;afiliados;4449.83;585.50;1;0
ORD-2025-00808;2025-01-04;2025-01-04;segunda clase;completado;2020;P0120;8;0.05;5367.65;1884.67;sobres plus 10;oficina;sobres;altura;706.27;437.08;campaña ahorro 6;afiliados;5099.27;670.96;1;0
ORD-2025-00809;2024-03-26;2024-03-26;mismo día;completado;2021;P0027;6;0.05;226.18;112.55;computadores flex 7;tecnología;computadores;alerce;39.68;18.70;campaña ahorro 6;afiliados;214.87;37.70;3;0
ORD-2025-00809;2024-03-26;2024-03-26;mismo día;completado;2022;P0091;1;0.15;438.00;84.42;archivadores flex 1;oficina;archivadores;alerce;515.29;352.20;campaña ahorro 6;afiliados;372.30;438.00;3;0
ORD-2025-00810;2024-01-11;2024-01-16;segunda clase;completado;2023;P0111;7;0.20;2883.22;861.43;sobres flex 1;oficina;sobres;lumen;514.86;299.56;sin dato;sin dato;2306.58;411.89;1;5
ORD-2025-00810;2024-01-11;2024-01-16;segunda clase;completado;2024;P0073;3;0.15;445.64;90.34;almacenamiento eco 3;muebles;almacenamiento;orion;174.76;120.04;sin dato;sin dato;378.79;148.55;1;5
ORD-2025-00810;2024-01-11;2024-01-16;segunda clase;completado;2025;P0013;7;0.10;1800.92;604.92;teléfonos nova 3;tecnología;teléfonos;lumen;285.86;173.76;sin dato;sin dato;1620.83;257.27;1;5
ORD-2025-00811;2024-06-04;2024-06-05;estándar;completado;2026;P0070;7;0.20;4293.46;1033.28;libreros eco 10;muebles;libreros;andes;766.69;471.27;sin dato;sin dato;3434.77;613.35;6;1
ORD-2025-00811;2024-06-04;2024-06-05;estándar;completado;2027;P0118;4;0.10;835.38;180.89;sobres nova 8;oficina;sobres;alerce;232.05;166.62;sin dato;sin dato;751.84;208.84;6;1
ORD-2025-00812;2025-04-06;2025-04-08;estándar;completado;2028;P0042;4;0.15;1893.15;381.58;sillas flex 2;muebles;sillas;vector;556.81;376.71;campaña ahorro 7;afiliados;1609.18;473.29;4;2
ORD-2025-00812;2025-04-06;2025-04-08;estándar;completado;2029;P0053;5;0.00;1853.55;660.00;mesas eco 3;muebles;mesas;alerce;370.71;238.71;campaña ahorro 7;afiliados;1853.55;370.71;4;2
ORD-2025-00812;2025-04-06;2025-04-08;estándar;completado;2030;P0005;4;0.00;3566.68;1363.44;accesorios flex 5;tecnología;accesorios;vector;891.67;550.81;campaña ahorro 7;afiliados;3566.68;891.67;4;2
ORD-2025-00812;2025-04-06;2025-04-08;estándar;completado;2031;P0002;5;0.00;50.30;20.70;accesorios smart 2;tecnología;accesorios;vector;10.06;5.92;campaña ahorro 7;afiliados;50.30;10.06;4;2
ORD-2025-00813;2023-05-18;2023-05-24;primera clase;completado;2032;P0059;2;0.05;262.35;82.80;mesas smart 9;muebles;mesas;andes;138.08;89.52;sin dato;sin dato;249.23;131.18;5;6
ORD-2025-00813;2023-05-18;2023-05-24;primera clase;completado;2033;P0119;1;0.20;496.19;144.77;sobres plus 9;oficina;sobres;andes;620.24;347.69;sin dato;sin dato;396.95;496.19;5;6
ORD-2025-00813;2023-05-18;2023-05-24;primera clase;completado;2034;P0054;8;0.20;528.13;53.36;mesas eco 4;muebles;mesas;altura;82.52;60.93;sin dato;sin dato;422.50;66.02;5;6
ORD-2025-00814;2023-06-27;2023-06-28;primera clase;enviado;2035;P0098;5;0.15;994.12;153.62;archivadores nova 8;oficina;archivadores;lumen;233.91;164.53;sin dato;sin dato;845.00;198.82;6;1
ORD-2025-00814;2023-06-27;2023-06-28;primera clase;enviado;2036;P0015;4;0.15;2374.90;306.19;teléfonos plus 5;tecnología;teléfonos;nova;698.50;515.60;sin dato;sin dato;2018.66;593.72;6;1
ORD-2025-00814;2023-06-27;2023-06-28;primera clase;enviado;2037;P0018;8;0.00;5490.24;1720.16;teléfonos flex 8;tecnología;teléfonos;patagonia;686.28;471.26;sin dato;sin dato;5490.24;686.28;6;1
ORD-2025-00814;2023-06-27;2023-06-28;primera clase;enviado;2038;P0003;7;0.00;6077.82;1282.12;accesorios plus 3;tecnología;accesorios;altura;868.26;685.10;sin dato;sin dato;6077.82;868.26;6;1
ORD-2025-00815;2025-03-05;2025-03-10;primera clase;completado;2039;P0065;8;0.05;3258.80;1553.01;libreros pro 5;muebles;libreros;nova;428.79;212.81;sin dato;sin dato;3095.86;407.35;3;5
ORD-2025-00816;2024-06-08;2024-06-09;primera clase;completado;2040;P0058;1;0.10;211.56;34.66;mesas nova 8;muebles;mesas;andes;235.07;180.72;sin dato;sin dato;190.40;211.56;6;1
ORD-2025-00816;2024-06-08;2024-06-09;primera clase;completado;2041;P0078;1;0.00;300.22;164.83;almacenamiento eco 8;muebles;almacenamiento;andes;300.22;135.39;sin dato;sin dato;300.22;300.22;6;1
ORD-2025-00816;2024-06-08;2024-06-09;primera clase;completado;2042;P0025;7;0.00;5345.97;1708.35;computadores plus 5;tecnología;computadores;orion;763.71;519.66;sin dato;sin dato;5345.97;763.71;6;1
ORD-2025-00816;2024-06-08;2024-06-09;primera clase;completado;2043;P0051;3;0.15;241.94;70.11;mesas smart 1;muebles;mesas;orion;94.88;58.62;sin dato;sin dato;205.65;80.65;6;1
ORD-2025-00817;2023-09-26;2023-09-26;segunda clase;completado;2044;P0093;6;0.30;2624.45;892.81;archivadores flex 3;oficina;archivadores;vector;624.87;291.47;sin dato;sin dato;1837.11;437.41;9;0
ORD-2025-00818;2025-02-15;2025-02-17;mismo día;completado;2045;P0013;4;0.00;1143.44;448.40;teléfonos nova 3;tecnología;teléfonos;lumen;285.86;173.76;campaña cliente vip 1;email;1143.44;285.86;2;2
ORD-2025-00818;2025-02-15;2025-02-17;mismo día;completado;2046;P0108;2;0.00;981.90;196.82;etiquetas flex 8;oficina;etiquetas;patagonia;490.95;392.54;campaña cliente vip 1;email;981.90;490.95;2;2
ORD-2025-00818;2025-02-15;2025-02-17;mismo día;completado;2047;P0082;3;0.00;1772.58;967.26;papelería eco 2;oficina;papelería;orion;590.86;268.44;campaña cliente vip 1;email;1772.58;590.86;2;2
ORD-2025-00819;2024-08-24;2024-08-29;mismo día;completado;2048;P0027;3;0.00;119.04;62.94;computadores flex 7;tecnología;computadores;alerce;39.68;18.70;sin dato;sin dato;119.04;39.68;8;5
ORD-2025-00819;2024-08-24;2024-08-29;mismo día;completado;2049;P0108;5;0.00;2454.75;492.05;etiquetas flex 8;oficina;etiquetas;patagonia;490.95;392.54;sin dato;sin dato;2454.75;490.95;8;5
ORD-2025-00819;2024-08-24;2024-08-29;mismo día;completado;2050;P0034;4;0.00;1678.72;575.64;periféricos flex 4;tecnología;periféricos;orion;419.68;275.77;sin dato;sin dato;1678.72;419.68;8;5
ORD-2025-00819;2024-08-24;2024-08-29;mismo día;completado;2051;P0069;1;0.00;667.86;197.81;libreros smart 9;muebles;libreros;patagonia;667.86;470.05;sin dato;sin dato;667.86;667.86;8;5
ORD-2025-00820;2024-03-17;2024-03-17;mismo día;completado;2052;P0070;7;0.30;3756.78;332.66;libreros eco 10;muebles;libreros;andes;766.69;471.27;sin dato;sin dato;2629.75;536.68;3;0
ORD-2025-00820;2024-03-17;2024-03-17;mismo día;completado;2053;P0008;3;0.00;1189.80;364.23;accesorios plus 8;tecnología;accesorios;andes;396.60;275.19;sin dato;sin dato;1189.80;396.60;3;0
ORD-2025-00821;2024-02-05;2024-02-11;primera clase;completado;2054;P0070;1;0.00;766.69;295.42;libreros eco 10;muebles;libreros;andes;766.69;471.27;campaña activa 3;afiliados;766.69;766.69;2;6
ORD-2025-00821;2024-02-05;2024-02-11;primera clase;completado;2055;P0078;6;0.00;1801.32;988.98;almacenamiento eco 8;muebles;almacenamiento;andes;300.22;135.39;campaña activa 3;afiliados;1801.32;300.22;2;6
ORD-2025-00821;2024-02-05;2024-02-11;primera clase;completado;2056;P0032;3;0.15;1845.15;266.50;periféricos eco 2;tecnología;periféricos;vector;723.59;506.45;campaña activa 3;afiliados;1568.38;615.05;2;6
ORD-2025-00821;2024-02-05;2024-02-11;primera clase;completado;2057;P0004;8;0.05;213.71;54.71;accesorios eco 4;tecnología;accesorios;orion;28.12;19.81;campaña activa 3;afiliados;203.02;26.71;2;6
ORD-2025-00822;2025-02-09;2025-02-15;estándar;completado;2058;P0070;7;0.00;5366.83;2067.94;libreros eco 10;muebles;libreros;andes;766.69;471.27;campaña outlet 8;búsqueda;5366.83;766.69;2;6
ORD-2025-00822;2025-02-09;2025-02-15;estándar;completado;2059;P0114;2;0.20;86.56;28.12;sobres pro 4;oficina;sobres;vector;54.10;29.24;campaña outlet 8;búsqueda;69.25;43.28;2;6
ORD-2025-00823;2023-01-26;2023-02-01;primera clase;completado;2060;P0102;2;0.30;600.17;94.29;etiquetas pro 2;oficina;etiquetas;vector;428.69;272.95;sin dato;sin dato;420.12;300.08;1;6
ORD-2025-00823;2023-01-26;2023-02-01;primera clase;completado;2061;P0071;2;0.30;1243.93;-182.33;almacenamiento flex 1;muebles;almacenamiento;patagonia;888.52;677.49;sin dato;sin dato;870.75;621.96;1;6
ORD-2025-00823;2023-01-26;2023-02-01;primera clase;completado;2062;P0033;5;0.05;4195.91;741.72;periféricos nova 3;tecnología;periféricos;altura;883.35;692.48;sin dato;sin dato;3986.11;839.18;1;6
ORD-2025-00823;2023-01-26;2023-02-01;primera clase;completado;2063;P0106;4;0.10;808.45;342.00;etiquetas eco 6;oficina;etiquetas;vector;224.57;118.47;sin dato;sin dato;727.61;202.11;1;6
ORD-2025-00824;2024-01-05;2024-01-06;primera clase;completado;2064;P0117;5;0.00;3727.30;879.85;sobres eco 7;oficina;sobres;vector;745.46;569.49;campaña ahorro 7;afiliados;3727.30;745.46;1;1
ORD-2025-00824;2024-01-05;2024-01-06;primera clase;completado;2065;P0075;5;0.10;2395.62;1014.61;almacenamiento plus 5;muebles;almacenamiento;nova;532.36;271.05;campaña ahorro 7;afiliados;2156.06;479.12;1;1
ORD-2025-00825;2023-07-04;2023-07-07;segunda clase;completado;2066;P0041;2;0.05;293.59;89.83;sillas eco 1;muebles;sillas;vector;154.52;100.57;sin dato;sin dato;278.91;146.79;7;3
ORD-2025-00825;2023-07-04;2023-07-07;segunda clase;completado;2067;P0053;2;0.30;518.99;32.44;mesas eco 3;muebles;mesas;alerce;370.71;238.71;sin dato;sin dato;363.29;259.50;7;3
ORD-2025-00825;2023-07-04;2023-07-07;segunda clase;completado;2068;P0093;1;0.00;624.87;333.40;archivadores flex 3;oficina;archivadores;vector;624.87;291.47;sin dato;sin dato;624.87;624.87;7;3
ORD-2025-00826;2024-08-21;2024-08-25;estándar;completado;2069;P0041;2;0.00;309.04;107.90;sillas eco 1;muebles;sillas;vector;154.52;100.57;campaña ahorro 7;afiliados;309.04;154.52;8;4
ORD-2025-00827;2025-01-20;2025-01-24;primera clase;enviado;2070;P0102;7;0.00;3000.83;1090.18;etiquetas pro 2;oficina;etiquetas;vector;428.69;272.95;sin dato;sin dato;3000.83;428.69;1;4
ORD-2025-00827;2025-01-20;2025-01-24;primera clase;enviado;2071;P0008;1;0.10;356.94;84.73;accesorios plus 8;tecnología;accesorios;andes;396.60;275.19;sin dato;sin dato;321.25;356.94;1;4
ORD-2025-00827;2025-01-20;2025-01-24;primera clase;enviado;2072;P0004;4;0.30;78.74;-4.83;accesorios eco 4;tecnología;accesorios;orion;28.12;19.81;sin dato;sin dato;55.12;19.68;1;4
ORD-2025-00827;2025-01-20;2025-01-24;primera clase;enviado;2073;P0073;2;0.00;349.52;109.44;almacenamiento eco 3;muebles;almacenamiento;orion;174.76;120.04;sin dato;sin dato;349.52;174.76;1;4
ORD-2025-00828;2024-03-23;2024-03-25;segunda clase;completado;2074;P0107;4;0.15;263.33;84.57;etiquetas pro 7;oficina;etiquetas;orion;77.45;42.46;campaña ahorro 7;afiliados;223.83;65.83;3;2
ORD-2025-00828;2024-03-23;2024-03-25;segunda clase;completado;2075;P0070;5;0.20;3066.76;780.82;libreros eco 10;muebles;libreros;andes;766.69;471.27;campaña ahorro 7;afiliados;2453.41;613.35;3;2
ORD-2025-00829;2023-06-11;2023-06-11;mismo día;completado;2076;P0092;1;0.00;616.32;307.39;archivadores nova 2;oficina;archivadores;alerce;616.32;308.93;campaña ahorro 7;afiliados;616.32;616.32;6;0
ORD-2025-00829;2023-06-11;2023-06-11;mismo día;completado;2077;P0026;8;0.00;3818.72;793.52;computadores plus 6;tecnología;computadores;lumen;477.34;378.15;campaña ahorro 7;afiliados;3818.72;477.34;6;0
ORD-2025-00830;2023-01-02;2023-01-03;estándar;completado;2078;P0032;5;0.20;2894.36;375.59;periféricos eco 2;tecnología;periféricos;vector;723.59;506.45;sin dato;sin dato;2315.49;578.87;1;1
ORD-2025-00830;2023-01-02;2023-01-03;estándar;completado;2079;P0079;1;0.00;48.87;12.97;almacenamiento nova 9;muebles;almacenamiento;alerce;48.87;35.90;sin dato;sin dato;48.87;48.87;1;1
ORD-2025-00830;2023-01-02;2023-01-03;estándar;completado;2080;P0016;5;0.00;3896.50;1983.00;teléfonos pro 6;tecnología;teléfonos;orion;779.30;382.70;sin dato;sin dato;3896.50;779.30;1;1
ORD-2025-00830;2023-01-02;2023-01-03;estándar;completado;2081;P0003;2;0.20;1389.22;9.61;accesorios plus 3;tecnología;accesorios;altura;868.26;685.10;sin dato;sin dato;1111.38;694.61;1;1
ORD-2025-00831;2023-05-23;2023-05-28;mismo día;cancelado;2082;P0050;1;0.15;205.39;78.44;sillas nova 10;muebles;sillas;lumen;241.63;129.84;sin dato;sin dato;174.58;205.39;5;5
ORD-2025-00832;2024-03-11;2024-03-14;estándar;completado;2083;P0118;5;0.05;1102.24;274.96;sobres nova 8;oficina;sobres;alerce;232.05;166.62;sin dato;sin dato;1047.13;220.45;3;3
ORD-2025-00833;2025-01-10;2025-01-16;estándar;completado;2084;P0041;2;0.15;262.68;57.94;sillas eco 1;muebles;sillas;vector;154.52;100.57;campaña outlet 8;búsqueda;223.28;131.34;1;6
ORD-2025-00834;2023-05-25;2023-05-31;segunda clase;enviado;2085;P0082;5;0.00;2954.30;1612.10;papelería eco 2;oficina;papelería;orion;590.86;268.44;sin dato;sin dato;2954.30;590.86;5;6
ORD-2025-00834;2023-05-25;2023-05-31;segunda clase;enviado;2086;P0042;4;0.10;2004.52;505.44;sillas flex 2;muebles;sillas;vector;556.81;376.71;sin dato;sin dato;1804.07;501.13;5;6
ORD-2025-00835;2023-11-26;2023-11-29;primera clase;completado;2087;P0111;7;0.20;2883.22;803.13;sobres flex 1;oficina;sobres;lumen;514.86;299.56;sin dato;sin dato;2306.58;411.89;11;3
ORD-2025-00835;2023-11-26;2023-11-29;primera clase;completado;2088;P0013;1;0.00;285.86;112.10;teléfonos nova 3;tecnología;teléfonos;lumen;285.86;173.76;sin dato;sin dato;285.86;285.86;11;3
ORD-2025-00835;2023-11-26;2023-11-29;primera clase;completado;2089;P0104;3;0.00;1815.60;638.10;etiquetas nova 4;oficina;etiquetas;altura;605.20;392.50;sin dato;sin dato;1815.60;605.20;11;3
ORD-2025-00836;2024-10-30;2024-10-31;primera clase;completado;2090;P0115;7;0.00;923.09;319.48;sobres pro 5;oficina;sobres;alerce;131.87;86.23;sin dato;sin dato;923.09;131.87;10;1
ORD-2025-00836;2024-10-30;2024-10-31;primera clase;completado;2091;P0065;2;0.30;600.31;199.17;libreros pro 5;muebles;libreros;nova;428.79;212.81;sin dato;sin dato;420.22;300.15;10;1
ORD-2025-00837;2024-04-23;2024-04-24;segunda clase;completado;2092;P0021;4;0.15;2700.96;840.80;computadores plus 1;tecnología;computadores;andes;794.40;441.41;sin dato;sin dato;2295.82;675.24;4;1
ORD-2025-00837;2024-04-23;2024-04-24;segunda clase;completado;2093;P0002;5;0.00;50.30;20.70;accesorios smart 2;tecnología;accesorios;vector;10.06;5.92;sin dato;sin dato;50.30;10.06;4;1
ORD-2025-00837;2024-04-23;2024-04-24;segunda clase;completado;2094;P0099;3;0.15;26.95;12.70;archivadores eco 9;oficina;archivadores;orion;10.57;5.00;sin dato;sin dato;22.91;8.98;4;1
ORD-2025-00838;2023-03-13;2023-03-18;estándar;completado;2095;P0015;1;0.00;698.50;182.90;teléfonos plus 5;tecnología;teléfonos;nova;698.50;515.60;campaña ahorro 6;afiliados;698.50;698.50;3;5
ORD-2025-00838;2023-03-13;2023-03-18;estándar;completado;2096;P0029;1;0.10;253.01;54.35;computadores eco 9;tecnología;computadores;patagonia;281.12;199.48;campaña ahorro 6;afiliados;227.71;253.01;3;5
ORD-2025-00838;2023-03-13;2023-03-18;estándar;completado;2097;P0007;2;0.00;626.18;339.02;accesorios nova 7;tecnología;accesorios;alerce;313.09;143.58;campaña ahorro 6;afiliados;626.18;313.09;3;5
ORD-2025-00838;2023-03-13;2023-03-18;estándar;completado;2098;P0059;2;0.00;276.16;97.12;mesas smart 9;muebles;mesas;andes;138.08;89.52;campaña ahorro 6;afiliados;276.16;138.08;3;5
ORD-2025-00839;2023-05-11;2023-05-15;mismo día;cancelado;2099;P0012;3;0.00;1015.44;508.26;teléfonos flex 2;tecnología;teléfonos;vector;338.48;169.06;sin dato;sin dato;1015.44;338.48;5;4
ORD-2025-00839;2023-05-11;2023-05-15;mismo día;cancelado;2100;P0069;6;0.00;4007.16;1186.86;libreros smart 9;muebles;libreros;patagonia;667.86;470.05;sin dato;sin dato;4007.16;667.86;5;4
ORD-2025-00839;2023-05-11;2023-05-15;mismo día;cancelado;2101;P0056;6;0.05;3435.10;752.19;mesas flex 6;muebles;mesas;orion;602.65;441.66;sin dato;sin dato;3263.34;572.52;5;4
ORD-2025-00840;2024-01-26;2024-01-31;segunda clase;completado;2102;P0029;5;0.20;1124.48;90.51;computadores eco 9;tecnología;computadores;patagonia;281.12;199.48;campaña cliente vip 5;display;899.58;224.90;1;5
ORD-2025-00840;2024-01-26;2024-01-31;segunda clase;completado;2103;P0014;2;0.15;132.72;63.25;teléfonos pro 4;tecnología;teléfonos;alerce;78.07;35.97;campaña cliente vip 5;display;112.81;66.36;1;5
ORD-2025-00840;2024-01-26;2024-01-31;segunda clase;completado;2104;P0064;4;0.10;541.84;82.63;libreros eco 4;muebles;libreros;andes;150.51;114.85;campaña cliente vip 5;display;487.66;135.46;1;5
ORD-2025-00840;2024-01-26;2024-01-31;segunda clase;completado;2105;P0034;4;0.15;1426.91;317.96;periféricos flex 4;tecnología;periféricos;orion;419.68;275.77;campaña cliente vip 5;display;1212.87;356.73;1;5
ORD-2025-00841;2024-05-17;2024-05-20;primera clase;completado;2106;P0096;3;0.30;1483.63;251.30;archivadores pro 6;oficina;archivadores;patagonia;706.49;396.52;sin dato;sin dato;1038.54;494.54;5;3
ORD-2025-00842;2024-04-08;2024-04-08;mismo día;enviado;2107;P0020;3;0.10;1334.85;570.95;teléfonos flex 10;tecnología;teléfonos;lumen;494.39;245.07;sin dato;sin dato;1201.37;444.95;4;0
ORD-2025-00842;2024-04-08;2024-04-08;mismo día;enviado;2108;P0114;7;0.30;265.09;59.93;sobres pro 4;oficina;sobres;vector;54.10;29.24;sin dato;sin dato;185.56;37.87;4;0
ORD-2025-00842;2024-04-08;2024-04-08;mismo día;enviado;2109;P0102;5;0.30;1500.41;144.13;etiquetas pro 2;oficina;etiquetas;vector;428.69;272.95;sin dato;sin dato;1050.29;300.08;4;0
ORD-2025-00842;2024-04-08;2024-04-08;mismo día;enviado;2110;P0085;3;0.00;2232.03;609.06;papelería smart 5;oficina;papelería;alerce;744.01;540.99;sin dato;sin dato;2232.03;744.01;4;0
ORD-2025-00843;2023-02-07;2023-02-10;primera clase;completado;2111;P0039;3;0.00;711.33;144.60;periféricos nova 9;tecnología;periféricos;vector;237.11;188.91;sin dato;sin dato;711.33;237.11;2;3
ORD-2025-00843;2023-02-07;2023-02-10;primera clase;completado;2112;P0104;4;0.10;2178.72;651.94;etiquetas nova 4;oficina;etiquetas;altura;605.20;392.50;sin dato;sin dato;1960.85;544.68;2;3
ORD-2025-00843;2023-02-07;2023-02-10;primera clase;completado;2113;P0113;7;0.00;4263.07;1629.95;sobres smart 3;oficina;sobres;patagonia;609.01;376.16;sin dato;sin dato;4263.07;609.01;2;3
ORD-2025-00843;2023-02-07;2023-02-10;primera clase;completado;2114;P0012;6;0.20;1624.70;554.54;teléfonos flex 2;tecnología;teléfonos;vector;338.48;169.06;sin dato;sin dato;1299.76;270.78;2;3
ORD-2025-00844;2024-01-01;2024-01-03;mismo día;completado;2115;P0103;5;0.00;2693.00;974.85;etiquetas nova 3;oficina;etiquetas;alerce;538.60;343.63;sin dato;sin dato;2693.00;538.60;1;2
ORD-2025-00844;2024-01-01;2024-01-03;mismo día;completado;2116;P0086;8;0.05;4910.59;1922.40;papelería flex 6;oficina;papelería;andes;646.13;372.92;sin dato;sin dato;4665.06;613.82;1;2
ORD-2025-00844;2024-01-01;2024-01-03;mismo día;completado;2117;P0068;3;0.30;1340.70;153.01;libreros pro 8;muebles;libreros;lumen;638.43;415.12;sin dato;sin dato;938.49;446.90;1;2
ORD-2025-00845;2023-11-11;2023-11-12;segunda clase;completado;2118;P0068;5;0.20;2553.72;468.71;libreros pro 8;muebles;libreros;lumen;638.43;415.12;campaña cliente vip 5;display;2042.98;510.74;11;1
ORD-2025-00846;2023-09-23;2023-09-29;estándar;completado;2119;P0006;3;0.00;2607.84;1041.42;accesorios nova 6;tecnología;accesorios;andes;869.28;522.14;sin dato;sin dato;2607.84;869.28;9;6
ORD-2025-00847;2023-07-20;2023-07-25;segunda clase;completado;2120;P0016;7;0.00;5455.10;2776.20;teléfonos pro 6;tecnología;teléfonos;orion;779.30;382.70;sin dato;sin dato;5455.10;779.30;7;5
ORD-2025-00848;2025-04-23;2025-04-24;mismo día;completado;2121;P0026;3;0.00;1432.02;297.57;computadores plus 6;tecnología;computadores;lumen;477.34;378.15;sin dato;sin dato;1432.02;477.34;4;1
ORD-2025-00849;2024-08-31;2024-09-03;estándar;completado;2122;P0104;5;0.00;3026.00;1063.50;etiquetas nova 4;oficina;etiquetas;altura;605.20;392.50;sin dato;sin dato;3026.00;605.20;8;3
ORD-2025-00850;2024-05-01;2024-05-07;mismo día;enviado;2123;P0076;8;0.20;734.34;273.47;almacenamiento eco 6;muebles;almacenamiento;patagonia;114.74;61.78;campaña ahorro 2;afiliados;587.47;91.79;5;6
ORD-2025-00851;2023-06-09;2023-06-15;estándar;completado;2124;P0013;5;0.30;1000.51;76.57;teléfonos nova 3;tecnología;teléfonos;lumen;285.86;173.76;sin dato;sin dato;700.36;200.10;6;6
ORD-2025-00851;2023-06-09;2023-06-15;estándar;completado;2125;P0112;6;0.00;2721.90;1364.64;sobres pro 2;oficina;sobres;orion;453.65;226.21;sin dato;sin dato;2721.90;453.65;6;6
ORD-2025-00851;2023-06-09;2023-06-15;estándar;completado;2126;P0027;8;0.15;269.82;125.49;computadores flex 7;tecnología;computadores;alerce;39.68;18.70;sin dato;sin dato;229.35;33.73;6;6
ORD-2025-00852;2023-01-24;2023-01-27;mismo día;completado;2127;P0061;3;0.30;1838.26;415.89;libreros plus 1;muebles;libreros;altura;875.36;463.75;sin dato;sin dato;1286.78;612.75;1;3
ORD-2025-00853;2024-04-24;2024-04-24;estándar;completado;2128;P0100;8;0.00;420.96;114.48;archivadores smart 10;oficina;archivadores;andes;52.62;38.31;sin dato;sin dato;420.96;52.62;4;0
ORD-2025-00854;2023-09-15;2023-09-18;segunda clase;completado;2129;P0108;4;0.00;1963.80;393.64;etiquetas flex 8;oficina;etiquetas;patagonia;490.95;392.54;sin dato;sin dato;1963.80;490.95;9;3
ORD-2025-00854;2023-09-15;2023-09-18;segunda clase;completado;2130;P0072;2;0.00;1377.96;521.76;almacenamiento nova 2;muebles;almacenamiento;patagonia;688.98;428.10;sin dato;sin dato;1377.96;688.98;9;3
ORD-2025-00854;2023-09-15;2023-09-18;segunda clase;completado;2131;P0071;1;0.15;755.24;62.59;almacenamiento flex 1;muebles;almacenamiento;patagonia;888.52;677.49;sin dato;sin dato;641.95;755.24;9;3
ORD-2025-00855;2023-02-02;2023-02-02;primera clase;completado;2132;P0028;7;0.00;3234.91;1549.17;computadores pro 8;tecnología;computadores;lumen;462.13;240.82;campaña cliente vip 5;display;3234.91;462.13;2;0
ORD-2025-00855;2023-02-02;2023-02-02;primera clase;completado;2133;P0051;1;0.20;75.90;16.51;mesas smart 1;muebles;mesas;orion;94.88;58.62;campaña cliente vip 5;display;60.72;75.90;2;0
ORD-2025-00856;2023-12-27;2024-01-02;mismo día;completado;2134;P0103;8;0.15;3662.48;1025.57;etiquetas nova 3;oficina;etiquetas;alerce;538.60;343.63;sin dato;sin dato;3113.11;457.81;12;6
ORD-2025-00856;2023-12-27;2024-01-02;mismo día;completado;2135;P0032;6;0.00;4341.54;1302.84;periféricos eco 2;tecnología;periféricos;vector;723.59;506.45;sin dato;sin dato;4341.54;723.59;12;6
ORD-2025-00856;2023-12-27;2024-01-02;mismo día;completado;2136;P0095;2;0.20;843.60;241.67;archivadores plus 5;oficina;archivadores;altura;527.25;284.32;sin dato;sin dato;674.88;421.80;12;6
ORD-2025-00856;2023-12-27;2024-01-02;mismo día;completado;2137;P0050;2;0.00;483.26;223.58;sillas nova 10;muebles;sillas;lumen;241.63;129.84;sin dato;sin dato;483.26;241.63;12;6
ORD-2025-00857;2023-07-22;2023-07-24;segunda clase;enviado;2138;P0090;2;0.05;1442.84;465.84;papelería plus 10;oficina;papelería;orion;759.39;487.32;campaña cliente vip 5;display;1370.70;721.42;7;2
ORD-2025-00857;2023-07-22;2023-07-24;segunda clase;enviado;2139;P0070;5;0.00;3833.45;1477.10;libreros eco 10;muebles;libreros;andes;766.69;471.27;campaña cliente vip 5;display;3833.45;766.69;7;2
ORD-2025-00858;2023-04-20;2023-04-25;primera clase;enviado;2140;P0006;3;0.00;2607.84;1041.42;accesorios nova 6;tecnología;accesorios;andes;869.28;522.14;campaña ahorro 2;afiliados;2607.84;869.28;4;5
ORD-2025-00858;2023-04-20;2023-04-25;primera clase;enviado;2141;P0049;8;0.15;1966.02;233.83;sillas smart 9;muebles;sillas;orion;289.12;211.95;campaña ahorro 2;afiliados;1671.12;245.75;4;5
ORD-2025-00859;2024-02-18;2024-02-23;primera clase;completado;2142;P0071;2;0.00;1777.04;422.06;almacenamiento flex 1;muebles;almacenamiento;patagonia;888.52;677.49;sin dato;sin dato;1777.04;888.52;2;5
ORD-2025-00859;2024-02-18;2024-02-23;primera clase;completado;2143;P0105;2;0.10;467.06;212.29;etiquetas pro 5;oficina;etiquetas;lumen;259.48;123.11;sin dato;sin dato;420.35;233.53;2;5
ORD-2025-00859;2024-02-18;2024-02-23;primera clase;completado;2144;P0034;3;0.30;881.33;53.18;periféricos flex 4;tecnología;periféricos;orion;419.68;275.77;sin dato;sin dato;616.93;293.78;2;5
ORD-2025-00860;2023-11-24;2023-11-27;estándar;completado;2145;P0116;8;0.30;4335.46;581.77;sobres flex 6;oficina;sobres;patagonia;774.19;485.05;campaña ahorro 6;afiliados;3034.82;541.93;11;3
ORD-2025-00861;2023-08-28;2023-09-01;primera clase;completado;2146;P0020;7;0.00;3460.73;1745.24;teléfonos flex 10;tecnología;teléfonos;lumen;494.39;245.07;campaña outlet 8;búsqueda;3460.73;494.39;8;4
ORD-2025-00861;2023-08-28;2023-09-01;primera clase;completado;2147;P0021;4;0.20;2542.08;898.75;computadores plus 1;tecnología;computadores;andes;794.40;441.41;campaña outlet 8;búsqueda;2033.66;635.52;8;4
ORD-2025-00861;2023-08-28;2023-09-01;primera clase;completado;2148;P0101;5;0.20;2314.84;326.68;etiquetas eco 1;oficina;etiquetas;nova;578.71;385.67;campaña outlet 8;búsqueda;1851.87;462.97;8;4
ORD-2025-00862;2024-03-08;2024-03-14;primera clase;completado;2149;P0014;1;0.30;54.65;21.46;teléfonos pro 4;tecnología;teléfonos;alerce;78.07;35.97;sin dato;sin dato;38.25;54.65;3;6
ORD-2025-00862;2024-03-08;2024-03-14;primera clase;completado;2150;P0016;6;0.20;3740.64;1330.16;teléfonos pro 6;tecnología;teléfonos;orion;779.30;382.70;sin dato;sin dato;2992.51;623.44;3;6
ORD-2025-00862;2024-03-08;2024-03-14;primera clase;completado;2151;P0069;4;0.30;1870.01;-62.95;libreros smart 9;muebles;libreros;patagonia;667.86;470.05;sin dato;sin dato;1309.01;467.50;3;6
ORD-2025-00862;2024-03-08;2024-03-14;primera clase;completado;2152;P0028;2;0.30;646.98;185.52;computadores pro 8;tecnología;computadores;lumen;462.13;240.82;sin dato;sin dato;452.89;323.49;3;6
ORD-2025-00863;2023-01-17;2023-01-23;estándar;completado;2153;P0065;6;0.30;1800.92;471.04;libreros pro 5;muebles;libreros;nova;428.79;212.81;campaña outlet 8;búsqueda;1260.64;300.15;1;6
ORD-2025-00863;2023-01-17;2023-01-23;estándar;completado;2154;P0007;3;0.00;939.27;508.53;accesorios nova 7;tecnología;accesorios;alerce;313.09;143.58;campaña outlet 8;búsqueda;939.27;313.09;1;6
ORD-2025-00863;2023-01-17;2023-01-23;estándar;completado;2155;P0088;7;0.00;4870.88;1910.93;papelería eco 8;oficina;papelería;patagonia;695.84;422.85;campaña outlet 8;búsqueda;4870.88;695.84;1;6
ORD-2025-00864;2024-06-12;2024-06-18;mismo día;completado;2156;P0002;8;0.20;64.38;15.84;accesorios smart 2;tecnología;accesorios;vector;10.06;5.92;campaña cliente vip 1;email;51.50;8.05;6;6
ORD-2025-00864;2024-06-12;2024-06-18;mismo día;completado;2157;P0062;2;0.05;884.79;405.60;libreros plus 2;muebles;libreros;vector;465.68;235.47;campaña cliente vip 1;email;840.55;442.40;6;6
ORD-2025-00865;2024-02-15;2024-02-18;segunda clase;completado;2158;P0093;8;0.00;4998.96;2667.20;archivadores flex 3;oficina;archivadores;vector;624.87;291.47;campaña activa 3;afiliados;4998.96;624.87;2;3
ORD-2025-00865;2024-02-15;2024-02-18;segunda clase;completado;2159;P0103;5;0.20;2154.40;416.58;etiquetas nova 3;oficina;etiquetas;alerce;538.60;343.63;campaña activa 3;afiliados;1723.52;430.88;2;3
ORD-2025-00865;2024-02-15;2024-02-18;segunda clase;completado;2160;P0023;1;0.15;674.36;265.94;computadores pro 3;tecnología;computadores;patagonia;793.37;395.09;campaña activa 3;afiliados;573.21;674.36;2;3
ORD-2025-00865;2024-02-15;2024-02-18;segunda clase;completado;2161;P0034;1;0.15;356.73;73.70;periféricos flex 4;tecnología;periféricos;orion;419.68;275.77;campaña activa 3;afiliados;303.22;356.73;2;3
ORD-2025-00866;2023-07-24;2023-07-28;primera clase;cancelado;2162;P0055;5;0.00;2895.55;1199.80;mesas plus 5;muebles;mesas;vector;579.11;339.15;sin dato;sin dato;2895.55;579.11;7;4
ORD-2025-00866;2023-07-24;2023-07-28;primera clase;cancelado;2163;P0053;8;0.00;2965.68;1056.00;mesas eco 3;muebles;mesas;alerce;370.71;238.71;sin dato;sin dato;2965.68;370.71;7;4
ORD-2025-00866;2023-07-24;2023-07-28;primera clase;cancelado;2164;P0064;6;0.15;767.60;91.79;libreros eco 4;muebles;libreros;andes;150.51;114.85;sin dato;sin dato;652.46;127.93;7;4
ORD-2025-00866;2023-07-24;2023-07-28;primera clase;cancelado;2165;P0109;2;0.00;1527.58;408.94;etiquetas smart 9;oficina;etiquetas;patagonia;763.79;559.32;sin dato;sin dato;1527.58;763.79;7;4
ORD-2025-00867;2023-07-05;2023-07-08;segunda clase;enviado;2166;P0024;1;0.00;807.35;404.48;computadores nova 4;tecnología;computadores;vector;807.35;402.87;campaña ahorro 7;afiliados;807.35;807.35;7;3
ORD-2025-00867;2023-07-05;2023-07-08;segunda clase;enviado;2167;P0062;2;0.00;931.36;460.42;libreros plus 2;muebles;libreros;vector;465.68;235.47;campaña ahorro 7;afiliados;931.36;465.68;7;3
ORD-2025-00868;2024-10-28;2024-10-31;estándar;devuelto;2168;P0008;5;0.00;1983.00;607.05;accesorios plus 8;tecnología;accesorios;andes;396.60;275.19;campaña ahorro 2;afiliados;1983.00;396.60;10;3
ORD-2025-00868;2024-10-28;2024-10-31;estándar;devuelto;2169;P0015;5;0.10;3143.25;518.15;teléfonos plus 5;tecnología;teléfonos;nova;698.50;515.60;campaña ahorro 2;afiliados;2828.93;628.65;10;3
ORD-2025-00869;2024-07-20;2024-07-21;mismo día;cancelado;2170;P0027;3;0.00;119.04;62.94;computadores flex 7;tecnología;computadores;alerce;39.68;18.70;sin dato;sin dato;119.04;39.68;7;1
ORD-2025-00870;2024-08-05;2024-08-11;primera clase;completado;2171;P0035;8;0.00;6117.68;1807.60;periféricos nova 5;tecnología;periféricos;orion;764.71;538.76;sin dato;sin dato;6117.68;764.71;8;6
ORD-2025-00870;2024-08-05;2024-08-11;primera clase;completado;2172;P0112;2;0.30;635.11;186.55;sobres pro 2;oficina;sobres;orion;453.65;226.21;sin dato;sin dato;444.58;317.56;8;6
ORD-2025-00870;2024-08-05;2024-08-11;primera clase;completado;2173;P0118;4;0.00;928.20;261.72;sobres nova 8;oficina;sobres;alerce;232.05;166.62;sin dato;sin dato;928.20;232.05;8;6
ORD-2025-00870;2024-08-05;2024-08-11;primera clase;completado;2174;P0058;1;0.15;199.81;16.48;mesas nova 8;muebles;mesas;andes;235.07;180.72;sin dato;sin dato;169.84;199.81;8;6
ORD-2025-00871;2024-08-20;2024-08-21;segunda clase;enviado;2175;P0049;4;0.00;1156.48;308.68;sillas smart 9;muebles;sillas;orion;289.12;211.95;campaña ahorro 7;afiliados;1156.48;289.12;8;1
ORD-2025-00871;2024-08-20;2024-08-21;segunda clase;enviado;2176;P0021;5;0.30;2780.40;605.17;computadores plus 1;tecnología;computadores;andes;794.40;441.41;campaña ahorro 7;afiliados;1946.28;556.08;8;1
ORD-2025-00871;2024-08-20;2024-08-21;segunda clase;enviado;2177;P0118;1;0.05;220.45;51.70;sobres nova 8;oficina;sobres;alerce;232.05;166.62;campaña ahorro 7;afiliados;209.43;220.45;8;1
ORD-2025-00872;2025-02-13;2025-02-15;primera clase;enviado;2178;P0095;4;0.00;2109.00;971.72;archivadores plus 5;oficina;archivadores;altura;527.25;284.32;campaña activa 3;afiliados;2109.00;527.25;2;2
ORD-2025-00872;2025-02-13;2025-02-15;primera clase;enviado;2179;P0098;8;0.00;1871.28;555.04;archivadores nova 8;oficina;archivadores;lumen;233.91;164.53;campaña activa 3;afiliados;1871.28;233.91;2;2
ORD-2025-00873;2024-08-09;2024-08-09;estándar;completado;2180;P0008;3;0.20;951.84;105.47;accesorios plus 8;tecnología;accesorios;andes;396.60;275.19;sin dato;sin dato;761.47;317.28;8;0
ORD-2025-00873;2024-08-09;2024-08-09;estándar;completado;2181;P0051;6;0.00;569.28;217.56;mesas smart 1;muebles;mesas;orion;94.88;58.62;sin dato;sin dato;569.28;94.88;8;0
ORD-2025-00873;2024-08-09;2024-08-09;estándar;completado;2182;P0071;5;0.15;3776.21;261.55;almacenamiento flex 1;muebles;almacenamiento;patagonia;888.52;677.49;sin dato;sin dato;3209.78;755.24;8;0
ORD-2025-00873;2024-08-09;2024-08-09;estándar;completado;2183;P0034;6;0.00;2518.08;863.46;periféricos flex 4;tecnología;periféricos;orion;419.68;275.77;sin dato;sin dato;2518.08;419.68;8;0
ORD-2025-00874;2024-07-13;2024-07-16;mismo día;completado;2184;P0109;1;0.00;763.79;204.47;etiquetas smart 9;oficina;etiquetas;patagonia;763.79;559.32;campaña cliente vip 1;email;763.79;763.79;7;3
ORD-2025-00874;2024-07-13;2024-07-16;mismo día;completado;2185;P0086;2;0.00;1292.26;546.42;papelería flex 6;oficina;papelería;andes;646.13;372.92;campaña cliente vip 1;email;1292.26;646.13;7;3
ORD-2025-00874;2024-07-13;2024-07-16;mismo día;completado;2186;P0024;2;0.15;1372.49;539.95;computadores nova 4;tecnología;computadores;vector;807.35;402.87;campaña cliente vip 1;email;1166.62;686.24;7;3
ORD-2025-00874;2024-07-13;2024-07-16;mismo día;completado;2187;P0113;4;0.00;2436.04;931.40;sobres smart 3;oficina;sobres;patagonia;609.01;376.16;campaña cliente vip 1;email;2436.04;609.01;7;3
ORD-2025-00875;2023-08-19;2023-08-20;segunda clase;completado;2188;P0023;1;0.00;793.37;398.28;computadores pro 3;tecnología;computadores;patagonia;793.37;395.09;sin dato;sin dato;793.37;793.37;8;1
ORD-2025-00875;2023-08-19;2023-08-20;segunda clase;completado;2189;P0006;3;0.15;2216.66;586.74;accesorios nova 6;tecnología;accesorios;andes;869.28;522.14;sin dato;sin dato;1884.16;738.89;8;1
ORD-2025-00876;2023-03-02;2023-03-02;primera clase;completado;2190;P0102;1;0.05;407.26;131.26;etiquetas pro 2;oficina;etiquetas;vector;428.69;272.95;sin dato;sin dato;386.90;407.26;3;0
ORD-2025-00876;2023-03-02;2023-03-02;primera clase;completado;2191;P0089;4;0.05;1334.26;399.85;papelería plus 9;oficina;papelería;vector;351.12;231.81;sin dato;sin dato;1267.55;333.56;3;0
ORD-2025-00876;2023-03-02;2023-03-02;primera clase;completado;2192;P0025;3;0.10;2062.02;470.98;computadores plus 5;tecnología;computadores;orion;763.71;519.66;sin dato;sin dato;1855.82;687.34;3;0
ORD-2025-00877;2024-08-29;2024-09-01;segunda clase;completado;2193;P0107;5;0.10;348.53;142.57;etiquetas pro 7;oficina;etiquetas;orion;77.45;42.46;campaña cliente vip 1;email;313.68;69.71;8;3
ORD-2025-00877;2024-08-29;2024-09-01;segunda clase;completado;2194;P0057;6;0.20;2475.89;569.65;mesas smart 7;muebles;mesas;patagonia;515.81;325.42;campaña cliente vip 1;email;1980.71;412.65;8;3
ORD-2025-00878;2023-05-01;2023-05-02;estándar;completado;2195;P0040;6;0.10;4006.85;1483.91;periféricos eco 10;tecnología;periféricos;andes;742.01;430.58;campaña outlet 8;búsqueda;3606.16;667.81;5;1
ORD-2025-00878;2023-05-01;2023-05-02;estándar;completado;2196;P0050;3;0.10;652.40;258.80;sillas nova 10;muebles;sillas;lumen;241.63;129.84;campaña outlet 8;búsqueda;587.16;217.47;5;1
ORD-2025-00878;2023-05-01;2023-05-02;estándar;completado;2197;P0116;8;0.15;5264.49;1338.71;sobres flex 6;oficina;sobres;patagonia;774.19;485.05;campaña outlet 8;búsqueda;4474.82;658.06;5;1
ORD-2025-00878;2023-05-01;2023-05-02;estándar;completado;2198;P0076;3;0.00;344.22;158.88;almacenamiento eco 6;muebles;almacenamiento;patagonia;114.74;61.78;campaña outlet 8;búsqueda;344.22;114.74;5;1
ORD-2025-00879;2023-04-13;2023-04-16;mismo día;completado;2199;P0061;6;0.00;5252.16;2469.66;libreros plus 1;muebles;libreros;altura;875.36;463.75;campaña ahorro 7;afiliados;5252.16;875.36;4;3
ORD-2025-00879;2023-04-13;2023-04-16;mismo día;completado;2200;P0033;7;0.00;6183.45;1336.09;periféricos nova 3;tecnología;periféricos;altura;883.35;692.48;campaña ahorro 7;afiliados;6183.45;883.35;4;3
ORD-2025-00879;2023-04-13;2023-04-16;mismo día;completado;2201;P0090;1;0.20;607.51;143.25;papelería plus 10;oficina;papelería;orion;759.39;487.32;campaña ahorro 7;afiliados;486.01;607.51;4;3
ORD-2025-00880;2023-01-05;2023-01-09;primera clase;completado;2202;P0035;1;0.05;726.47;192.82;periféricos nova 5;tecnología;periféricos;orion;764.71;538.76;sin dato;sin dato;690.15;726.47;1;4
ORD-2025-00880;2023-01-05;2023-01-09;primera clase;completado;2203;P0009;6;0.05;4917.85;2130.95;accesorios flex 9;tecnología;accesorios;patagonia;862.78;458.27;sin dato;sin dato;4671.96;819.64;1;4
ORD-2025-00881;2023-11-22;2023-11-22;estándar;completado;2204;P0086;1;0.30;452.29;80.53;papelería flex 6;oficina;papelería;andes;646.13;372.92;campaña activa 3;afiliados;316.60;452.29;11;0
ORD-2025-00881;2023-11-22;2023-11-22;estándar;completado;2205;P0082;3;0.10;1595.32;792.40;papelería eco 2;oficina;papelería;orion;590.86;268.44;campaña activa 3;afiliados;1435.79;531.77;11;0
ORD-2025-00882;2024-12-10;2024-12-15;estándar;completado;2206;P0091;5;0.15;2189.98;398.00;archivadores flex 1;oficina;archivadores;alerce;515.29;352.20;campaña activa 3;afiliados;1861.48;438.00;12;5
ORD-2025-00882;2024-12-10;2024-12-15;estándar;completado;2207;P0076;3;0.00;344.22;158.88;almacenamiento eco 6;muebles;almacenamiento;patagonia;114.74;61.78;campaña activa 3;afiliados;344.22;114.74;12;5
ORD-2025-00883;2023-02-12;2023-02-15;segunda clase;completado;2208;P0097;3;0.20;640.90;23.26;archivadores smart 7;oficina;archivadores;altura;267.04;208.99;sin dato;sin dato;512.72;213.63;2;3
ORD-2025-00883;2023-02-12;2023-02-15;segunda clase;completado;2209;P0112;1;0.00;453.65;227.44;sobres pro 2;oficina;sobres;orion;453.65;226.21;sin dato;sin dato;453.65;453.65;2;3
ORD-2025-00884;2023-10-09;2023-10-09;primera clase;completado;2210;P0107;3;0.15;197.50;67.34;etiquetas pro 7;oficina;etiquetas;orion;77.45;42.46;sin dato;sin dato;167.88;65.83;10;0
ORD-2025-00884;2023-10-09;2023-10-09;primera clase;completado;2211;P0018;7;0.00;4803.96;1505.14;teléfonos flex 8;tecnología;teléfonos;patagonia;686.28;471.26;sin dato;sin dato;4803.96;686.28;10;0
ORD-2025-00885;2024-05-08;2024-05-09;primera clase;enviado;2212;P0111;6;0.15;2625.79;906.24;sobres flex 1;oficina;sobres;lumen;514.86;299.56;sin dato;sin dato;2231.92;437.63;5;1
ORD-2025-00885;2024-05-08;2024-05-09;primera clase;enviado;2213;P0022;3;0.00;1293.66;651.42;computadores pro 2;tecnología;computadores;altura;431.22;214.08;sin dato;sin dato;1293.66;431.22;5;1
ORD-2025-00886;2025-02-12;2025-02-12;mismo día;completado;2214;P0058;3;0.20;564.17;39.57;mesas nova 8;muebles;mesas;andes;235.07;180.72;sin dato;sin dato;451.34;188.06;2;0
ORD-2025-00886;2025-02-12;2025-02-12;mismo día;completado;2215;P0113;3;0.00;1827.03;698.55;sobres smart 3;oficina;sobres;patagonia;609.01;376.16;sin dato;sin dato;1827.03;609.01;2;0
ORD-2025-00886;2025-02-12;2025-02-12;mismo día;completado;2216;P0102;3;0.05;1221.77;392.06;etiquetas pro 2;oficina;etiquetas;vector;428.69;272.95;sin dato;sin dato;1160.68;407.26;2;0
ORD-2025-00887;2024-08-06;2024-08-10;mismo día;enviado;2217;P0107;8;0.00;619.60;279.92;etiquetas pro 7;oficina;etiquetas;orion;77.45;42.46;campaña cliente vip 1;email;619.60;77.45;8;4
ORD-2025-00887;2024-08-06;2024-08-10;mismo día;enviado;2218;P0001;5;0.15;1894.82;798.45;accesorios flex 1;tecnología;accesorios;alerce;445.84;210.50;campaña cliente vip 1;email;1610.60;378.96;8;4
ORD-2025-00888;2024-01-05;2024-01-08;primera clase;completado;2219;P0003;4;0.00;3473.04;732.64;accesorios plus 3;tecnología;accesorios;altura;868.26;685.10;campaña ahorro 2;afiliados;3473.04;868.26;1;3
ORD-2025-00889;2023-08-13;2023-08-14;segunda clase;completado;2220;P0039;8;0.00;1896.88;385.60;periféricos nova 9;tecnología;periféricos;vector;237.11;188.91;campaña activa 4;afiliados;1896.88;237.11;8;1
ORD-2025-00889;2023-08-13;2023-08-14;segunda clase;completado;2221;P0049;1;0.00;289.12;77.17;sillas smart 9;muebles;sillas;orion;289.12;211.95;campaña activa 4;afiliados;289.12;289.12;8;1
ORD-2025-00890;2023-05-28;2023-05-31;mismo día;completado;2222;P0015;7;0.00;4889.50;1280.30;teléfonos plus 5;tecnología;teléfonos;nova;698.50;515.60;sin dato;sin dato;4889.50;698.50;5;3
ORD-2025-00890;2023-05-28;2023-05-31;mismo día;completado;2223;P0112;3;0.20;1088.76;433.93;sobres pro 2;oficina;sobres;orion;453.65;226.21;sin dato;sin dato;871.01;362.92;5;3
ORD-2025-00890;2023-05-28;2023-05-31;mismo día;completado;2224;P0002;1;0.15;8.55;2.80;accesorios smart 2;tecnología;accesorios;vector;10.06;5.92;sin dato;sin dato;7.27;8.55;5;3
ORD-2025-00890;2023-05-28;2023-05-31;mismo día;completado;2225;P0026;5;0.20;1909.36;96.87;computadores plus 6;tecnología;computadores;lumen;477.34;378.15;sin dato;sin dato;1527.49;381.87;5;3
ORD-2025-00891;2023-08-17;2023-08-22;estándar;enviado;2226;P0037;2;0.20;462.37;156.53;periféricos nova 7;tecnología;periféricos;orion;288.98;157.55;campaña activa 4;afiliados;369.90;231.18;8;5
ORD-2025-00891;2023-08-17;2023-08-22;estándar;enviado;2227;P0092;2;0.20;986.11;383.15;archivadores nova 2;oficina;archivadores;alerce;616.32;308.93;campaña activa 4;afiliados;788.89;493.06;8;5
ORD-2025-00891;2023-08-17;2023-08-22;estándar;enviado;2228;P0015;4;0.30;1955.80;1.13;teléfonos plus 5;tecnología;teléfonos;nova;698.50;515.60;campaña activa 4;afiliados;1369.06;488.95;8;5
ORD-2025-00892;2024-06-19;2024-06-21;estándar;completado;2229;P0102;5;0.10;1929.10;591.79;etiquetas pro 2;oficina;etiquetas;vector;428.69;272.95;sin dato;sin dato;1736.19;385.82;6;2
ORD-2025-00892;2024-06-19;2024-06-21;estándar;completado;2230;P0105;5;0.20;1037.92;390.31;etiquetas pro 5;oficina;etiquetas;lumen;259.48;123.11;sin dato;sin dato;830.34;207.58;6;2
ORD-2025-00893;2023-12-15;2023-12-15;estándar;completado;2231;P0080;4;0.00;3164.44;1637.48;almacenamiento plus 10;muebles;almacenamiento;patagonia;791.11;381.74;sin dato;sin dato;3164.44;791.11;12;0
ORD-2025-00893;2023-12-15;2023-12-15;estándar;completado;2232;P0006;3;0.10;2347.06;774.34;accesorios nova 6;tecnología;accesorios;andes;869.28;522.14;sin dato;sin dato;2112.35;782.35;12;0
ORD-2025-00893;2023-12-15;2023-12-15;estándar;completado;2233;P0040;5;0.10;3339.05;1248.80;periféricos eco 10;tecnología;periféricos;andes;742.01;430.58;sin dato;sin dato;3005.15;667.81;12;0
ORD-2025-00893;2023-12-15;2023-12-15;estándar;completado;2234;P0022;4;0.10;1552.39;706.74;computadores pro 2;tecnología;computadores;altura;431.22;214.08;sin dato;sin dato;1397.15;388.10;12;0
ORD-2025-00894;2024-05-28;2024-06-03;estándar;completado;2235;P0112;5;0.15;1928.01;763.57;sobres pro 2;oficina;sobres;orion;453.65;226.21;campaña cliente vip 5;display;1638.81;385.60;5;6
ORD-2025-00894;2024-05-28;2024-06-03;estándar;completado;2236;P0108;3;0.20;1178.28;-6.34;etiquetas flex 8;oficina;etiquetas;patagonia;490.95;392.54;campaña cliente vip 5;display;942.62;392.76;5;6
ORD-2025-00894;2024-05-28;2024-06-03;estándar;completado;2237;P0036;8;0.00;7017.60;3651.12;periféricos nova 6;tecnología;periféricos;patagonia;877.20;420.81;campaña cliente vip 5;display;7017.60;877.20;5;6
ORD-2025-00895;2023-03-06;2023-03-11;segunda clase;completado;2238;P0081;6;0.30;3445.93;256.16;papelería smart 1;oficina;papelería;altura;820.46;507.81;campaña cliente vip 1;email;2412.15;574.32;3;5
ORD-2025-00895;2023-03-06;2023-03-11;segunda clase;completado;2239;P0023;2;0.20;1269.39;450.51;computadores pro 3;tecnología;computadores;patagonia;793.37;395.09;campaña cliente vip 1;email;1015.51;634.70;3;5
ORD-2025-00895;2023-03-06;2023-03-11;segunda clase;completado;2240;P0042;1;0.00;556.81;180.10;sillas flex 2;muebles;sillas;vector;556.81;376.71;campaña cliente vip 1;email;556.81;556.81;3;5
ORD-2025-00896;2024-06-30;2024-06-30;mismo día;completado;2241;P0095;2;0.10;949.05;392.13;archivadores plus 5;oficina;archivadores;altura;527.25;284.32;campaña ahorro 7;afiliados;854.14;474.52;6;0
ORD-2025-00896;2024-06-30;2024-06-30;mismo día;completado;2242;P0036;4;0.30;2456.16;961.88;periféricos nova 6;tecnología;periféricos;patagonia;877.20;420.81;campaña ahorro 7;afiliados;1719.31;614.04;6;0
ORD-2025-00896;2024-06-30;2024-06-30;mismo día;completado;2243;P0011;8;0.15;3751.76;758.49;teléfonos plus 1;tecnología;teléfonos;lumen;551.73;361.63;campaña ahorro 7;afiliados;3189.00;468.97;6;0
ORD-2025-00896;2024-06-30;2024-06-30;mismo día;completado;2244;P0115;7;0.30;646.16;83.39;sobres pro 5;oficina;sobres;alerce;131.87;86.23;campaña ahorro 7;afiliados;452.31;92.31;6;0
ORD-2025-00897;2024-02-18;2024-02-22;estándar;cancelado;2245;P0113;2;0.15;1035.32;259.87;sobres smart 3;oficina;sobres;patagonia;609.01;376.16;sin dato;sin dato;880.02;517.66;2;4
ORD-2025-00897;2024-02-18;2024-02-22;estándar;cancelado;2246;P0008;3;0.30;832.86;10.81;accesorios plus 8;tecnología;accesorios;andes;396.60;275.19;sin dato;sin dato;583.00;277.62;2;4
ORD-2025-00897;2024-02-18;2024-02-22;estándar;cancelado;2247;P0074;2;0.00;825.02;303.52;almacenamiento smart 4;muebles;almacenamiento;lumen;412.51;260.75;sin dato;sin dato;825.02;412.51;2;4
ORD-2025-00898;2023-02-11;2023-02-16;mismo día;enviado;2248;P0031;6;0.20;1116.38;409.91;periféricos smart 1;tecnología;periféricos;andes;232.58;113.04;sin dato;sin dato;893.10;186.06;2;5
ORD-2025-00898;2023-02-11;2023-02-16;mismo día;enviado;2249;P0005;6;0.00;5350.02;2045.16;accesorios flex 5;tecnología;accesorios;vector;891.67;550.81;sin dato;sin dato;5350.02;891.67;2;5
ORD-2025-00898;2023-02-11;2023-02-16;mismo día;enviado;2250;P0057;5;0.20;2063.24;417.13;mesas smart 7;muebles;mesas;patagonia;515.81;325.42;sin dato;sin dato;1650.59;412.65;2;5
ORD-2025-00899;2023-01-28;2023-01-31;segunda clase;completado;2251;P0061;2;0.00;1750.72;823.22;libreros plus 1;muebles;libreros;altura;875.36;463.75;sin dato;sin dato;1750.72;875.36;1;3
ORD-2025-00899;2023-01-28;2023-01-31;segunda clase;completado;2252;P0054;7;0.30;404.35;-50.67;mesas eco 4;muebles;mesas;altura;82.52;60.93;sin dato;sin dato;283.05;57.76;1;3
ORD-2025-00899;2023-01-28;2023-01-31;segunda clase;completado;2253;P0100;2;0.00;105.24;28.62;archivadores smart 10;oficina;archivadores;andes;52.62;38.31;sin dato;sin dato;105.24;52.62;1;3
ORD-2025-00899;2023-01-28;2023-01-31;segunda clase;completado;2254;P0066;7;0.15;2141.11;959.98;libreros smart 6;muebles;libreros;lumen;359.85;174.82;sin dato;sin dato;1819.94;305.87;1;3
ORD-2025-00900;2024-02-01;2024-02-04;segunda clase;completado;2255;P0090;8;0.20;4860.10;1192.84;papelería plus 10;oficina;papelería;orion;759.39;487.32;sin dato;sin dato;3888.08;607.51;2;3
ORD-2025-00900;2024-02-01;2024-02-04;segunda clase;completado;2256;P0103;6;0.00;3231.60;1169.82;etiquetas nova 3;oficina;etiquetas;alerce;538.60;343.63;sin dato;sin dato;3231.60;538.60;2;3
ORD-2025-00901;2023-05-22;2023-05-23;estándar;completado;2257;P0098;2;0.20;374.26;38.35;archivadores nova 8;oficina;archivadores;lumen;233.91;164.53;sin dato;sin dato;299.41;187.13;5;1
ORD-2025-00901;2023-05-22;2023-05-23;estándar;completado;2258;P0004;7;0.20;157.47;23.43;accesorios eco 4;tecnología;accesorios;orion;28.12;19.81;sin dato;sin dato;125.98;22.50;5;1
ORD-2025-00901;2023-05-22;2023-05-23;estándar;completado;2259;P0009;7;0.00;6039.46;2831.57;accesorios flex 9;tecnología;accesorios;patagonia;862.78;458.27;sin dato;sin dato;6039.46;862.78;5;1
ORD-2025-00901;2023-05-22;2023-05-23;estándar;completado;2260;P0061;4;0.00;3501.44;1646.44;libreros plus 1;muebles;libreros;altura;875.36;463.75;sin dato;sin dato;3501.44;875.36;5;1
ORD-2025-00902;2025-04-15;2025-04-19;segunda clase;completado;2261;P0114;4;0.05;205.58;88.78;sobres pro 4;oficina;sobres;vector;54.10;29.24;sin dato;sin dato;195.30;51.40;4;4
ORD-2025-00902;2025-04-15;2025-04-19;segunda clase;completado;2262;P0095;1;0.20;421.80;123.88;archivadores plus 5;oficina;archivadores;altura;527.25;284.32;sin dato;sin dato;337.44;421.80;4;4
ORD-2025-00902;2025-04-15;2025-04-19;segunda clase;completado;2263;P0079;5;0.00;244.35;64.85;almacenamiento nova 9;muebles;almacenamiento;alerce;48.87;35.90;sin dato;sin dato;244.35;48.87;4;4
ORD-2025-00903;2023-01-31;2023-02-01;segunda clase;completado;2264;P0042;5;0.00;2784.05;900.50;sillas flex 2;muebles;sillas;vector;556.81;376.71;sin dato;sin dato;2784.05;556.81;1;1
ORD-2025-00903;2023-01-31;2023-02-01;segunda clase;completado;2265;P0100;7;0.30;257.84;10.58;archivadores smart 10;oficina;archivadores;andes;52.62;38.31;sin dato;sin dato;180.49;36.83;1;1
ORD-2025-00904;2023-03-07;2023-03-11;primera clase;completado;2266;P0035;4;0.10;2752.96;578.50;periféricos nova 5;tecnología;periféricos;orion;764.71;538.76;campaña outlet 8;búsqueda;2477.66;688.24;3;4
ORD-2025-00904;2023-03-07;2023-03-11;primera clase;completado;2267;P0104;1;0.00;605.20;212.70;etiquetas nova 4;oficina;etiquetas;altura;605.20;392.50;campaña outlet 8;búsqueda;605.20;605.20;3;4
ORD-2025-00905;2025-01-12;2025-01-16;estándar;completado;2268;P0083;5;0.05;251.23;71.74;papelería pro 3;oficina;papelería;altura;52.89;35.71;campaña outlet 8;búsqueda;238.67;50.25;1;4
ORD-2025-00905;2025-01-12;2025-01-16;estándar;completado;2269;P0114;1;0.00;54.10;24.86;sobres pro 4;oficina;sobres;vector;54.10;29.24;campaña outlet 8;búsqueda;54.10;54.10;1;4
ORD-2025-00905;2025-01-12;2025-01-16;estándar;completado;2270;P0113;3;0.00;1827.03;698.55;sobres smart 3;oficina;sobres;patagonia;609.01;376.16;campaña outlet 8;búsqueda;1827.03;609.01;1;4
ORD-2025-00905;2025-01-12;2025-01-16;estándar;completado;2271;P0058;1;0.00;235.07;54.35;mesas nova 8;muebles;mesas;andes;235.07;180.72;campaña outlet 8;búsqueda;235.07;235.07;1;4
ORD-2025-00906;2024-10-07;2024-10-09;estándar;completado;2272;P0059;3;0.20;331.39;74.42;mesas smart 9;muebles;mesas;andes;138.08;89.52;campaña cliente vip 1;email;265.11;110.46;10;2
ORD-2025-00907;2024-07-17;2024-07-18;primera clase;enviado;2273;P0097;1;0.00;267.04;58.05;archivadores smart 7;oficina;archivadores;altura;267.04;208.99;sin dato;sin dato;267.04;267.04;7;1
ORD-2025-00907;2024-07-17;2024-07-18;primera clase;enviado;2274;P0073;3;0.30;367.00;-1.39;almacenamiento eco 3;muebles;almacenamiento;orion;174.76;120.04;sin dato;sin dato;256.90;122.33;7;1
ORD-2025-00907;2024-07-17;2024-07-18;primera clase;enviado;2275;P0010;7;0.00;4746.56;1267.07;accesorios nova 10;tecnología;accesorios;andes;678.08;497.07;sin dato;sin dato;4746.56;678.08;7;1
ORD-2025-00908;2023-04-23;2023-04-24;segunda clase;completado;2276;P0068;3;0.00;1915.29;669.93;libreros pro 8;muebles;libreros;lumen;638.43;415.12;sin dato;sin dato;1915.29;638.43;4;1
ORD-2025-00909;2023-02-28;2023-03-05;mismo día;completado;2277;P0036;5;0.05;4166.70;2077.91;periféricos nova 6;tecnología;periféricos;patagonia;877.20;420.81;sin dato;sin dato;3958.36;833.34;2;5
ORD-2025-00909;2023-02-28;2023-03-05;mismo día;completado;2278;P0081;3;0.10;2215.24;708.15;papelería smart 1;oficina;papelería;altura;820.46;507.81;sin dato;sin dato;1993.72;738.41;2;5
ORD-2025-00909;2023-02-28;2023-03-05;mismo día;completado;2279;P0116;1;0.00;774.19;289.14;sobres flex 6;oficina;sobres;patagonia;774.19;485.05;sin dato;sin dato;774.19;774.19;2;5
ORD-2025-00910;2023-11-02;2023-11-03;mismo día;completado;2280;P0075;2;0.00;1064.72;522.62;almacenamiento plus 5;muebles;almacenamiento;nova;532.36;271.05;sin dato;sin dato;1064.72;532.36;11;1
ORD-2025-00911;2023-09-12;2023-09-12;mismo día;completado;2281;P0032;7;0.30;3545.59;303.88;periféricos eco 2;tecnología;periféricos;vector;723.59;506.45;campaña cliente vip 5;display;2481.91;506.51;9;0
ORD-2025-00912;2024-01-20;2024-01-22;primera clase;completado;2282;P0033;2;0.30;1236.69;-209.70;periféricos nova 3;tecnología;periféricos;altura;883.35;692.48;campaña cliente vip 5;display;865.68;618.34;1;2
ORD-2025-00912;2024-01-20;2024-01-22;primera clase;completado;2283;P0087;1;0.05;703.35;172.25;papelería flex 7;oficina;papelería;andes;740.37;525.57;campaña cliente vip 5;display;668.18;703.35;1;2
ORD-2025-00912;2024-01-20;2024-01-22;primera clase;completado;2284;P0108;3;0.00;1472.85;295.23;etiquetas flex 8;oficina;etiquetas;patagonia;490.95;392.54;campaña cliente vip 5;display;1472.85;490.95;1;2
ORD-2025-00912;2024-01-20;2024-01-22;primera clase;completado;2285;P0064;4;0.15;511.73;60.41;libreros eco 4;muebles;libreros;andes;150.51;114.85;campaña cliente vip 5;display;434.97;127.93;1;2
ORD-2025-00913;2023-06-05;2023-06-06;estándar;completado;2286;P0104;8;0.20;3873.28;817.06;etiquetas nova 4;oficina;etiquetas;altura;605.20;392.50;sin dato;sin dato;3098.62;484.16;6;1
ORD-2025-00913;2023-06-05;2023-06-06;estándar;completado;2287;P0017;6;0.10;1381.59;397.20;teléfonos plus 7;tecnología;teléfonos;alerce;255.85;163.38;sin dato;sin dato;1243.43;230.26;6;1
ORD-2025-00913;2023-06-05;2023-06-06;estándar;completado;2288;P0117;3;0.00;2236.38;527.91;sobres eco 7;oficina;sobres;vector;745.46;569.49;sin dato;sin dato;2236.38;745.46;6;1
ORD-2025-00913;2023-06-05;2023-06-06;estándar;completado;2289;P0024;7;0.00;5651.45;2831.36;computadores nova 4;tecnología;computadores;vector;807.35;402.87;sin dato;sin dato;5651.45;807.35;6;1
ORD-2025-00914;2024-09-26;2024-09-27;mismo día;completado;2290;P0023;4;0.15;2697.46;1140.53;computadores pro 3;tecnología;computadores;patagonia;793.37;395.09;campaña ahorro 7;afiliados;2292.84;674.36;9;1
ORD-2025-00914;2024-09-26;2024-09-27;mismo día;completado;2291;P0076;4;0.05;436.01;190.54;almacenamiento eco 6;muebles;almacenamiento;patagonia;114.74;61.78;campaña ahorro 7;afiliados;414.21;109.00;9;1
ORD-2025-00914;2024-09-26;2024-09-27;mismo día;completado;2292;P0111;7;0.30;2522.81;335.02;sobres flex 1;oficina;sobres;lumen;514.86;299.56;campaña ahorro 7;afiliados;1765.97;360.40;9;1
ORD-2025-00914;2024-09-26;2024-09-27;mismo día;completado;2293;P0079;3;0.15;124.62;13.26;almacenamiento nova 9;muebles;almacenamiento;alerce;48.87;35.90;campaña ahorro 7;afiliados;105.93;41.54;9;1
ORD-2025-00915;2023-11-05;2023-11-05;primera clase;completado;2294;P0013;6;0.05;1629.40;583.30;teléfonos nova 3;tecnología;teléfonos;lumen;285.86;173.76;campaña activa 3;afiliados;1547.93;271.57;11;0
ORD-2025-00915;2023-11-05;2023-11-05;primera clase;completado;2295;P0098;2;0.00;467.82;138.76;archivadores nova 8;oficina;archivadores;lumen;233.91;164.53;campaña activa 3;afiliados;467.82;233.91;11;0
ORD-2025-00916;2023-01-31;2023-01-31;estándar;completado;2296;P0120;7;0.00;4943.89;1884.33;sobres plus 10;oficina;sobres;altura;706.27;437.08;sin dato;sin dato;4943.89;706.27;1;0
ORD-2025-00916;2023-01-31;2023-01-31;estándar;completado;2297;P0102;5;0.05;2036.28;656.40;etiquetas pro 2;oficina;etiquetas;vector;428.69;272.95;sin dato;sin dato;1934.47;407.26;1;0
ORD-2025-00916;2023-01-31;2023-01-31;estándar;completado;2298;P0094;2;0.05;342.08;90.11;archivadores pro 4;oficina;archivadores;alerce;180.04;126.70;sin dato;sin dato;324.98;171.04;1;0
ORD-2025-00916;2023-01-31;2023-01-31;estándar;completado;2299;P0027;8;0.15;269.82;126.85;computadores flex 7;tecnología;computadores;alerce;39.68;18.70;sin dato;sin dato;229.35;33.73;1;0
ORD-2025-00917;2023-02-03;2023-02-07;primera clase;completado;2300;P0039;3;0.00;711.33;144.60;periféricos nova 9;tecnología;periféricos;vector;237.11;188.91;sin dato;sin dato;711.33;237.11;2;4
ORD-2025-00917;2023-02-03;2023-02-07;primera clase;completado;2301;P0043;3;0.00;2113.80;896.91;sillas smart 3;muebles;sillas;altura;704.60;405.63;sin dato;sin dato;2113.80;704.60;2;4
ORD-2025-00917;2023-02-03;2023-02-07;primera clase;completado;2302;P0044;4;0.00;2914.20;1121.72;sillas plus 4;muebles;sillas;orion;728.55;448.12;sin dato;sin dato;2914.20;728.55;2;4
ORD-2025-00917;2023-02-03;2023-02-07;primera clase;completado;2303;P0055;7;0.00;4053.77;1679.72;mesas plus 5;muebles;mesas;vector;579.11;339.15;sin dato;sin dato;4053.77;579.11;2;4
ORD-2025-00918;2024-09-27;2024-09-30;primera clase;completado;2304;P0113;1;0.00;609.01;232.85;sobres smart 3;oficina;sobres;patagonia;609.01;376.16;campaña cliente vip 1;email;609.01;609.01;9;3
ORD-2025-00918;2024-09-27;2024-09-30;primera clase;completado;2305;P0032;1;0.30;506.51;-9.98;periféricos eco 2;tecnología;periféricos;vector;723.59;506.45;campaña cliente vip 1;email;354.56;506.51;9;3
ORD-2025-00919;2024-06-22;2024-06-25;segunda clase;devuelto;2306;P0109;1;0.10;687.41;135.79;etiquetas smart 9;oficina;etiquetas;patagonia;763.79;559.32;sin dato;sin dato;618.67;687.41;6;3
ORD-2025-00919;2024-06-22;2024-06-25;segunda clase;devuelto;2307;P0063;5;0.00;1247.40;326.55;libreros smart 3;muebles;libreros;vector;249.48;184.17;sin dato;sin dato;1247.40;249.48;6;3
ORD-2025-00919;2024-06-22;2024-06-25;segunda clase;devuelto;2308;P0029;2;0.05;534.13;135.37;computadores eco 9;tecnología;computadores;patagonia;281.12;199.48;sin dato;sin dato;507.42;267.06;6;3
ORD-2025-00920;2023-04-10;2023-04-10;segunda clase;completado;2309;P0045;1;0.05;508.15;117.38;sillas eco 5;muebles;sillas;lumen;534.90;391.64;campaña outlet 8;búsqueda;482.74;508.15;4;0
ORD-2025-00920;2023-04-10;2023-04-10;segunda clase;completado;2310;P0006;3;0.15;2216.66;598.09;accesorios nova 6;tecnología;accesorios;andes;869.28;522.14;campaña outlet 8;búsqueda;1884.16;738.89;4;0
ORD-2025-00920;2023-04-10;2023-04-10;segunda clase;completado;2311;P0076;4;0.30;321.27;91.04;almacenamiento eco 6;muebles;almacenamiento;patagonia;114.74;61.78;campaña outlet 8;búsqueda;224.89;80.32;4;0
ORD-2025-00920;2023-04-10;2023-04-10;segunda clase;completado;2312;P0025;5;0.00;3818.55;1220.25;computadores plus 5;tecnología;computadores;orion;763.71;519.66;campaña outlet 8;búsqueda;3818.55;763.71;4;0
ORD-2025-00921;2024-04-04;2024-04-06;primera clase;completado;2313;P0004;8;0.20;179.97;14.90;accesorios eco 4;tecnología;accesorios;orion;28.12;19.81;sin dato;sin dato;143.98;22.50;4;2
ORD-2025-00921;2024-04-04;2024-04-06;primera clase;completado;2314;P0041;2;0.00;309.04;107.90;sillas eco 1;muebles;sillas;vector;154.52;100.57;sin dato;sin dato;309.04;154.52;4;2
ORD-2025-00921;2024-04-04;2024-04-06;primera clase;completado;2315;P0053;6;0.00;2224.26;792.00;mesas eco 3;muebles;mesas;alerce;370.71;238.71;sin dato;sin dato;2224.26;370.71;4;2
ORD-2025-00921;2024-04-04;2024-04-06;primera clase;completado;2316;P0101;8;0.00;4629.68;1544.32;etiquetas eco 1;oficina;etiquetas;nova;578.71;385.67;sin dato;sin dato;4629.68;578.71;4;2
ORD-2025-00922;2024-05-09;2024-05-14;primera clase;enviado;2317;P0046;7;0.05;564.39;243.08;sillas pro 6;muebles;sillas;nova;84.87;45.10;campaña activa 3;afiliados;536.17;80.63;5;5
ORD-2025-00922;2024-05-09;2024-05-14;primera clase;enviado;2318;P0078;2;0.15;510.37;239.27;almacenamiento eco 8;muebles;almacenamiento;andes;300.22;135.39;campaña activa 3;afiliados;433.81;255.18;5;5
ORD-2025-00922;2024-05-09;2024-05-14;primera clase;enviado;2319;P0045;2;0.00;1069.80;286.52;sillas eco 5;muebles;sillas;lumen;534.90;391.64;campaña activa 3;afiliados;1069.80;534.90;5;5
ORD-2025-00923;2023-10-05;2023-10-10;primera clase;completado;2320;P0118;7;0.00;1624.35;458.01;sobres nova 8;oficina;sobres;alerce;232.05;166.62;sin dato;sin dato;1624.35;232.05;10;5
ORD-2025-00924;2023-02-21;2023-02-23;estándar;enviado;2321;P0041;5;0.00;772.60;269.75;sillas eco 1;muebles;sillas;vector;154.52;100.57;campaña activa 4;afiliados;772.60;154.52;2;2
ORD-2025-00924;2023-02-21;2023-02-23;estándar;enviado;2322;P0098;4;0.00;935.64;277.52;archivadores nova 8;oficina;archivadores;lumen;233.91;164.53;campaña activa 4;afiliados;935.64;233.91;2;2
ORD-2025-00924;2023-02-21;2023-02-23;estándar;enviado;2323;P0088;4;0.20;2226.69;558.97;papelería eco 8;oficina;papelería;patagonia;695.84;422.85;campaña activa 4;afiliados;1781.35;556.67;2;2
ORD-2025-00925;2023-09-02;2023-09-06;primera clase;completado;2324;P0085;8;0.00;5952.08;1624.16;papelería smart 5;oficina;papelería;alerce;744.01;540.99;campaña ahorro 7;afiliados;5952.08;744.01;9;4
ORD-2025-00926;2024-09-14;2024-09-19;mismo día;completado;2325;P0111;4;0.05;1956.47;764.71;sobres flex 1;oficina;sobres;lumen;514.86;299.56;campaña ahorro 7;afiliados;1858.65;489.12;9;5
ORD-2025-00926;2024-09-14;2024-09-19;mismo día;completado;2326;P0017;4;0.00;1023.40;369.88;teléfonos plus 7;tecnología;teléfonos;alerce;255.85;163.38;campaña ahorro 7;afiliados;1023.40;255.85;9;5
ORD-2025-00927;2023-09-27;2023-10-03;mismo día;enviado;2327;P0065;8;0.00;3430.32;1727.84;libreros pro 5;muebles;libreros;nova;428.79;212.81;campaña cliente vip 1;email;3430.32;428.79;9;6
ORD-2025-00928;2024-09-05;2024-09-10;primera clase;completado;2328;P0011;2;0.05;1048.29;321.04;teléfonos plus 1;tecnología;teléfonos;lumen;551.73;361.63;sin dato;sin dato;995.88;524.14;9;5
ORD-2025-00928;2024-09-05;2024-09-10;primera clase;completado;2329;P0104;7;0.20;3389.12;777.10;etiquetas nova 4;oficina;etiquetas;altura;605.20;392.50;sin dato;sin dato;2711.30;484.16;9;5
ORD-2025-00929;2023-10-10;2023-10-14;mismo día;completado;2330;P0085;2;0.00;1488.02;406.04;papelería smart 5;oficina;papelería;alerce;744.01;540.99;campaña cliente vip 1;email;1488.02;744.01;10;4
ORD-2025-00929;2023-10-10;2023-10-14;mismo día;completado;2331;P0005;5;0.30;3120.84;206.98;accesorios flex 5;tecnología;accesorios;vector;891.67;550.81;campaña cliente vip 1;email;2184.59;624.17;10;4
ORD-2025-00930;2023-01-19;2023-01-21;mismo día;completado;2332;P0047;5;0.10;3140.24;539.14;sillas plus 7;muebles;sillas;andes;697.83;520.77;campaña outlet 8;búsqueda;2826.22;628.05;1;2
ORD-2025-00930;2023-01-19;2023-01-21;mismo día;completado;2333;P0111;3;0.05;1467.35;581.65;sobres flex 1;oficina;sobres;lumen;514.86;299.56;campaña outlet 8;búsqueda;1393.98;489.12;1;2
ORD-2025-00930;2023-01-19;2023-01-21;mismo día;completado;2334;P0038;7;0.00;2862.44;1110.13;periféricos nova 8;tecnología;periféricos;andes;408.92;250.33;campaña outlet 8;búsqueda;2862.44;408.92;1;2
ORD-2025-00931;2024-08-13;2024-08-15;mismo día;enviado;2335;P0024;4;0.15;2744.99;1094.15;computadores nova 4;tecnología;computadores;vector;807.35;402.87;campaña outlet 8;búsqueda;2333.24;686.25;8;2
ORD-2025-00931;2024-08-13;2024-08-15;mismo día;enviado;2336;P0119;1;0.15;527.20;189.48;sobres plus 9;oficina;sobres;andes;620.24;347.69;campaña outlet 8;búsqueda;448.12;527.20;8;2
ORD-2025-00931;2024-08-13;2024-08-15;mismo día;enviado;2337;P0018;7;0.00;4803.96;1505.14;teléfonos flex 8;tecnología;teléfonos;patagonia;686.28;471.26;campaña outlet 8;búsqueda;4803.96;686.28;8;2
ORD-2025-00931;2024-08-13;2024-08-15;mismo día;enviado;2338;P0003;3;0.15;2214.06;160.93;accesorios plus 3;tecnología;accesorios;altura;868.26;685.10;campaña outlet 8;búsqueda;1881.95;738.02;8;2
ORD-2025-00932;2023-08-10;2023-08-13;estándar;completado;2339;P0006;7;0.20;4867.97;1340.19;accesorios nova 6;tecnología;accesorios;andes;869.28;522.14;sin dato;sin dato;3894.38;695.42;8;3
ORD-2025-00932;2023-08-10;2023-08-13;estándar;completado;2340;P0048;1;0.00;625.43;140.66;sillas plus 8;muebles;sillas;orion;625.43;484.77;sin dato;sin dato;625.43;625.43;8;3
ORD-2025-00933;2023-09-30;2023-10-06;segunda clase;completado;2341;P0076;2;0.00;229.48;105.92;almacenamiento eco 6;muebles;almacenamiento;patagonia;114.74;61.78;campaña ahorro 2;afiliados;229.48;114.74;9;6
ORD-2025-00934;2023-05-27;2023-05-29;segunda clase;completado;2342;P0097;6;0.30;1121.57;-170.08;archivadores smart 7;oficina;archivadores;altura;267.04;208.99;campaña cliente vip 5;display;785.10;186.93;5;2
ORD-2025-00934;2023-05-27;2023-05-29;segunda clase;completado;2343;P0030;2;0.00;1390.40;750.44;computadores flex 10;tecnología;computadores;alerce;695.20;319.98;campaña cliente vip 5;display;1390.40;695.20;5;2
ORD-2025-00934;2023-05-27;2023-05-29;segunda clase;completado;2344;P0007;7;0.00;2191.63;1186.57;accesorios nova 7;tecnología;accesorios;alerce;313.09;143.58;campaña cliente vip 5;display;2191.63;313.09;5;2
ORD-2025-00934;2023-05-27;2023-05-29;segunda clase;completado;2345;P0045;8;0.10;3851.28;690.50;sillas eco 5;muebles;sillas;lumen;534.90;391.64;campaña cliente vip 5;display;3466.15;481.41;5;2
ORD-2025-00935;2024-10-07;2024-10-11;primera clase;completado;2346;P0089;5;0.15;1492.26;362.16;papelería plus 9;oficina;papelería;vector;351.12;231.81;sin dato;sin dato;1268.42;298.45;10;4
ORD-2025-00935;2024-10-07;2024-10-11;primera clase;completado;2347;P0016;1;0.00;779.30;396.60;teléfonos pro 6;tecnología;teléfonos;orion;779.30;382.70;sin dato;sin dato;779.30;779.30;10;4
ORD-2025-00935;2024-10-07;2024-10-11;primera clase;completado;2348;P0045;6;0.05;3048.93;712.99;sillas eco 5;muebles;sillas;lumen;534.90;391.64;sin dato;sin dato;2896.48;508.16;10;4
ORD-2025-00936;2024-02-12;2024-02-15;primera clase;completado;2349;P0064;8;0.00;1204.08;285.28;libreros eco 4;muebles;libreros;andes;150.51;114.85;campaña activa 3;afiliados;1204.08;150.51;2;3
ORD-2025-00937;2023-01-13;2023-01-14;mismo día;completado;2350;P0040;7;0.00;5194.07;2180.01;periféricos eco 10;tecnología;periféricos;andes;742.01;430.58;sin dato;sin dato;5194.07;742.01;1;1
ORD-2025-00937;2023-01-13;2023-01-14;mismo día;completado;2351;P0058;3;0.20;564.17;-0.66;mesas nova 8;muebles;mesas;andes;235.07;180.72;sin dato;sin dato;451.34;188.06;1;1
ORD-2025-00938;2023-05-15;2023-05-16;primera clase;completado;2352;P0048;4;0.00;2501.72;562.64;sillas plus 8;muebles;sillas;orion;625.43;484.77;campaña ahorro 2;afiliados;2501.72;625.43;5;1
ORD-2025-00939;2024-03-09;2024-03-12;estándar;completado;2353;P0074;1;0.15;350.63;99.07;almacenamiento smart 4;muebles;almacenamiento;lumen;412.51;260.75;sin dato;sin dato;298.04;350.63;3;3
ORD-2025-00939;2024-03-09;2024-03-12;estándar;completado;2354;P0039;2;0.05;450.51;75.10;periféricos nova 9;tecnología;periféricos;vector;237.11;188.91;sin dato;sin dato;427.98;225.26;3;3
ORD-2025-00939;2024-03-09;2024-03-12;estándar;completado;2355;P0040;8;0.10;5342.47;2003.11;periféricos eco 10;tecnología;periféricos;andes;742.01;430.58;sin dato;sin dato;4808.22;667.81;3;3
ORD-2025-00939;2024-03-09;2024-03-12;estándar;completado;2356;P0034;6;0.05;2392.18;757.85;periféricos flex 4;tecnología;periféricos;orion;419.68;275.77;sin dato;sin dato;2272.57;398.70;3;3
ORD-2025-00940;2024-08-20;2024-08-20;estándar;completado;2357;P0056;5;0.20;2410.60;182.84;mesas flex 6;muebles;mesas;orion;602.65;441.66;campaña outlet 8;búsqueda;1928.48;482.12;8;0
ORD-2025-00940;2024-08-20;2024-08-20;estándar;completado;2358;P0043;7;0.00;4932.20;2092.79;sillas smart 3;muebles;sillas;altura;704.60;405.63;campaña outlet 8;búsqueda;4932.20;704.60;8;0
ORD-2025-00940;2024-08-20;2024-08-20;estándar;completado;2359;P0113;6;0.30;2557.84;404.43;sobres smart 3;oficina;sobres;patagonia;609.01;376.16;campaña outlet 8;búsqueda;1790.49;426.31;8;0
ORD-2025-00940;2024-08-20;2024-08-20;estándar;completado;2360;P0051;1;0.15;80.65;20.97;mesas smart 1;muebles;mesas;orion;94.88;58.62;campaña outlet 8;búsqueda;68.55;80.65;8;0
ORD-2025-00941;2023-09-06;2023-09-11;estándar;enviado;2361;P0032;1;0.00;723.59;217.14;periféricos eco 2;tecnología;periféricos;vector;723.59;506.45;sin dato;sin dato;723.59;723.59;9;5
ORD-2025-00941;2023-09-06;2023-09-11;estándar;enviado;2362;P0004;6;0.20;134.98;16.27;accesorios eco 4;tecnología;accesorios;orion;28.12;19.81;sin dato;sin dato;107.98;22.50;9;5
ORD-2025-00941;2023-09-06;2023-09-11;estándar;enviado;2363;P0025;3;0.30;1603.79;123.80;computadores plus 5;tecnología;computadores;orion;763.71;519.66;sin dato;sin dato;1122.65;534.60;9;5
ORD-2025-00942;2024-08-02;2024-08-08;segunda clase;completado;2364;P0098;3;0.20;561.38;43.39;archivadores nova 8;oficina;archivadores;lumen;233.91;164.53;campaña cliente vip 5;display;449.10;187.13;8;6
ORD-2025-00942;2024-08-02;2024-08-08;segunda clase;completado;2365;P0049;3;0.10;780.62;156.38;sillas smart 9;muebles;sillas;orion;289.12;211.95;campaña cliente vip 5;display;702.56;260.21;8;6
ORD-2025-00943;2024-09-28;2024-10-03;estándar;completado;2366;P0088;3;0.00;2087.52;818.97;papelería eco 8;oficina;papelería;patagonia;695.84;422.85;campaña ahorro 6;afiliados;2087.52;695.84;9;5
ORD-2025-00943;2024-09-28;2024-10-03;estándar;completado;2367;P0089;1;0.00;351.12;119.31;papelería plus 9;oficina;papelería;vector;351.12;231.81;campaña ahorro 6;afiliados;351.12;351.12;9;5
ORD-2025-00944;2025-02-18;2025-02-24;segunda clase;completado;2368;P0085;2;0.00;1488.02;406.04;papelería smart 5;oficina;papelería;alerce;744.01;540.99;campaña cliente vip 5;display;1488.02;744.01;2;6
ORD-2025-00944;2025-02-18;2025-02-24;segunda clase;completado;2369;P0103;8;0.15;3662.48;830.74;etiquetas nova 3;oficina;etiquetas;alerce;538.60;343.63;campaña cliente vip 5;display;3113.11;457.81;2;6
ORD-2025-00944;2025-02-18;2025-02-24;segunda clase;completado;2370;P0043;5;0.15;2994.55;1045.28;sillas smart 3;muebles;sillas;altura;704.60;405.63;campaña cliente vip 5;display;2545.37;598.91;2;6
ORD-2025-00944;2025-02-18;2025-02-24;segunda clase;completado;2371;P0008;8;0.15;2696.88;507.46;accesorios plus 8;tecnología;accesorios;andes;396.60;275.19;campaña cliente vip 5;display;2292.35;337.11;2;6
ORD-2025-00945;2024-07-18;2024-07-19;mismo día;completado;2372;P0032;4;0.00;2894.36;868.56;periféricos eco 2;tecnología;periféricos;vector;723.59;506.45;campaña cliente vip 1;email;2894.36;723.59;7;1
ORD-2025-00945;2024-07-18;2024-07-19;mismo día;completado;2373;P0081;3;0.00;2461.38;937.95;papelería smart 1;oficina;papelería;altura;820.46;507.81;campaña cliente vip 1;email;2461.38;820.46;7;1
ORD-2025-00945;2024-07-18;2024-07-19;mismo día;completado;2374;P0060;4;0.05;601.50;221.70;mesas smart 10;muebles;mesas;vector;158.29;93.56;campaña cliente vip 1;email;571.42;150.38;7;1
ORD-2025-00946;2024-12-17;2024-12-17;primera clase;completado;2375;P0004;8;0.00;224.96;66.48;accesorios eco 4;tecnología;accesorios;orion;28.12;19.81;sin dato;sin dato;224.96;28.12;12;0
ORD-2025-00946;2024-12-17;2024-12-17;primera clase;completado;2376;P0007;4;0.20;1001.89;397.75;accesorios nova 7;tecnología;accesorios;alerce;313.09;143.58;sin dato;sin dato;801.51;250.47;12;0
ORD-2025-00946;2024-12-17;2024-12-17;primera clase;completado;2377;P0079;6;0.00;293.22;77.82;almacenamiento nova 9;muebles;almacenamiento;alerce;48.87;35.90;sin dato;sin dato;293.22;48.87;12;0
ORD-2025-00946;2024-12-17;2024-12-17;primera clase;completado;2378;P0018;5;0.00;3431.40;1075.10;teléfonos flex 8;tecnología;teléfonos;patagonia;686.28;471.26;sin dato;sin dato;3431.40;686.28;12;0
ORD-2025-00947;2025-03-21;2025-03-26;mismo día;completado;2379;P0087;7;0.30;3627.81;-226.25;papelería flex 7;oficina;papelería;andes;740.37;525.57;campaña cliente vip 1;email;2539.47;518.26;3;5
ORD-2025-00948;2023-06-21;2023-06-24;estándar;completado;2380;P0107;3;0.00;232.35;104.97;etiquetas pro 7;oficina;etiquetas;orion;77.45;42.46;sin dato;sin dato;232.35;77.45;6;3
ORD-2025-00948;2023-06-21;2023-06-24;estándar;completado;2381;P0091;7;0.05;3426.68;939.29;archivadores flex 1;oficina;archivadores;alerce;515.29;352.20;sin dato;sin dato;3255.35;489.53;6;3
ORD-2025-00948;2023-06-21;2023-06-24;estándar;completado;2382;P0082;7;0.10;3722.42;1769.57;papelería eco 2;oficina;papelería;orion;590.86;268.44;sin dato;sin dato;3350.18;531.77;6;3
ORD-2025-00948;2023-06-21;2023-06-24;estándar;completado;2383;P0037;8;0.10;2080.66;837.36;periféricos nova 7;tecnología;periféricos;orion;288.98;157.55;sin dato;sin dato;1872.59;260.08;6;3
ORD-2025-00949;2023-04-17;2023-04-21;mismo día;devuelto;2384;P0108;2;0.10;883.71;94.75;etiquetas flex 8;oficina;etiquetas;patagonia;490.95;392.54;sin dato;sin dato;795.34;441.86;4;4
ORD-2025-00949;2023-04-17;2023-04-21;mismo día;devuelto;2385;P0005;6;0.15;4547.52;1398.60;accesorios flex 5;tecnología;accesorios;vector;891.67;550.81;sin dato;sin dato;3865.39;757.92;4;4
ORD-2025-00949;2023-04-17;2023-04-21;mismo día;devuelto;2386;P0077;4;0.00;437.96;223.40;almacenamiento nova 7;muebles;almacenamiento;altura;109.49;53.64;sin dato;sin dato;437.96;109.49;4;4
ORD-2025-00950;2023-08-10;2023-08-11;primera clase;devuelto;2387;P0017;2;0.00;511.70;184.94;teléfonos plus 7;tecnología;teléfonos;alerce;255.85;163.38;campaña activa 4;afiliados;511.70;255.85;8;1
ORD-2025-00951;2023-12-04;2023-12-08;estándar;completado;2388;P0024;8;0.20;5167.04;1819.39;computadores nova 4;tecnología;computadores;vector;807.35;402.87;campaña ahorro 6;afiliados;4133.63;645.88;12;4
ORD-2025-00952;2023-07-17;2023-07-23;primera clase;completado;2389;P0023;3;0.15;2023.09;852.43;computadores pro 3;tecnología;computadores;patagonia;793.37;395.09;sin dato;sin dato;1719.63;674.36;7;6
ORD-2025-00952;2023-07-17;2023-07-23;primera clase;completado;2390;P0096;8;0.00;5651.92;2479.76;archivadores pro 6;oficina;archivadores;patagonia;706.49;396.52;sin dato;sin dato;5651.92;706.49;7;6
ORD-2025-00952;2023-07-17;2023-07-23;primera clase;completado;2391;P0117;3;0.05;2124.56;418.32;sobres eco 7;oficina;sobres;vector;745.46;569.49;sin dato;sin dato;2018.33;708.19;7;6
ORD-2025-00953;2023-12-04;2023-12-09;estándar;enviado;2392;P0050;2;0.05;459.10;197.50;sillas nova 10;muebles;sillas;lumen;241.63;129.84;sin dato;sin dato;436.14;229.55;12;5
ORD-2025-00954;2024-10-19;2024-10-21;primera clase;enviado;2393;P0097;6;0.20;1281.79;3.92;archivadores smart 7;oficina;archivadores;altura;267.04;208.99;campaña outlet 8;búsqueda;1025.43;213.63;10;2
ORD-2025-00955;2025-03-04;2025-03-10;mismo día;devuelto;2394;P0051;2;0.00;189.76;72.52;mesas smart 1;muebles;mesas;orion;94.88;58.62;campaña activa 4;afiliados;189.76;94.88;3;6
ORD-2025-00955;2025-03-04;2025-03-10;mismo día;devuelto;2395;P0074;3;0.20;990.02;248.99;almacenamiento smart 4;muebles;almacenamiento;lumen;412.51;260.75;campaña activa 4;afiliados;792.02;330.01;3;6
ORD-2025-00956;2023-01-08;2023-01-08;mismo día;cancelado;2396;P0036;6;0.30;3684.24;1054.85;periféricos nova 6;tecnología;periféricos;patagonia;877.20;420.81;sin dato;sin dato;2578.97;614.04;1;0
ORD-2025-00956;2023-01-08;2023-01-08;mismo día;cancelado;2397;P0042;6;0.15;2839.73;501.60;sillas flex 2;muebles;sillas;vector;556.81;376.71;sin dato;sin dato;2413.77;473.29;1;0
ORD-2025-00956;2023-01-08;2023-01-08;mismo día;cancelado;2398;P0013;3;0.10;771.82;251.56;teléfonos nova 3;tecnología;teléfonos;lumen;285.86;173.76;sin dato;sin dato;694.64;257.27;1;0
ORD-2025-00956;2023-01-08;2023-01-08;mismo día;cancelado;2399;P0001;1;0.00;445.84;235.34;accesorios flex 1;tecnología;accesorios;alerce;445.84;210.50;sin dato;sin dato;445.84;445.84;1;0
ORD-2025-00957;2024-06-17;2024-06-23;segunda clase;enviado;2400;P0046;2;0.20;135.79;47.19;sillas pro 6;muebles;sillas;nova;84.87;45.10;sin dato;sin dato;108.63;67.90;6;6
ORD-2025-00958;2023-04-20;2023-04-21;primera clase;enviado;2401;P0120;5;0.00;3531.35;1345.95;sobres plus 10;oficina;sobres;altura;706.27;437.08;campaña cliente vip 5;display;3531.35;706.27;4;1
ORD-2025-00958;2023-04-20;2023-04-21;primera clase;enviado;2402;P0026;7;0.20;2673.10;155.17;computadores plus 6;tecnología;computadores;lumen;477.34;378.15;campaña cliente vip 5;display;2138.48;381.87;4;1
ORD-2025-00958;2023-04-20;2023-04-21;primera clase;enviado;2403;P0108;6;0.30;2061.99;-423.07;etiquetas flex 8;oficina;etiquetas;patagonia;490.95;392.54;campaña cliente vip 5;display;1443.39;343.66;4;1
ORD-2025-00958;2023-04-20;2023-04-21;primera clase;enviado;2404;P0058;1;0.05;223.32;43.03;mesas nova 8;muebles;mesas;andes;235.07;180.72;campaña cliente vip 5;display;212.15;223.32;4;1
ORD-2025-00959;2025-04-09;2025-04-11;mismo día;completado;2405;P0006;6;0.00;5215.68;2082.84;accesorios nova 6;tecnología;accesorios;andes;869.28;522.14;campaña activa 4;afiliados;5215.68;869.28;4;2
ORD-2025-00959;2025-04-09;2025-04-11;mismo día;completado;2406;P0004;5;0.00;140.60;41.55;accesorios eco 4;tecnología;accesorios;orion;28.12;19.81;campaña activa 4;afiliados;140.60;28.12;4;2
ORD-2025-00960;2025-02-27;2025-03-02;mismo día;enviado;2407;P0112;8;0.00;3629.20;1819.52;sobres pro 2;oficina;sobres;orion;453.65;226.21;sin dato;sin dato;3629.20;453.65;2;3
ORD-2025-00960;2025-02-27;2025-03-02;mismo día;enviado;2408;P0020;5;0.00;2471.95;1246.60;teléfonos flex 10;tecnología;teléfonos;lumen;494.39;245.07;sin dato;sin dato;2471.95;494.39;2;3
ORD-2025-00960;2025-02-27;2025-03-02;mismo día;enviado;2409;P0079;5;0.00;244.35;64.85;almacenamiento nova 9;muebles;almacenamiento;alerce;48.87;35.90;sin dato;sin dato;244.35;48.87;2;3
ORD-2025-00960;2025-02-27;2025-03-02;mismo día;enviado;2410;P0060;4;0.15;538.19;154.32;mesas smart 10;muebles;mesas;vector;158.29;93.56;sin dato;sin dato;457.46;134.55;2;3
ORD-2025-00961;2023-11-03;2023-11-07;primera clase;completado;2411;P0074;5;0.00;2062.55;758.80;almacenamiento smart 4;muebles;almacenamiento;lumen;412.51;260.75;sin dato;sin dato;2062.55;412.51;11;4
ORD-2025-00961;2023-11-03;2023-11-07;primera clase;completado;2412;P0018;7;0.00;4803.96;1505.14;teléfonos flex 8;tecnología;teléfonos;patagonia;686.28;471.26;sin dato;sin dato;4803.96;686.28;11;4
ORD-2025-00962;2023-05-31;2023-06-05;segunda clase;enviado;2413;P0117;3;0.15;1900.92;189.69;sobres eco 7;oficina;sobres;vector;745.46;569.49;sin dato;sin dato;1615.78;633.64;5;5
ORD-2025-00962;2023-05-31;2023-06-05;segunda clase;enviado;2414;P0060;4;0.10;569.84;204.38;mesas smart 10;muebles;mesas;vector;158.29;93.56;sin dato;sin dato;512.86;142.46;5;5
ORD-2025-00962;2023-05-31;2023-06-05;segunda clase;enviado;2415;P0013;8;0.30;1600.82;218.65;teléfonos nova 3;tecnología;teléfonos;lumen;285.86;173.76;sin dato;sin dato;1120.57;200.10;5;5
ORD-2025-00963;2024-01-07;2024-01-11;estándar;completado;2416;P0095;5;0.00;2636.25;1214.65;archivadores plus 5;oficina;archivadores;altura;527.25;284.32;campaña ahorro 2;afiliados;2636.25;527.25;1;4
ORD-2025-00963;2024-01-07;2024-01-11;estándar;completado;2417;P0108;6;0.20;2356.56;-44.95;etiquetas flex 8;oficina;etiquetas;patagonia;490.95;392.54;campaña ahorro 2;afiliados;1885.25;392.76;1;4
ORD-2025-00963;2024-01-07;2024-01-11;estándar;completado;2418;P0014;7;0.00;546.49;294.70;teléfonos pro 4;tecnología;teléfonos;alerce;78.07;35.97;campaña ahorro 2;afiliados;546.49;78.07;1;4
ORD-2025-00963;2024-01-07;2024-01-11;estándar;completado;2419;P0022;7;0.00;3018.54;1519.98;computadores pro 2;tecnología;computadores;altura;431.22;214.08;campaña ahorro 2;afiliados;3018.54;431.22;1;4
ORD-2025-00964;2024-01-21;2024-01-26;mismo día;completado;2420;P0038;4;0.00;1635.68;634.36;periféricos nova 8;tecnología;periféricos;andes;408.92;250.33;sin dato;sin dato;1635.68;408.92;1;5
ORD-2025-00964;2024-01-21;2024-01-26;mismo día;completado;2421;P0025;1;0.20;610.97;97.24;computadores plus 5;tecnología;computadores;orion;763.71;519.66;sin dato;sin dato;488.78;610.97;1;5
ORD-2025-00964;2024-01-21;2024-01-26;mismo día;completado;2422;P0085;2;0.15;1264.82;219.24;papelería smart 5;oficina;papelería;alerce;744.01;540.99;sin dato;sin dato;1075.10;632.41;1;5
ORD-2025-00964;2024-01-21;2024-01-26;mismo día;completado;2423;P0060;3;0.10;427.38;141.40;mesas smart 10;muebles;mesas;vector;158.29;93.56;sin dato;sin dato;384.64;142.46;1;5
ORD-2025-00965;2025-04-21;2025-04-23;estándar;completado;2424;P0031;3;0.30;488.42;130.46;periféricos smart 1;tecnología;periféricos;andes;232.58;113.04;sin dato;sin dato;341.89;162.81;4;2
ORD-2025-00965;2025-04-21;2025-04-23;estándar;completado;2425;P0084;8;0.00;5888.96;3076.48;papelería flex 4;oficina;papelería;altura;736.12;351.56;sin dato;sin dato;5888.96;736.12;4;2
ORD-2025-00966;2023-06-25;2023-06-26;estándar;enviado;2426;P0041;5;0.30;540.82;79.17;sillas eco 1;muebles;sillas;vector;154.52;100.57;sin dato;sin dato;378.57;108.16;6;1
ORD-2025-00966;2023-06-25;2023-06-26;estándar;enviado;2427;P0104;8;0.30;3389.12;202.10;etiquetas nova 4;oficina;etiquetas;altura;605.20;392.50;sin dato;sin dato;2372.38;423.64;6;1
ORD-2025-00966;2023-06-25;2023-06-26;estándar;enviado;2428;P0010;8;0.20;4339.71;364.71;accesorios nova 10;tecnología;accesorios;andes;678.08;497.07;sin dato;sin dato;3471.77;542.46;6;1
ORD-2025-00966;2023-06-25;2023-06-26;estándar;enviado;2429;P0026;2;0.00;954.68;198.38;computadores plus 6;tecnología;computadores;lumen;477.34;378.15;sin dato;sin dato;954.68;477.34;6;1
ORD-2025-00967;2024-06-10;2024-06-10;estándar;completado;2430;P0048;7;0.00;4378.01;984.62;sillas plus 8;muebles;sillas;orion;625.43;484.77;campaña ahorro 2;afiliados;4378.01;625.43;6;0
ORD-2025-00967;2024-06-10;2024-06-10;estándar;completado;2431;P0065;5;0.30;1500.77;459.61;libreros pro 5;muebles;libreros;nova;428.79;212.81;campaña ahorro 2;afiliados;1050.54;300.15;6;0
ORD-2025-00967;2024-06-10;2024-06-10;estándar;completado;2432;P0111;3;0.00;1544.58;645.90;sobres flex 1;oficina;sobres;lumen;514.86;299.56;campaña ahorro 2;afiliados;1544.58;514.86;6;0
ORD-2025-00968;2023-06-04;2023-06-05;segunda clase;completado;2433;P0081;6;0.00;4922.76;1875.90;papelería smart 1;oficina;papelería;altura;820.46;507.81;sin dato;sin dato;4922.76;820.46;6;1
ORD-2025-00969;2024-08-03;2024-08-08;mismo día;completado;2434;P0066;3;0.00;1079.55;555.09;libreros smart 6;muebles;libreros;lumen;359.85;174.82;sin dato;sin dato;1079.55;359.85;8;5
ORD-2025-00970;2024-02-16;2024-02-19;estándar;enviado;2435;P0007;8;0.00;2504.72;1356.08;accesorios nova 7;tecnología;accesorios;alerce;313.09;143.58;sin dato;sin dato;2504.72;313.09;2;3
ORD-2025-00971;2023-05-28;2023-05-31;segunda clase;enviado;2436;P0085;5;0.30;2604.03;-288.99;papelería smart 5;oficina;papelería;alerce;744.01;540.99;sin dato;sin dato;1822.82;520.81;5;3
ORD-2025-00971;2023-05-28;2023-05-31;segunda clase;enviado;2437;P0092;6;0.00;3697.92;1844.34;archivadores nova 2;oficina;archivadores;alerce;616.32;308.93;sin dato;sin dato;3697.92;616.32;5;3
ORD-2025-00971;2023-05-28;2023-05-31;segunda clase;enviado;2438;P0059;7;0.05;918.23;281.99;mesas smart 9;muebles;mesas;andes;138.08;89.52;sin dato;sin dato;872.32;131.18;5;3
ORD-2025-00971;2023-05-28;2023-05-31;segunda clase;enviado;2439;P0044;6;0.30;3059.91;626.51;sillas plus 4;muebles;sillas;orion;728.55;448.12;sin dato;sin dato;2141.94;509.98;5;3
ORD-2025-00972;2023-08-30;2023-09-04;segunda clase;enviado;2440;P0043;6;0.00;4227.60;1793.82;sillas smart 3;muebles;sillas;altura;704.60;405.63;campaña activa 3;afiliados;4227.60;704.60;8;5
ORD-2025-00972;2023-08-30;2023-09-04;segunda clase;enviado;2441;P0057;1;0.15;438.44;124.56;mesas smart 7;muebles;mesas;patagonia;515.81;325.42;campaña activa 3;afiliados;372.67;438.44;8;5
ORD-2025-00972;2023-08-30;2023-09-04;segunda clase;enviado;2442;P0068;8;0.05;4852.07;1529.41;libreros pro 8;muebles;libreros;lumen;638.43;415.12;campaña activa 3;afiliados;4609.47;606.51;8;5
ORD-2025-00973;2023-02-15;2023-02-17;estándar;completado;2443;P0040;8;0.00;5936.08;2491.44;periféricos eco 10;tecnología;periféricos;andes;742.01;430.58;campaña activa 4;afiliados;5936.08;742.01;2;2
ORD-2025-00974;2023-08-21;2023-08-26;segunda clase;enviado;2444;P0015;6;0.20;3352.80;152.20;teléfonos plus 5;tecnología;teléfonos;nova;698.50;515.60;sin dato;sin dato;2682.24;558.80;8;5
ORD-2025-00974;2023-08-21;2023-08-26;segunda clase;enviado;2445;P0096;1;0.30;494.54;65.95;archivadores pro 6;oficina;archivadores;patagonia;706.49;396.52;sin dato;sin dato;346.18;494.54;8;5
ORD-2025-00974;2023-08-21;2023-08-26;segunda clase;enviado;2446;P0080;8;0.00;6328.88;3274.96;almacenamiento plus 10;muebles;almacenamiento;patagonia;791.11;381.74;sin dato;sin dato;6328.88;791.11;8;5
ORD-2025-00974;2023-08-21;2023-08-26;segunda clase;enviado;2447;P0030;5;0.10;3128.40;1548.36;computadores flex 10;tecnología;computadores;alerce;695.20;319.98;sin dato;sin dato;2815.56;625.68;8;5
ORD-2025-00975;2024-02-26;2024-02-29;segunda clase;completado;2448;P0093;7;0.10;3936.68;1841.38;archivadores flex 3;oficina;archivadores;vector;624.87;291.47;sin dato;sin dato;3543.01;562.38;2;3
ORD-2025-00975;2024-02-26;2024-02-29;segunda clase;completado;2449;P0056;4;0.00;2410.60;643.96;mesas flex 6;muebles;mesas;orion;602.65;441.66;sin dato;sin dato;2410.60;602.65;2;3
ORD-2025-00975;2024-02-26;2024-02-29;segunda clase;completado;2450;P0028;8;0.05;3512.19;1558.37;computadores pro 8;tecnología;computadores;lumen;462.13;240.82;sin dato;sin dato;3336.58;439.02;2;3
ORD-2025-00975;2024-02-26;2024-02-29;segunda clase;completado;2451;P0075;8;0.15;3620.05;1463.66;almacenamiento plus 5;muebles;almacenamiento;nova;532.36;271.05;sin dato;sin dato;3077.04;452.51;2;3
ORD-2025-00976;2024-11-09;2024-11-12;segunda clase;devuelto;2452;P0018;2;0.15;1166.68;219.28;teléfonos flex 8;tecnología;teléfonos;patagonia;686.28;471.26;campaña ahorro 7;afiliados;991.68;583.34;11;3
ORD-2025-00977;2025-04-21;2025-04-22;primera clase;completado;2453;P0081;5;0.05;3897.18;1351.32;papelería smart 1;oficina;papelería;altura;820.46;507.81;campaña cliente vip 5;display;3702.32;779.44;4;1
ORD-2025-00977;2025-04-21;2025-04-22;primera clase;completado;2454;P0004;8;0.05;213.71;56.13;accesorios eco 4;tecnología;accesorios;orion;28.12;19.81;campaña cliente vip 5;display;203.02;26.71;4;1
ORD-2025-00977;2025-04-21;2025-04-22;primera clase;completado;2455;P0109;8;0.10;5499.29;1051.91;etiquetas smart 9;oficina;etiquetas;patagonia;763.79;559.32;campaña cliente vip 5;display;4949.36;687.41;4;1
ORD-2025-00978;2025-01-30;2025-02-04;estándar;completado;2456;P0035;2;0.20;1223.54;199.41;periféricos nova 5;tecnología;periféricos;orion;764.71;538.76;sin dato;sin dato;978.83;611.77;1;5
ORD-2025-00978;2025-01-30;2025-02-04;estándar;completado;2457;P0044;1;0.00;728.55;280.43;sillas plus 4;muebles;sillas;orion;728.55;448.12;sin dato;sin dato;728.55;728.55;1;5
ORD-2025-00978;2025-01-30;2025-02-04;estándar;completado;2458;P0066;2;0.20;575.76;222.40;libreros smart 6;muebles;libreros;lumen;359.85;174.82;sin dato;sin dato;460.61;287.88;1;5
ORD-2025-00978;2025-01-30;2025-02-04;estándar;completado;2459;P0083;5;0.00;264.45;85.90;papelería pro 3;oficina;papelería;altura;52.89;35.71;sin dato;sin dato;264.45;52.89;1;5
ORD-2025-00979;2024-11-14;2024-11-17;primera clase;completado;2460;P0089;8;0.30;1966.27;183.32;papelería plus 9;oficina;papelería;vector;351.12;231.81;campaña cliente vip 1;email;1376.39;245.78;11;3
ORD-2025-00979;2024-11-14;2024-11-17;primera clase;completado;2461;P0076;3;0.20;275.38;95.86;almacenamiento eco 6;muebles;almacenamiento;patagonia;114.74;61.78;campaña cliente vip 1;email;220.30;91.79;11;3
ORD-2025-00980;2025-02-28;2025-02-28;primera clase;completado;2462;P0074;7;0.00;2887.57;1062.32;almacenamiento smart 4;muebles;almacenamiento;lumen;412.51;260.75;sin dato;sin dato;2887.57;412.51;2;0
ORD-2025-00981;2024-01-22;2024-01-25;mismo día;completado;2463;P0056;2;0.00;1205.30;321.98;mesas flex 6;muebles;mesas;orion;602.65;441.66;sin dato;sin dato;1205.30;602.65;1;3
ORD-2025-00981;2024-01-22;2024-01-25;mismo día;completado;2464;P0096;7;0.05;4698.16;1944.49;archivadores pro 6;oficina;archivadores;patagonia;706.49;396.52;sin dato;sin dato;4463.25;671.17;1;3
ORD-2025-00981;2024-01-22;2024-01-25;mismo día;completado;2465;P0018;3;0.00;2058.84;645.06;teléfonos flex 8;tecnología;teléfonos;patagonia;686.28;471.26;sin dato;sin dato;2058.84;686.28;1;3
ORD-2025-00981;2024-01-22;2024-01-25;mismo día;completado;2466;P0035;1;0.00;764.71;225.95;periféricos nova 5;tecnología;periféricos;orion;764.71;538.76;sin dato;sin dato;764.71;764.71;1;3
ORD-2025-00982;2024-03-09;2024-03-13;estándar;completado;2467;P0111;8;0.00;4118.88;1722.40;sobres flex 1;oficina;sobres;lumen;514.86;299.56;campaña ahorro 7;afiliados;4118.88;514.86;3;4
ORD-2025-00982;2024-03-09;2024-03-13;estándar;completado;2468;P0036;7;0.00;6140.40;3194.73;periféricos nova 6;tecnología;periféricos;patagonia;877.20;420.81;campaña ahorro 7;afiliados;6140.40;877.20;3;4
ORD-2025-00982;2024-03-09;2024-03-13;estándar;completado;2469;P0079;3;0.05;139.28;32.33;almacenamiento nova 9;muebles;almacenamiento;alerce;48.87;35.90;campaña ahorro 7;afiliados;132.32;46.43;3;4
ORD-2025-00982;2024-03-09;2024-03-13;estándar;completado;2470;P0009;8;0.10;6212.02;2448.82;accesorios flex 9;tecnología;accesorios;patagonia;862.78;458.27;campaña ahorro 7;afiliados;5590.82;776.50;3;4
ORD-2025-00983;2023-11-11;2023-11-12;estándar;completado;2471;P0032;8;0.00;5788.72;1737.12;periféricos eco 2;tecnología;periféricos;vector;723.59;506.45;sin dato;sin dato;5788.72;723.59;11;1
ORD-2025-00983;2023-11-11;2023-11-12;estándar;completado;2472;P0073;6;0.20;838.85;85.59;almacenamiento eco 3;muebles;almacenamiento;orion;174.76;120.04;sin dato;sin dato;671.08;139.81;11;1
ORD-2025-00983;2023-11-11;2023-11-12;estándar;completado;2473;P0046;3;0.00;254.61;119.31;sillas pro 6;muebles;sillas;nova;84.87;45.10;sin dato;sin dato;254.61;84.87;11;1
ORD-2025-00983;2023-11-11;2023-11-12;estándar;completado;2474;P0049;5;0.00;1445.60;385.85;sillas smart 9;muebles;sillas;orion;289.12;211.95;sin dato;sin dato;1445.60;289.12;11;1
ORD-2025-00984;2023-08-10;2023-08-16;primera clase;cancelado;2475;P0096;6;0.15;3603.10;1334.99;archivadores pro 6;oficina;archivadores;patagonia;706.49;396.52;sin dato;sin dato;3062.63;600.52;8;6
ORD-2025-00984;2023-08-10;2023-08-16;primera clase;cancelado;2476;P0107;5;0.10;348.53;129.64;etiquetas pro 7;oficina;etiquetas;orion;77.45;42.46;sin dato;sin dato;313.68;69.71;8;6
ORD-2025-00985;2024-02-13;2024-02-16;primera clase;completado;2477;P0030;2;0.10;1251.36;587.75;computadores flex 10;tecnología;computadores;alerce;695.20;319.98;campaña activa 4;afiliados;1126.22;625.68;2;3
ORD-2025-00985;2024-02-13;2024-02-16;primera clase;completado;2478;P0049;2;0.15;491.50;61.13;sillas smart 9;muebles;sillas;orion;289.12;211.95;campaña activa 4;afiliados;417.77;245.75;2;3
ORD-2025-00986;2025-04-29;2025-04-30;mismo día;completado;2479;P0076;6;0.05;654.02;289.35;almacenamiento eco 6;muebles;almacenamiento;patagonia;114.74;61.78;campaña ahorro 2;afiliados;621.32;109.00;4;1
ORD-2025-00986;2025-04-29;2025-04-30;mismo día;completado;2480;P0038;1;0.15;347.58;102.52;periféricos nova 8;tecnología;periféricos;andes;408.92;250.33;campaña ahorro 2;afiliados;295.44;347.58;4;1
ORD-2025-00986;2025-04-29;2025-04-30;mismo día;completado;2481;P0064;7;0.20;842.86;73.06;libreros eco 4;muebles;libreros;andes;150.51;114.85;campaña ahorro 2;afiliados;674.29;120.41;4;1
ORD-2025-00986;2025-04-29;2025-04-30;mismo día;completado;2482;P0007;6;0.00;1878.54;1017.06;accesorios nova 7;tecnología;accesorios;alerce;313.09;143.58;campaña ahorro 2;afiliados;1878.54;313.09;4;1
ORD-2025-00987;2023-03-29;2023-03-31;estándar;completado;2483;P0056;8;0.20;3856.96;450.64;mesas flex 6;muebles;mesas;orion;602.65;441.66;campaña ahorro 2;afiliados;3085.57;482.12;3;2
ORD-2025-00987;2023-03-29;2023-03-31;estándar;completado;2484;P0103;1;0.30;377.02;14.10;etiquetas nova 3;oficina;etiquetas;alerce;538.60;343.63;campaña ahorro 2;afiliados;263.91;377.02;3;2
ORD-2025-00988;2024-04-12;2024-04-12;primera clase;completado;2485;P0017;6;0.30;1074.57;31.85;teléfonos plus 7;tecnología;teléfonos;alerce;255.85;163.38;campaña ahorro 7;afiliados;752.20;179.10;4;0
ORD-2025-00988;2024-04-12;2024-04-12;primera clase;completado;2486;P0083;1;0.00;52.89;17.18;papelería pro 3;oficina;papelería;altura;52.89;35.71;campaña ahorro 7;afiliados;52.89;52.89;4;0
ORD-2025-00988;2024-04-12;2024-04-12;primera clase;completado;2487;P0032;2;0.15;1230.10;178.82;periféricos eco 2;tecnología;periféricos;vector;723.59;506.45;campaña ahorro 7;afiliados;1045.58;615.05;4;0
ORD-2025-00989;2023-01-13;2023-01-16;segunda clase;completado;2488;P0112;6;0.15;2313.61;889.40;sobres pro 2;oficina;sobres;orion;453.65;226.21;campaña activa 3;afiliados;1966.57;385.60;1;3
ORD-2025-00989;2023-01-13;2023-01-16;segunda clase;completado;2489;P0087;6;0.00;4442.22;1288.80;papelería flex 7;oficina;papelería;andes;740.37;525.57;campaña activa 3;afiliados;4442.22;740.37;1;3
ORD-2025-00989;2023-01-13;2023-01-16;segunda clase;completado;2490;P0013;5;0.00;1429.30;560.50;teléfonos nova 3;tecnología;teléfonos;lumen;285.86;173.76;campaña activa 3;afiliados;1429.30;285.86;1;3
ORD-2025-00989;2023-01-13;2023-01-16;segunda clase;completado;2491;P0062;1;0.00;465.68;230.21;libreros plus 2;muebles;libreros;vector;465.68;235.47;campaña activa 3;afiliados;465.68;465.68;1;3
ORD-2025-00990;2025-01-26;2025-01-30;mismo día;completado;2492;P0027;3;0.00;119.04;62.94;computadores flex 7;tecnología;computadores;alerce;39.68;18.70;sin dato;sin dato;119.04;39.68;1;4
ORD-2025-00990;2025-01-26;2025-01-30;mismo día;completado;2493;P0036;1;0.00;877.20;456.39;periféricos nova 6;tecnología;periféricos;patagonia;877.20;420.81;sin dato;sin dato;877.20;877.20;1;4
ORD-2025-00991;2023-07-08;2023-07-13;estándar;completado;2494;P0109;2;0.00;1527.58;408.94;etiquetas smart 9;oficina;etiquetas;patagonia;763.79;559.32;campaña ahorro 6;afiliados;1527.58;763.79;7;5
ORD-2025-00992;2023-11-11;2023-11-12;segunda clase;completado;2495;P0067;7;0.00;1209.39;446.18;libreros pro 7;muebles;libreros;nova;172.77;109.03;campaña ahorro 2;afiliados;1209.39;172.77;11;1
ORD-2025-00992;2023-11-11;2023-11-12;segunda clase;completado;2496;P0032;5;0.15;3075.26;470.85;periféricos eco 2;tecnología;periféricos;vector;723.59;506.45;campaña ahorro 2;afiliados;2613.97;615.05;11;1
ORD-2025-00993;2023-12-08;2023-12-09;primera clase;completado;2497;P0079;8;0.20;312.77;16.40;almacenamiento nova 9;muebles;almacenamiento;alerce;48.87;35.90;campaña activa 3;afiliados;250.22;39.10;12;1
ORD-2025-00993;2023-12-08;2023-12-09;primera clase;completado;2498;P0034;7;0.20;2350.21;491.89;periféricos flex 4;tecnología;periféricos;orion;419.68;275.77;campaña activa 3;afiliados;1880.17;335.74;12;1
ORD-2025-00993;2023-12-08;2023-12-09;primera clase;completado;2499;P0096;1;0.15;600.52;214.70;archivadores pro 6;oficina;archivadores;patagonia;706.49;396.52;campaña activa 3;afiliados;510.44;600.52;12;1
ORD-2025-00994;2024-10-02;2024-10-08;primera clase;completado;2500;P0107;4;0.15;263.33;95.26;etiquetas pro 7;oficina;etiquetas;orion;77.45;42.46;sin dato;sin dato;223.83;65.83;10;6
ORD-2025-00994;2024-10-02;2024-10-08;primera clase;completado;2501;P0043;3;0.20;1691.04;392.67;sillas smart 3;muebles;sillas;altura;704.60;405.63;sin dato;sin dato;1352.83;563.68;10;6
ORD-2025-00994;2024-10-02;2024-10-08;primera clase;completado;2502;P0048;6;0.00;3752.58;843.96;sillas plus 8;muebles;sillas;orion;625.43;484.77;sin dato;sin dato;3752.58;625.43;10;6
ORD-2025-00994;2024-10-02;2024-10-08;primera clase;completado;2503;P0021;6;0.05;4528.08;1844.13;computadores plus 1;tecnología;computadores;andes;794.40;441.41;sin dato;sin dato;4301.68;754.68;10;6
ORD-2025-00995;2024-03-02;2024-03-04;primera clase;enviado;2504;P0052;6;0.00;2964.90;698.70;mesas nova 2;muebles;mesas;lumen;494.15;377.70;campaña outlet 8;búsqueda;2964.90;494.15;3;2
ORD-2025-00995;2024-03-02;2024-03-04;primera clase;enviado;2505;P0100;5;0.20;210.48;20.31;archivadores smart 10;oficina;archivadores;andes;52.62;38.31;campaña outlet 8;búsqueda;168.38;42.10;3;2
ORD-2025-00996;2023-12-13;2023-12-14;mismo día;completado;2506;P0096;4;0.00;2825.96;1239.88;archivadores pro 6;oficina;archivadores;patagonia;706.49;396.52;sin dato;sin dato;2825.96;706.49;12;1
ORD-2025-00996;2023-12-13;2023-12-14;mismo día;completado;2507;P0064;3;0.10;406.38;68.99;libreros eco 4;muebles;libreros;andes;150.51;114.85;sin dato;sin dato;365.74;135.46;12;1
ORD-2025-00996;2023-12-13;2023-12-14;mismo día;completado;2508;P0011;3;0.30;1158.63;1.56;teléfonos plus 1;tecnología;teléfonos;lumen;551.73;361.63;sin dato;sin dato;811.04;386.21;12;1
ORD-2025-00997;2025-02-01;2025-02-06;primera clase;completado;2509;P0053;6;0.20;1779.41;392.28;mesas eco 3;muebles;mesas;alerce;370.71;238.71;sin dato;sin dato;1423.53;296.57;2;5
ORD-2025-00997;2025-02-01;2025-02-06;primera clase;completado;2510;P0101;2;0.20;925.94;133.23;etiquetas eco 1;oficina;etiquetas;nova;578.71;385.67;sin dato;sin dato;740.75;462.97;2;5
ORD-2025-00997;2025-02-01;2025-02-06;primera clase;completado;2511;P0038;8;0.05;3107.79;1097.57;periféricos nova 8;tecnología;periféricos;andes;408.92;250.33;sin dato;sin dato;2952.40;388.47;2;5
ORD-2025-00998;2023-04-09;2023-04-11;estándar;completado;2512;P0115;4;0.30;369.24;50.37;sobres pro 5;oficina;sobres;alerce;131.87;86.23;sin dato;sin dato;258.47;92.31;4;2
ORD-2025-00998;2023-04-09;2023-04-11;estándar;completado;2513;P0003;8;0.05;6598.78;1121.59;accesorios plus 3;tecnología;accesorios;altura;868.26;685.10;sin dato;sin dato;6268.84;824.85;4;2
ORD-2025-00998;2023-04-09;2023-04-11;estándar;completado;2514;P0008;8;0.00;3172.80;971.28;accesorios plus 8;tecnología;accesorios;andes;396.60;275.19;sin dato;sin dato;3172.80;396.60;4;2
ORD-2025-00998;2023-04-09;2023-04-11;estándar;completado;2515;P0013;5;0.20;1143.44;238.68;teléfonos nova 3;tecnología;teléfonos;lumen;285.86;173.76;sin dato;sin dato;914.75;228.69;4;2
ORD-2025-00999;2023-05-24;2023-05-27;estándar;completado;2516;P0037;7;0.05;1921.72;815.14;periféricos nova 7;tecnología;periféricos;orion;288.98;157.55;sin dato;sin dato;1825.63;274.53;5;3
ORD-2025-01000;2024-02-11;2024-02-12;segunda clase;enviado;2517;P0045;7;0.05;3557.08;784.37;sillas eco 5;muebles;sillas;lumen;534.90;391.64;campaña cliente vip 5;display;3379.23;508.15;2;1
ORD-2025-01000;2024-02-11;2024-02-12;segunda clase;enviado;2518;P0077;2;0.30;153.29;55.50;almacenamiento nova 7;muebles;almacenamiento;altura;109.49;53.64;campaña cliente vip 5;display;107.30;76.64;2;1
ORD-2025-01000;2024-02-11;2024-02-12;segunda clase;enviado;2519;P0002;4;0.20;32.19;7.48;accesorios smart 2;tecnología;accesorios;vector;10.06;5.92;campaña cliente vip 5;display;25.75;8.05;2;1
ORD-2025-01001;2024-11-11;2024-11-11;mismo día;completado;2520;P0092;5;0.30;2157.12;764.66;archivadores nova 2;oficina;archivadores;alerce;616.32;308.93;sin dato;sin dato;1509.98;431.42;11;0
ORD-2025-01001;2024-11-11;2024-11-11;mismo día;completado;2521;P0058;1;0.20;188.06;3.91;mesas nova 8;muebles;mesas;andes;235.07;180.72;sin dato;sin dato;150.45;188.06;11;0
ORD-2025-01001;2024-11-11;2024-11-11;mismo día;completado;2522;P0028;6;0.05;2634.14;1183.67;computadores pro 8;tecnología;computadores;lumen;462.13;240.82;sin dato;sin dato;2502.43;439.02;11;0
ORD-2025-01001;2024-11-11;2024-11-11;mismo día;completado;2523;P0014;7;0.00;546.49;294.70;teléfonos pro 4;tecnología;teléfonos;alerce;78.07;35.97;sin dato;sin dato;546.49;78.07;11;0
ORD-2025-01002;2024-02-15;2024-02-21;primera clase;completado;2524;P0098;2;0.05;444.43;117.93;archivadores nova 8;oficina;archivadores;lumen;233.91;164.53;sin dato;sin dato;422.21;222.22;2;6
ORD-2025-01003;2023-08-09;2023-08-12;mismo día;completado;2525;P0088;5;0.00;3479.20;1364.95;papelería eco 8;oficina;papelería;patagonia;695.84;422.85;sin dato;sin dato;3479.20;695.84;8;3
ORD-2025-01003;2023-08-09;2023-08-12;mismo día;completado;2526;P0012;1;0.00;338.48;169.42;teléfonos flex 2;tecnología;teléfonos;vector;338.48;169.06;sin dato;sin dato;338.48;338.48;8;3
ORD-2025-01004;2023-02-08;2023-02-08;estándar;cancelado;2527;P0002;5;0.00;50.30;20.70;accesorios smart 2;tecnología;accesorios;vector;10.06;5.92;sin dato;sin dato;50.30;10.06;2;0
ORD-2025-01004;2023-02-08;2023-02-08;estándar;cancelado;2528;P0109;5;0.00;3818.95;1022.35;etiquetas smart 9;oficina;etiquetas;patagonia;763.79;559.32;sin dato;sin dato;3818.95;763.79;2;0
ORD-2025-01004;2023-02-08;2023-02-08;estándar;cancelado;2529;P0020;7;0.20;2768.58;935.20;teléfonos flex 10;tecnología;teléfonos;lumen;494.39;245.07;sin dato;sin dato;2214.86;395.51;2;0
ORD-2025-01004;2023-02-08;2023-02-08;estándar;cancelado;2530;P0118;1;0.00;232.05;65.43;sobres nova 8;oficina;sobres;alerce;232.05;166.62;sin dato;sin dato;232.05;232.05;2;0
ORD-2025-01005;2023-10-26;2023-10-27;primera clase;completado;2531;P0114;3;0.00;162.30;74.58;sobres pro 4;oficina;sobres;vector;54.10;29.24;campaña activa 4;afiliados;162.30;54.10;10;1
ORD-2025-01005;2023-10-26;2023-10-27;primera clase;completado;2532;P0010;7;0.00;4746.56;1267.07;accesorios nova 10;tecnología;accesorios;andes;678.08;497.07;campaña activa 4;afiliados;4746.56;678.08;10;1
ORD-2025-01005;2023-10-26;2023-10-27;primera clase;completado;2533;P0063;2;0.05;474.01;101.47;libreros smart 3;muebles;libreros;vector;249.48;184.17;campaña activa 4;afiliados;450.31;237.00;10;1
ORD-2025-01006;2023-03-23;2023-03-25;estándar;completado;2534;P0015;4;0.00;2794.00;731.60;teléfonos plus 5;tecnología;teléfonos;nova;698.50;515.60;sin dato;sin dato;2794.00;698.50;3;2
ORD-2025-01006;2023-03-23;2023-03-25;estándar;completado;2535;P0075;5;0.00;2661.80;1306.55;almacenamiento plus 5;muebles;almacenamiento;nova;532.36;271.05;sin dato;sin dato;2661.80;532.36;3;2
ORD-2025-01006;2023-03-23;2023-03-25;estándar;completado;2536;P0116;8;0.00;6193.52;2313.12;sobres flex 6;oficina;sobres;patagonia;774.19;485.05;sin dato;sin dato;6193.52;774.19;3;2
ORD-2025-01006;2023-03-23;2023-03-25;estándar;completado;2537;P0038;2;0.00;817.84;317.18;periféricos nova 8;tecnología;periféricos;andes;408.92;250.33;sin dato;sin dato;817.84;408.92;3;2
ORD-2025-01007;2023-11-21;2023-11-22;estándar;cancelado;2538;P0056;8;0.15;4098.02;567.38;mesas flex 6;muebles;mesas;orion;602.65;441.66;sin dato;sin dato;3483.32;512.25;11;1
ORD-2025-01007;2023-11-21;2023-11-22;estándar;cancelado;2539;P0111;7;0.05;3423.82;1319.32;sobres flex 1;oficina;sobres;lumen;514.86;299.56;sin dato;sin dato;3252.63;489.12;11;1
ORD-2025-01008;2025-03-18;2025-03-18;estándar;completado;2540;P0016;5;0.00;3896.50;1983.00;teléfonos pro 6;tecnología;teléfonos;orion;779.30;382.70;campaña outlet 8;búsqueda;3896.50;779.30;3;0
ORD-2025-01008;2025-03-18;2025-03-18;estándar;completado;2541;P0045;5;0.00;2674.50;716.30;sillas eco 5;muebles;sillas;lumen;534.90;391.64;campaña outlet 8;búsqueda;2674.50;534.90;3;0
ORD-2025-01008;2025-03-18;2025-03-18;estándar;completado;2542;P0011;6;0.05;3144.86;986.24;teléfonos plus 1;tecnología;teléfonos;lumen;551.73;361.63;campaña outlet 8;búsqueda;2987.62;524.14;3;0
ORD-2025-01008;2025-03-18;2025-03-18;estándar;completado;2543;P0077;7;0.00;766.43;390.95;almacenamiento nova 7;muebles;almacenamiento;altura;109.49;53.64;campaña outlet 8;búsqueda;766.43;109.49;3;0
ORD-2025-01009;2023-09-17;2023-09-23;segunda clase;devuelto;2544;P0095;5;0.00;2636.25;1214.65;archivadores plus 5;oficina;archivadores;altura;527.25;284.32;campaña activa 3;afiliados;2636.25;527.25;9;6
ORD-2025-01009;2023-09-17;2023-09-23;segunda clase;devuelto;2545;P0037;8;0.00;2311.84;1051.44;periféricos nova 7;tecnología;periféricos;orion;288.98;157.55;campaña activa 3;afiliados;2311.84;288.98;9;6
ORD-2025-01009;2023-09-17;2023-09-23;segunda clase;devuelto;2546;P0075;5;0.15;2262.53;919.11;almacenamiento plus 5;muebles;almacenamiento;nova;532.36;271.05;campaña activa 3;afiliados;1923.15;452.51;9;6
ORD-2025-01009;2023-09-17;2023-09-23;segunda clase;devuelto;2547;P0065;4;0.00;1715.16;863.92;libreros pro 5;muebles;libreros;nova;428.79;212.81;campaña activa 3;afiliados;1715.16;428.79;9;6
ORD-2025-01010;2024-03-19;2024-03-22;primera clase;completado;2548;P0114;3;0.00;162.30;74.58;sobres pro 4;oficina;sobres;vector;54.10;29.24;campaña ahorro 7;afiliados;162.30;54.10;3;3
ORD-2025-01010;2024-03-19;2024-03-22;primera clase;completado;2549;P0059;3;0.20;331.39;66.01;mesas smart 9;muebles;mesas;andes;138.08;89.52;campaña ahorro 7;afiliados;265.11;110.46;3;3
ORD-2025-01010;2024-03-19;2024-03-22;primera clase;completado;2550;P0052;6;0.00;2964.90;698.70;mesas nova 2;muebles;mesas;lumen;494.15;377.70;campaña ahorro 7;afiliados;2964.90;494.15;3;3
ORD-2025-01011;2023-01-24;2023-01-29;primera clase;enviado;2551;P0001;7;0.20;2496.70;933.04;accesorios flex 1;tecnología;accesorios;alerce;445.84;210.50;campaña cliente vip 5;display;1997.36;356.67;1;5
ORD-2025-01011;2023-01-24;2023-01-29;primera clase;enviado;2552;P0006;8;0.00;6954.24;2777.12;accesorios nova 6;tecnología;accesorios;andes;869.28;522.14;campaña cliente vip 5;display;6954.24;869.28;1;5
ORD-2025-01012;2024-02-23;2024-02-27;estándar;completado;2553;P0069;3;0.00;2003.58;593.43;libreros smart 9;muebles;libreros;patagonia;667.86;470.05;sin dato;sin dato;2003.58;667.86;2;4
ORD-2025-01012;2024-02-23;2024-02-27;estándar;completado;2554;P0025;2;0.00;1527.42;488.10;computadores plus 5;tecnología;computadores;orion;763.71;519.66;sin dato;sin dato;1527.42;763.71;2;4
ORD-2025-01013;2023-08-23;2023-08-24;segunda clase;completado;2555;P0069;5;0.30;2337.51;56.69;libreros smart 9;muebles;libreros;patagonia;667.86;470.05;sin dato;sin dato;1636.26;467.50;8;1
ORD-2025-01014;2023-07-17;2023-07-19;primera clase;completado;2556;P0035;2;0.00;1529.42;451.90;periféricos nova 5;tecnología;periféricos;orion;764.71;538.76;sin dato;sin dato;1529.42;764.71;7;2
ORD-2025-01015;2024-09-11;2024-09-17;estándar;enviado;2557;P0120;4;0.15;2401.32;624.69;sobres plus 10;oficina;sobres;altura;706.27;437.08;campaña ahorro 6;afiliados;2041.12;600.33;9;6
ORD-2025-01016;2023-11-23;2023-11-29;segunda clase;cancelado;2558;P0119;1;0.20;496.19;158.96;sobres plus 9;oficina;sobres;andes;620.24;347.69;sin dato;sin dato;396.95;496.19;11;6
ORD-2025-01016;2023-11-23;2023-11-29;segunda clase;cancelado;2559;P0063;1;0.30;174.64;-10.26;libreros smart 3;muebles;libreros;vector;249.48;184.17;sin dato;sin dato;122.25;174.64;11;6
ORD-2025-01017;2024-07-07;2024-07-07;primera clase;completado;2560;P0117;6;0.05;4249.12;849.96;sobres eco 7;oficina;sobres;vector;745.46;569.49;sin dato;sin dato;4036.66;708.19;7;0
ORD-2025-01017;2024-07-07;2024-07-07;primera clase;completado;2561;P0112;3;0.00;1360.95;682.32;sobres pro 2;oficina;sobres;orion;453.65;226.21;sin dato;sin dato;1360.95;453.65;7;0
ORD-2025-01017;2024-07-07;2024-07-07;primera clase;completado;2562;P0037;8;0.20;1849.47;533.61;periféricos nova 7;tecnología;periféricos;orion;288.98;157.55;sin dato;sin dato;1479.58;231.18;7;0
ORD-2025-01018;2024-07-17;2024-07-17;segunda clase;completado;2563;P0064;1;0.05;142.98;28.24;libreros eco 4;muebles;libreros;andes;150.51;114.85;campaña activa 4;afiliados;135.83;142.98;7;0
ORD-2025-01018;2024-07-17;2024-07-17;segunda clase;completado;2564;P0086;3;0.00;1938.39;819.63;papelería flex 6;oficina;papelería;andes;646.13;372.92;campaña activa 4;afiliados;1938.39;646.13;7;0
ORD-2025-01018;2024-07-17;2024-07-17;segunda clase;completado;2565;P0033;4;0.20;2826.72;29.59;periféricos nova 3;tecnología;periféricos;altura;883.35;692.48;campaña activa 4;afiliados;2261.38;706.68;7;0
ORD-2025-01019;2025-04-13;2025-04-15;mismo día;cancelado;2566;P0076;5;0.00;573.70;264.80;almacenamiento eco 6;muebles;almacenamiento;patagonia;114.74;61.78;sin dato;sin dato;573.70;114.74;4;2
ORD-2025-01019;2025-04-13;2025-04-15;mismo día;cancelado;2567;P0024;1;0.20;645.88;236.37;computadores nova 4;tecnología;computadores;vector;807.35;402.87;sin dato;sin dato;516.70;645.88;4;2
ORD-2025-01019;2025-04-13;2025-04-15;mismo día;cancelado;2568;P0073;1;0.10;157.28;38.23;almacenamiento eco 3;muebles;almacenamiento;orion;174.76;120.04;sin dato;sin dato;141.55;157.28;4;2
ORD-2025-01020;2024-09-14;2024-09-20;estándar;completado;2569;P0050;6;0.20;1159.82;385.46;sillas nova 10;muebles;sillas;lumen;241.63;129.84;sin dato;sin dato;927.86;193.30;9;6
ORD-2025-01021;2025-02-13;2025-02-15;primera clase;completado;2570;P0054;2;0.05;156.79;35.20;mesas eco 4;muebles;mesas;altura;82.52;60.93;campaña cliente vip 1;email;148.95;78.40;2;2
ORD-2025-01021;2025-02-13;2025-02-15;primera clase;completado;2571;P0039;1;0.00;237.11;48.20;periféricos nova 9;tecnología;periféricos;vector;237.11;188.91;campaña cliente vip 1;email;237.11;237.11;2;2
ORD-2025-01021;2025-02-13;2025-02-15;primera clase;completado;2572;P0066;5;0.05;1709.29;835.95;libreros smart 6;muebles;libreros;lumen;359.85;174.82;campaña cliente vip 1;email;1623.83;341.86;2;2
ORD-2025-01021;2025-02-13;2025-02-15;primera clase;completado;2573;P0079;3;0.20;117.29;11.98;almacenamiento nova 9;muebles;almacenamiento;alerce;48.87;35.90;campaña cliente vip 1;email;93.83;39.10;2;2
ORD-2025-01022;2025-03-03;2025-03-09;primera clase;cancelado;2574;P0069;5;0.00;3339.30;989.05;libreros smart 9;muebles;libreros;patagonia;667.86;470.05;sin dato;sin dato;3339.30;667.86;3;6
ORD-2025-01023;2023-06-28;2023-06-29;primera clase;enviado;2575;P0091;3;0.10;1391.28;358.76;archivadores flex 1;oficina;archivadores;alerce;515.29;352.20;campaña cliente vip 1;email;1252.15;463.76;6;1
ORD-2025-01023;2023-06-28;2023-06-29;primera clase;enviado;2576;P0044;4;0.20;2331.36;515.48;sillas plus 4;muebles;sillas;orion;728.55;448.12;campaña cliente vip 1;email;1865.09;582.84;6;1
ORD-2025-01023;2023-06-28;2023-06-29;primera clase;enviado;2577;P0069;6;0.15;3406.09;595.76;libreros smart 9;muebles;libreros;patagonia;667.86;470.05;campaña cliente vip 1;email;2895.18;567.68;6;1
ORD-2025-01023;2023-06-28;2023-06-29;primera clase;enviado;2578;P0050;3;0.30;507.42;112.41;sillas nova 10;muebles;sillas;lumen;241.63;129.84;campaña cliente vip 1;email;355.19;169.14;6;1
ORD-2025-01024;2023-06-16;2023-06-18;segunda clase;completado;2579;P0080;6;0.10;4271.99;2008.36;almacenamiento plus 10;muebles;almacenamiento;patagonia;791.11;381.74;campaña outlet 8;búsqueda;3844.79;712.00;6;2
ORD-2025-01024;2023-06-16;2023-06-18;segunda clase;completado;2580;P0109;2;0.15;1298.44;166.97;etiquetas smart 9;oficina;etiquetas;patagonia;763.79;559.32;campaña outlet 8;búsqueda;1103.67;649.22;6;2
ORD-2025-01025;2024-02-01;2024-02-02;segunda clase;cancelado;2581;P0051;3;0.00;284.64;108.78;mesas smart 1;muebles;mesas;orion;94.88;58.62;sin dato;sin dato;284.64;94.88;2;1
ORD-2025-01025;2024-02-01;2024-02-02;segunda clase;cancelado;2582;P0063;5;0.00;1247.40;326.55;libreros smart 3;muebles;libreros;vector;249.48;184.17;sin dato;sin dato;1247.40;249.48;2;1
ORD-2025-01025;2024-02-01;2024-02-02;segunda clase;cancelado;2583;P0004;5;0.00;140.60;41.55;accesorios eco 4;tecnología;accesorios;orion;28.12;19.81;sin dato;sin dato;140.60;28.12;2;1
ORD-2025-01025;2024-02-01;2024-02-02;segunda clase;cancelado;2584;P0116;2;0.15;1316.12;328.88;sobres flex 6;oficina;sobres;patagonia;774.19;485.05;sin dato;sin dato;1118.70;658.06;2;1
ORD-2025-01026;2024-01-27;2024-01-31;segunda clase;completado;2585;P0097;1;0.05;253.69;46.72;archivadores smart 7;oficina;archivadores;altura;267.04;208.99;campaña cliente vip 1;email;241.01;253.69;1;4
ORD-2025-01026;2024-01-27;2024-01-31;segunda clase;completado;2586;P0076;3;0.00;344.22;158.88;almacenamiento eco 6;muebles;almacenamiento;patagonia;114.74;61.78;campaña cliente vip 1;email;344.22;114.74;1;4
ORD-2025-01026;2024-01-27;2024-01-31;segunda clase;completado;2587;P0001;3;0.00;1337.52;706.02;accesorios flex 1;tecnología;accesorios;alerce;445.84;210.50;campaña cliente vip 1;email;1337.52;445.84;1;4
ORD-2025-01027;2023-02-19;2023-02-19;segunda clase;completado;2588;P0063;8;0.00;1995.84;522.48;libreros smart 3;muebles;libreros;vector;249.48;184.17;sin dato;sin dato;1995.84;249.48;2;0
ORD-2025-01027;2023-02-19;2023-02-19;segunda clase;completado;2589;P0008;1;0.00;396.60;121.41;accesorios plus 8;tecnología;accesorios;andes;396.60;275.19;sin dato;sin dato;396.60;396.60;2;0
ORD-2025-01028;2023-04-12;2023-04-15;primera clase;completado;2590;P0009;6;0.15;4400.18;1504.63;accesorios flex 9;tecnología;accesorios;patagonia;862.78;458.27;campaña ahorro 6;afiliados;3740.15;733.36;4;3
ORD-2025-01028;2023-04-12;2023-04-15;primera clase;completado;2591;P0001;8;0.00;3566.72;1882.72;accesorios flex 1;tecnología;accesorios;alerce;445.84;210.50;campaña ahorro 6;afiliados;3566.72;445.84;4;3
ORD-2025-01028;2023-04-12;2023-04-15;primera clase;completado;2592;P0102;6;0.05;2443.53;824.52;etiquetas pro 2;oficina;etiquetas;vector;428.69;272.95;campaña ahorro 6;afiliados;2321.35;407.26;4;3
ORD-2025-01028;2023-04-12;2023-04-15;primera clase;completado;2593;P0011;7;0.30;2703.48;188.07;teléfonos plus 1;tecnología;teléfonos;lumen;551.73;361.63;campaña ahorro 6;afiliados;1892.44;386.21;4;3
ORD-2025-01029;2023-12-06;2023-12-09;mismo día;enviado;2594;P0079;5;0.15;207.70;32.66;almacenamiento nova 9;muebles;almacenamiento;alerce;48.87;35.90;campaña cliente vip 5;display;176.54;41.54;12;3
ORD-2025-01030;2024-11-17;2024-11-20;mismo día;completado;2595;P0044;1;0.15;619.27;185.28;sillas plus 4;muebles;sillas;orion;728.55;448.12;sin dato;sin dato;526.38;619.27;11;3
ORD-2025-01030;2024-11-17;2024-11-20;mismo día;completado;2596;P0083;7;0.00;370.23;120.26;papelería pro 3;oficina;papelería;altura;52.89;35.71;sin dato;sin dato;370.23;52.89;11;3
ORD-2025-01030;2024-11-17;2024-11-20;mismo día;completado;2597;P0071;2;0.15;1510.48;157.98;almacenamiento flex 1;muebles;almacenamiento;patagonia;888.52;677.49;sin dato;sin dato;1283.91;755.24;11;3
ORD-2025-01030;2024-11-17;2024-11-20;mismo día;completado;2598;P0053;2;0.00;741.42;264.00;mesas eco 3;muebles;mesas;alerce;370.71;238.71;sin dato;sin dato;741.42;370.71;11;3
ORD-2025-01031;2024-11-22;2024-11-22;mismo día;completado;2599;P0027;6;0.05;226.18;115.71;computadores flex 7;tecnología;computadores;alerce;39.68;18.70;campaña outlet 8;búsqueda;214.87;37.70;11;0
ORD-2025-01031;2024-11-22;2024-11-22;mismo día;completado;2600;P0088;8;0.00;5566.72;2183.92;papelería eco 8;oficina;papelería;patagonia;695.84;422.85;campaña outlet 8;búsqueda;5566.72;695.84;11;0
ORD-2025-01031;2024-11-22;2024-11-22;mismo día;completado;2601;P0010;3;0.20;1627.39;84.31;accesorios nova 10;tecnología;accesorios;andes;678.08;497.07;campaña outlet 8;búsqueda;1301.91;542.46;11;0
ORD-2025-01031;2024-11-22;2024-11-22;mismo día;completado;2602;P0083;6;0.20;253.87;46.70;papelería pro 3;oficina;papelería;altura;52.89;35.71;campaña outlet 8;búsqueda;203.10;42.31;11;0
ORD-2025-01032;2023-03-27;2023-03-29;segunda clase;completado;2603;P0004;4;0.30;78.74;-4.96;accesorios eco 4;tecnología;accesorios;orion;28.12;19.81;sin dato;sin dato;55.12;19.68;3;2
ORD-2025-01033;2025-02-09;2025-02-13;segunda clase;completado;2604;P0027;3;0.10;107.14;51.33;computadores flex 7;tecnología;computadores;alerce;39.68;18.70;sin dato;sin dato;96.43;35.71;2;4
ORD-2025-01034;2024-09-19;2024-09-20;primera clase;enviado;2605;P0085;4;0.30;2083.23;-49.57;papelería smart 5;oficina;papelería;alerce;744.01;540.99;campaña outlet 8;búsqueda;1458.26;520.81;9;1
ORD-2025-01034;2024-09-19;2024-09-20;primera clase;enviado;2606;P0113;6;0.05;3471.36;1183.75;sobres smart 3;oficina;sobres;patagonia;609.01;376.16;campaña outlet 8;búsqueda;3297.79;578.56;9;1
ORD-2025-01034;2024-09-19;2024-09-20;primera clase;enviado;2607;P0006;2;0.00;1738.56;694.28;accesorios nova 6;tecnología;accesorios;andes;869.28;522.14;campaña outlet 8;búsqueda;1738.56;869.28;9;1
ORD-2025-01034;2024-09-19;2024-09-20;primera clase;enviado;2608;P0105;7;0.15;1543.91;718.79;etiquetas pro 5;oficina;etiquetas;lumen;259.48;123.11;campaña outlet 8;búsqueda;1312.32;220.56;9;1
ORD-2025-01035;2023-10-27;2023-10-28;primera clase;enviado;2609;P0063;3;0.10;673.60;126.60;libreros smart 3;muebles;libreros;vector;249.48;184.17;campaña activa 4;afiliados;606.24;224.53;10;1
ORD-2025-01035;2023-10-27;2023-10-28;primera clase;enviado;2610;P0029;4;0.30;787.14;-71.53;computadores eco 9;tecnología;computadores;patagonia;281.12;199.48;campaña activa 4;afiliados;551.00;196.78;10;1
ORD-2025-01036;2023-11-18;2023-11-24;primera clase;devuelto;2611;P0066;5;0.20;1439.40;614.28;libreros smart 6;muebles;libreros;lumen;359.85;174.82;campaña outlet 8;búsqueda;1151.52;287.88;11;6
ORD-2025-01036;2023-11-18;2023-11-24;primera clase;devuelto;2612;P0105;5;0.15;1102.79;461.52;etiquetas pro 5;oficina;etiquetas;lumen;259.48;123.11;campaña outlet 8;búsqueda;937.37;220.56;11;6
ORD-2025-01036;2023-11-18;2023-11-24;primera clase;devuelto;2613;P0040;7;0.00;5194.07;2180.01;periféricos eco 10;tecnología;periféricos;andes;742.01;430.58;campaña outlet 8;búsqueda;5194.07;742.01;11;6
ORD-2025-01036;2023-11-18;2023-11-24;primera clase;devuelto;2614;P0075;3;0.20;1277.66;486.62;almacenamiento plus 5;muebles;almacenamiento;nova;532.36;271.05;campaña outlet 8;búsqueda;1022.13;425.89;11;6
ORD-2025-01037;2023-05-27;2023-06-02;segunda clase;enviado;2615;P0113;7;0.30;2984.15;515.08;sobres smart 3;oficina;sobres;patagonia;609.01;376.16;sin dato;sin dato;2088.90;426.31;5;6
ORD-2025-01037;2023-05-27;2023-06-02;segunda clase;enviado;2616;P0095;6;0.00;3163.50;1457.58;archivadores plus 5;oficina;archivadores;altura;527.25;284.32;sin dato;sin dato;3163.50;527.25;5;6
ORD-2025-01037;2023-05-27;2023-06-02;segunda clase;enviado;2617;P0033;5;0.00;4416.75;954.35;periféricos nova 3;tecnología;periféricos;altura;883.35;692.48;sin dato;sin dato;4416.75;883.35;5;6
ORD-2025-01037;2023-05-27;2023-06-02;segunda clase;enviado;2618;P0039;7;0.15;1410.80;48.50;periféricos nova 9;tecnología;periféricos;vector;237.11;188.91;sin dato;sin dato;1199.18;201.54;5;6
ORD-2025-01038;2025-03-17;2025-03-18;estándar;completado;2619;P0064;8;0.00;1204.08;285.28;libreros eco 4;muebles;libreros;andes;150.51;114.85;campaña outlet 8;búsqueda;1204.08;150.51;3;1
ORD-2025-01038;2025-03-17;2025-03-18;estándar;completado;2620;P0090;1;0.30;531.57;87.61;papelería plus 10;oficina;papelería;orion;759.39;487.32;campaña outlet 8;búsqueda;372.10;531.57;3;1
ORD-2025-01038;2025-03-17;2025-03-18;estándar;completado;2621;P0084;3;0.00;2208.36;1153.68;papelería flex 4;oficina;papelería;altura;736.12;351.56;campaña outlet 8;búsqueda;2208.36;736.12;3;1
ORD-2025-01039;2023-07-17;2023-07-20;estándar;enviado;2622;P0041;2;0.20;247.23;46.38;sillas eco 1;muebles;sillas;vector;154.52;100.57;sin dato;sin dato;197.78;123.62;7;3
ORD-2025-01039;2023-07-17;2023-07-20;estándar;enviado;2623;P0002;7;0.05;66.90;25.59;accesorios smart 2;tecnología;accesorios;vector;10.06;5.92;sin dato;sin dato;63.55;9.56;7;3
ORD-2025-01039;2023-07-17;2023-07-20;estándar;enviado;2624;P0086;3;0.20;1550.71;478.40;papelería flex 6;oficina;papelería;andes;646.13;372.92;sin dato;sin dato;1240.57;516.90;7;3
ORD-2025-01040;2023-05-22;2023-05-28;estándar;completado;2625;P0065;5;0.00;2143.95;1079.90;libreros pro 5;muebles;libreros;nova;428.79;212.81;sin dato;sin dato;2143.95;428.79;5;6
ORD-2025-01040;2023-05-22;2023-05-28;estándar;completado;2626;P0099;4;0.05;40.17;19.75;archivadores eco 9;oficina;archivadores;orion;10.57;5.00;sin dato;sin dato;38.16;10.04;5;6
ORD-2025-01040;2023-05-22;2023-05-28;estándar;completado;2627;P0055;8;0.20;3706.30;1169.92;mesas plus 5;muebles;mesas;vector;579.11;339.15;sin dato;sin dato;2965.04;463.29;5;6
ORD-2025-01041;2024-09-11;2024-09-14;estándar;enviado;2628;P0049;1;0.15;245.75;31.37;sillas smart 9;muebles;sillas;orion;289.12;211.95;sin dato;sin dato;208.89;245.75;9;3
ORD-2025-01041;2024-09-11;2024-09-14;estándar;enviado;2629;P0078;5;0.20;1200.88;478.69;almacenamiento eco 8;muebles;almacenamiento;andes;300.22;135.39;sin dato;sin dato;960.70;240.18;9;3
ORD-2025-01042;2024-07-29;2024-07-31;estándar;completado;2630;P0019;5;0.15;2233.08;210.33;teléfonos eco 9;tecnología;teléfonos;andes;525.43;396.24;sin dato;sin dato;1898.12;446.62;7;2
ORD-2025-01042;2024-07-29;2024-07-31;estándar;completado;2631;P0117;4;0.15;2534.56;337.13;sobres eco 7;oficina;sobres;vector;745.46;569.49;sin dato;sin dato;2154.38;633.64;7;2
ORD-2025-01043;2023-04-21;2023-04-23;estándar;completado;2632;P0028;1;0.10;415.92;179.62;computadores pro 8;tecnología;computadores;lumen;462.13;240.82;campaña ahorro 2;afiliados;374.33;415.92;4;2
ORD-2025-01044;2023-10-16;2023-10-16;mismo día;completado;2633;P0010;4;0.15;2305.47;367.49;accesorios nova 10;tecnología;accesorios;andes;678.08;497.07;campaña ahorro 2;afiliados;1959.65;576.37;10;0
ORD-2025-01044;2023-10-16;2023-10-16;mismo día;completado;2634;P0036;4;0.30;2456.16;852.80;periféricos nova 6;tecnología;periféricos;patagonia;877.20;420.81;campaña ahorro 2;afiliados;1719.31;614.04;10;0
ORD-2025-01044;2023-10-16;2023-10-16;mismo día;completado;2635;P0046;1;0.05;80.63;36.30;sillas pro 6;muebles;sillas;nova;84.87;45.10;campaña ahorro 2;afiliados;76.60;80.63;10;0
ORD-2025-01045;2024-02-17;2024-02-21;mismo día;completado;2636;P0108;8;0.10;3534.84;467.40;etiquetas flex 8;oficina;etiquetas;patagonia;490.95;392.54;sin dato;sin dato;3181.36;441.86;2;4
ORD-2025-01045;2024-02-17;2024-02-21;mismo día;completado;2637;P0020;8;0.00;3955.12;1994.56;teléfonos flex 10;tecnología;teléfonos;lumen;494.39;245.07;sin dato;sin dato;3955.12;494.39;2;4
ORD-2025-01045;2024-02-17;2024-02-21;mismo día;completado;2638;P0062;2;0.20;745.09;304.44;libreros plus 2;muebles;libreros;vector;465.68;235.47;sin dato;sin dato;596.07;372.54;2;4
ORD-2025-01045;2024-02-17;2024-02-21;mismo día;completado;2639;P0067;7;0.20;967.51;157.77;libreros pro 7;muebles;libreros;nova;172.77;109.03;sin dato;sin dato;774.01;138.22;2;4
ORD-2025-01046;2023-03-29;2023-04-02;mismo día;enviado;2640;P0075;4;0.05;2022.97;953.26;almacenamiento plus 5;muebles;almacenamiento;nova;532.36;271.05;sin dato;sin dato;1921.82;505.74;3;4
ORD-2025-01046;2023-03-29;2023-04-02;mismo día;enviado;2641;P0061;1;0.15;744.06;261.14;libreros plus 1;muebles;libreros;altura;875.36;463.75;sin dato;sin dato;632.45;744.06;3;4
ORD-2025-01046;2023-03-29;2023-04-02;mismo día;enviado;2642;P0069;4;0.15;2270.72;440.28;libreros smart 9;muebles;libreros;patagonia;667.86;470.05;sin dato;sin dato;1930.11;567.68;3;4
ORD-2025-01047;2023-03-10;2023-03-14;segunda clase;completado;2643;P0032;6;0.05;4124.46;1043.44;periféricos eco 2;tecnología;periféricos;vector;723.59;506.45;campaña ahorro 6;afiliados;3918.24;687.41;3;4
ORD-2025-01047;2023-03-10;2023-03-14;segunda clase;completado;2644;P0037;3;0.20;693.55;227.83;periféricos nova 7;tecnología;periféricos;orion;288.98;157.55;campaña ahorro 6;afiliados;554.84;231.18;3;4
ORD-2025-01047;2023-03-10;2023-03-14;segunda clase;completado;2645;P0013;8;0.30;1600.82;255.97;teléfonos nova 3;tecnología;teléfonos;lumen;285.86;173.76;campaña ahorro 6;afiliados;1120.57;200.10;3;4
ORD-2025-01048;2024-11-28;2024-11-30;mismo día;completado;2646;P0078;4;0.00;1200.88;659.32;almacenamiento eco 8;muebles;almacenamiento;andes;300.22;135.39;sin dato;sin dato;1200.88;300.22;11;2
ORD-2025-01048;2024-11-28;2024-11-30;mismo día;completado;2647;P0001;3;0.15;1136.89;529.11;accesorios flex 1;tecnología;accesorios;alerce;445.84;210.50;sin dato;sin dato;966.36;378.96;11;2
ORD-2025-01048;2024-11-28;2024-11-30;mismo día;completado;2648;P0023;8;0.20;5077.57;1952.39;computadores pro 3;tecnología;computadores;patagonia;793.37;395.09;sin dato;sin dato;4062.06;634.70;11;2
ORD-2025-01048;2024-11-28;2024-11-30;mismo día;completado;2649;P0033;6;0.00;5300.10;1145.22;periféricos nova 3;tecnología;periféricos;altura;883.35;692.48;sin dato;sin dato;5300.10;883.35;11;2
ORD-2025-01049;2023-11-24;2023-11-25;primera clase;completado;2650;P0031;1;0.30;162.81;40.89;periféricos smart 1;tecnología;periféricos;andes;232.58;113.04;sin dato;sin dato;113.97;162.81;11;1
ORD-2025-01050;2024-07-31;2024-08-03;segunda clase;completado;2651;P0062;8;0.30;2607.81;743.77;libreros plus 2;muebles;libreros;vector;465.68;235.47;campaña cliente vip 1;email;1825.47;325.98;7;3
ORD-2025-01050;2024-07-31;2024-08-03;segunda clase;completado;2652;P0016;5;0.00;3896.50;1983.00;teléfonos pro 6;tecnología;teléfonos;orion;779.30;382.70;campaña cliente vip 1;email;3896.50;779.30;7;3
ORD-2025-01051;2024-02-04;2024-02-05;estándar;completado;2653;P0007;3;0.10;845.34;428.10;accesorios nova 7;tecnología;accesorios;alerce;313.09;143.58;campaña cliente vip 1;email;760.81;281.78;2;1
ORD-2025-01052;2024-05-15;2024-05-16;primera clase;devuelto;2654;P0109;8;0.30;4277.22;100.41;etiquetas smart 9;oficina;etiquetas;patagonia;763.79;559.32;sin dato;sin dato;2994.05;534.65;5;1
ORD-2025-01052;2024-05-15;2024-05-16;primera clase;devuelto;2655;P0120;2;0.30;988.78;181.01;sobres plus 10;oficina;sobres;altura;706.27;437.08;sin dato;sin dato;692.15;494.39;5;1
ORD-2025-01052;2024-05-15;2024-05-16;primera clase;devuelto;2656;P0091;7;0.15;3065.98;541.73;archivadores flex 1;oficina;archivadores;alerce;515.29;352.20;sin dato;sin dato;2606.08;438.00;5;1
ORD-2025-01052;2024-05-15;2024-05-16;primera clase;devuelto;2657;P0099;8;0.20;67.65;29.03;archivadores eco 9;oficina;archivadores;orion;10.57;5.00;sin dato;sin dato;54.12;8.46;5;1
ORD-2025-01053;2023-08-29;2023-08-30;primera clase;completado;2658;P0120;5;0.00;3531.35;1345.95;sobres plus 10;oficina;sobres;altura;706.27;437.08;campaña cliente vip 5;display;3531.35;706.27;8;1
ORD-2025-01053;2023-08-29;2023-08-30;primera clase;completado;2659;P0088;6;0.05;3966.29;1405.78;papelería eco 8;oficina;papelería;patagonia;695.84;422.85;campaña cliente vip 5;display;3767.98;661.05;8;1
ORD-2025-01054;2023-05-11;2023-05-17;segunda clase;enviado;2660;P0059;1;0.15;117.37;26.25;mesas smart 9;muebles;mesas;andes;138.08;89.52;campaña ahorro 2;afiliados;99.76;117.37;5;6
ORD-2025-01055;2024-03-07;2024-03-07;estándar;completado;2661;P0005;2;0.00;1783.34;681.72;accesorios flex 5;tecnología;accesorios;vector;891.67;550.81;sin dato;sin dato;1783.34;891.67;3;0
ORD-2025-01055;2024-03-07;2024-03-07;estándar;completado;2662;P0054;1;0.00;82.52;21.59;mesas eco 4;muebles;mesas;altura;82.52;60.93;sin dato;sin dato;82.52;82.52;3;0
ORD-2025-01055;2024-03-07;2024-03-07;estándar;completado;2663;P0052;6;0.05;2816.65;540.41;mesas nova 2;muebles;mesas;lumen;494.15;377.70;sin dato;sin dato;2675.82;469.44;3;0
ORD-2025-01056;2024-09-04;2024-09-07;segunda clase;cancelado;2664;P0037;4;0.15;982.53;352.89;periféricos nova 7;tecnología;periféricos;orion;288.98;157.55;sin dato;sin dato;835.15;245.63;9;3
ORD-2025-01056;2024-09-04;2024-09-07;segunda clase;cancelado;2665;P0077;3;0.00;328.47;167.55;almacenamiento nova 7;muebles;almacenamiento;altura;109.49;53.64;sin dato;sin dato;328.47;109.49;9;3
ORD-2025-01056;2024-09-04;2024-09-07;segunda clase;cancelado;2666;P0061;2;0.10;1575.65;656.24;libreros plus 1;muebles;libreros;altura;875.36;463.75;sin dato;sin dato;1418.09;787.82;9;3
ORD-2025-01057;2023-10-18;2023-10-23;estándar;enviado;2667;P0064;3;0.20;361.22;19.45;libreros eco 4;muebles;libreros;andes;150.51;114.85;sin dato;sin dato;288.98;120.41;10;5
ORD-2025-01058;2023-05-26;2023-05-28;segunda clase;completado;2668;P0086;3;0.10;1744.55;664.36;papelería flex 6;oficina;papelería;andes;646.13;372.92;campaña ahorro 6;afiliados;1570.10;581.52;5;2
ORD-2025-01058;2023-05-26;2023-05-28;segunda clase;completado;2669;P0089;3;0.00;1053.36;357.93;papelería plus 9;oficina;papelería;vector;351.12;231.81;campaña ahorro 6;afiliados;1053.36;351.12;5;2
ORD-2025-01058;2023-05-26;2023-05-28;segunda clase;completado;2670;P0012;5;0.20;1353.92;469.37;teléfonos flex 2;tecnología;teléfonos;vector;338.48;169.06;campaña ahorro 6;afiliados;1083.14;270.78;5;2
ORD-2025-01058;2023-05-26;2023-05-28;segunda clase;completado;2671;P0076;1;0.15;97.53;37.26;almacenamiento eco 6;muebles;almacenamiento;patagonia;114.74;61.78;campaña ahorro 6;afiliados;82.90;97.53;5;2
ORD-2025-01059;2023-04-28;2023-05-01;estándar;completado;2672;P0031;6;0.20;1116.38;399.63;periféricos smart 1;tecnología;periféricos;andes;232.58;113.04;sin dato;sin dato;893.10;186.06;4;3
ORD-2025-01059;2023-04-28;2023-05-01;estándar;completado;2673;P0049;4;0.00;1156.48;308.68;sillas smart 9;muebles;sillas;orion;289.12;211.95;sin dato;sin dato;1156.48;289.12;4;3
ORD-2025-01060;2025-01-09;2025-01-09;segunda clase;completado;2674;P0067;2;0.00;345.54;127.48;libreros pro 7;muebles;libreros;nova;172.77;109.03;sin dato;sin dato;345.54;172.77;1;0
ORD-2025-01060;2025-01-09;2025-01-09;segunda clase;completado;2675;P0110;1;0.00;60.32;25.38;etiquetas nova 10;oficina;etiquetas;orion;60.32;34.94;sin dato;sin dato;60.32;60.32;1;0
ORD-2025-01060;2025-01-09;2025-01-09;segunda clase;completado;2676;P0043;5;0.00;3523.00;1494.85;sillas smart 3;muebles;sillas;altura;704.60;405.63;sin dato;sin dato;3523.00;704.60;1;0
ORD-2025-01060;2025-01-09;2025-01-09;segunda clase;completado;2677;P0080;1;0.05;751.55;376.94;almacenamiento plus 10;muebles;almacenamiento;patagonia;791.11;381.74;sin dato;sin dato;713.97;751.55;1;0
ORD-2025-01061;2024-10-10;2024-10-13;mismo día;completado;2678;P0069;1;0.00;667.86;197.81;libreros smart 9;muebles;libreros;patagonia;667.86;470.05;campaña ahorro 2;afiliados;667.86;667.86;10;3
ORD-2025-01061;2024-10-10;2024-10-13;mismo día;completado;2679;P0087;7;0.00;5182.59;1503.60;papelería flex 7;oficina;papelería;andes;740.37;525.57;campaña ahorro 2;afiliados;5182.59;740.37;10;3
ORD-2025-01062;2024-12-15;2024-12-17;primera clase;enviado;2680;P0010;2;0.00;1356.16;362.02;accesorios nova 10;tecnología;accesorios;andes;678.08;497.07;sin dato;sin dato;1356.16;678.08;12;2
ORD-2025-01062;2024-12-15;2024-12-17;primera clase;enviado;2681;P0087;4;0.00;2961.48;859.20;papelería flex 7;oficina;papelería;andes;740.37;525.57;sin dato;sin dato;2961.48;740.37;12;2
ORD-2025-01063;2023-07-27;2023-07-31;estándar;devuelto;2682;P0096;5;0.00;3532.45;1549.85;archivadores pro 6;oficina;archivadores;patagonia;706.49;396.52;campaña cliente vip 5;display;3532.45;706.49;7;4
ORD-2025-01064;2024-02-22;2024-02-27;estándar;completado;2683;P0055;8;0.00;4632.88;1919.68;mesas plus 5;muebles;mesas;vector;579.11;339.15;sin dato;sin dato;4632.88;579.11;2;5
ORD-2025-01064;2024-02-22;2024-02-27;estándar;completado;2684;P0051;3;0.05;270.41;95.07;mesas smart 1;muebles;mesas;orion;94.88;58.62;sin dato;sin dato;256.89;90.14;2;5
ORD-2025-01064;2024-02-22;2024-02-27;estándar;completado;2685;P0056;6;0.00;3615.90;965.94;mesas flex 6;muebles;mesas;orion;602.65;441.66;sin dato;sin dato;3615.90;602.65;2;5
ORD-2025-01064;2024-02-22;2024-02-27;estándar;completado;2686;P0113;3;0.30;1278.92;57.41;sobres smart 3;oficina;sobres;patagonia;609.01;376.16;sin dato;sin dato;895.24;426.31;2;5
ORD-2025-01065;2023-07-08;2023-07-11;estándar;completado;2687;P0058;7;0.00;1645.49;380.45;mesas nova 8;muebles;mesas;andes;235.07;180.72;campaña outlet 8;búsqueda;1645.49;235.07;7;3
ORD-2025-01065;2023-07-08;2023-07-11;estándar;completado;2688;P0022;3;0.00;1293.66;651.42;computadores pro 2;tecnología;computadores;altura;431.22;214.08;campaña outlet 8;búsqueda;1293.66;431.22;7;3
ORD-2025-01066;2024-08-02;2024-08-06;mismo día;completado;2689;P0020;7;0.15;2941.62;1127.60;teléfonos flex 10;tecnología;teléfonos;lumen;494.39;245.07;campaña ahorro 6;afiliados;2500.38;420.23;8;4
ORD-2025-01066;2024-08-02;2024-08-06;mismo día;completado;2690;P0049;5;0.00;1445.60;385.85;sillas smart 9;muebles;sillas;orion;289.12;211.95;campaña ahorro 6;afiliados;1445.60;289.12;8;4
ORD-2025-01066;2024-08-02;2024-08-06;mismo día;completado;2691;P0117;6;0.00;4472.76;1055.82;sobres eco 7;oficina;sobres;vector;745.46;569.49;campaña ahorro 6;afiliados;4472.76;745.46;8;4
ORD-2025-01066;2024-08-02;2024-08-06;mismo día;completado;2692;P0118;5;0.00;1160.25;327.15;sobres nova 8;oficina;sobres;alerce;232.05;166.62;campaña ahorro 6;afiliados;1160.25;232.05;8;4
ORD-2025-01067;2023-12-04;2023-12-07;estándar;completado;2693;P0076;6;0.20;550.75;188.28;almacenamiento eco 6;muebles;almacenamiento;patagonia;114.74;61.78;sin dato;sin dato;440.60;91.79;12;3
ORD-2025-01067;2023-12-04;2023-12-07;estándar;completado;2694;P0069;8;0.00;5342.88;1582.48;libreros smart 9;muebles;libreros;patagonia;667.86;470.05;sin dato;sin dato;5342.88;667.86;12;3
ORD-2025-01068;2024-03-14;2024-03-14;estándar;enviado;2695;P0034;5;0.00;2098.40;719.55;periféricos flex 4;tecnología;periféricos;orion;419.68;275.77;campaña ahorro 6;afiliados;2098.40;419.68;3;0
ORD-2025-01068;2024-03-14;2024-03-14;estándar;enviado;2696;P0072;8;0.15;4685.06;1214.15;almacenamiento nova 2;muebles;almacenamiento;patagonia;688.98;428.10;campaña ahorro 6;afiliados;3982.30;585.63;3;0
ORD-2025-01069;2024-10-19;2024-10-19;estándar;completado;2697;P0094;3;0.15;459.10;74.67;archivadores pro 4;oficina;archivadores;alerce;180.04;126.70;sin dato;sin dato;390.24;153.03;10;0
ORD-2025-01070;2024-02-05;2024-02-11;segunda clase;completado;2698;P0052;6;0.00;2964.90;698.70;mesas nova 2;muebles;mesas;lumen;494.15;377.70;sin dato;sin dato;2964.90;494.15;2;6
ORD-2025-01071;2023-07-13;2023-07-16;estándar;enviado;2699;P0114;1;0.00;54.10;24.86;sobres pro 4;oficina;sobres;vector;54.10;29.24;sin dato;sin dato;54.10;54.10;7;3
ORD-2025-01071;2023-07-13;2023-07-16;estándar;enviado;2700;P0082;4;0.00;2363.44;1289.68;papelería eco 2;oficina;papelería;orion;590.86;268.44;sin dato;sin dato;2363.44;590.86;7;3
ORD-2025-01072;2024-01-30;2024-02-04;mismo día;completado;2701;P0061;5;0.00;4376.80;2058.05;libreros plus 1;muebles;libreros;altura;875.36;463.75;sin dato;sin dato;4376.80;875.36;1;5
ORD-2025-01072;2024-01-30;2024-02-04;mismo día;completado;2702;P0064;2;0.10;270.92;43.57;libreros eco 4;muebles;libreros;andes;150.51;114.85;sin dato;sin dato;243.83;135.46;1;5
ORD-2025-01073;2024-11-25;2024-12-01;mismo día;completado;2703;P0101;4;0.15;1967.61;404.66;etiquetas eco 1;oficina;etiquetas;nova;578.71;385.67;sin dato;sin dato;1672.47;491.90;11;6
ORD-2025-01073;2024-11-25;2024-12-01;mismo día;completado;2704;P0048;4;0.10;2251.55;329.45;sillas plus 8;muebles;sillas;orion;625.43;484.77;sin dato;sin dato;2026.40;562.89;11;6
ORD-2025-01073;2024-11-25;2024-12-01;mismo día;completado;2705;P0036;7;0.20;4912.32;1771.96;periféricos nova 6;tecnología;periféricos;patagonia;877.20;420.81;sin dato;sin dato;3929.86;701.76;11;6
ORD-2025-01073;2024-11-25;2024-12-01;mismo día;completado;2706;P0046;4;0.10;305.53;125.04;sillas pro 6;muebles;sillas;nova;84.87;45.10;sin dato;sin dato;274.98;76.38;11;6
ORD-2025-01074;2025-01-29;2025-02-04;mismo día;completado;2707;P0110;7;0.30;295.57;65.39;etiquetas nova 10;oficina;etiquetas;orion;60.32;34.94;campaña ahorro 6;afiliados;206.90;42.22;1;6
ORD-2025-01074;2025-01-29;2025-02-04;mismo día;completado;2708;P0107;5;0.15;329.16;122.90;etiquetas pro 7;oficina;etiquetas;orion;77.45;42.46;campaña ahorro 6;afiliados;279.79;65.83;1;6
ORD-2025-01075;2024-04-29;2024-05-01;primera clase;completado;2709;P0099;7;0.05;70.29;35.06;archivadores eco 9;oficina;archivadores;orion;10.57;5.00;sin dato;sin dato;66.78;10.04;4;2
ORD-2025-01075;2024-04-29;2024-05-01;primera clase;completado;2710;P0039;4;0.20;758.75;-34.58;periféricos nova 9;tecnología;periféricos;vector;237.11;188.91;sin dato;sin dato;607.00;189.69;4;2
ORD-2025-01076;2023-02-02;2023-02-04;estándar;completado;2711;P0077;3;0.10;295.62;136.01;almacenamiento nova 7;muebles;almacenamiento;altura;109.49;53.64;campaña cliente vip 5;display;266.06;98.54;2;2
ORD-2025-01077;2023-02-22;2023-02-25;segunda clase;cancelado;2712;P0090;8;0.30;4252.58;552.84;papelería plus 10;oficina;papelería;orion;759.39;487.32;sin dato;sin dato;2976.81;531.57;2;3
ORD-2025-01078;2024-08-27;2024-08-29;estándar;completado;2713;P0009;7;0.00;6039.46;2831.57;accesorios flex 9;tecnología;accesorios;patagonia;862.78;458.27;campaña ahorro 6;afiliados;6039.46;862.78;8;2
ORD-2025-01079;2023-12-29;2023-12-29;estándar;completado;2714;P0003;3;0.00;2604.78;549.48;accesorios plus 3;tecnología;accesorios;altura;868.26;685.10;sin dato;sin dato;2604.78;868.26;12;0
ORD-2025-01079;2023-12-29;2023-12-29;estándar;completado;2715;P0030;2;0.00;1390.40;750.44;computadores flex 10;tecnología;computadores;alerce;695.20;319.98;sin dato;sin dato;1390.40;695.20;12;0
ORD-2025-01079;2023-12-29;2023-12-29;estándar;completado;2716;P0099;4;0.05;40.17;19.95;archivadores eco 9;oficina;archivadores;orion;10.57;5.00;sin dato;sin dato;38.16;10.04;12;0
ORD-2025-01080;2023-03-22;2023-03-28;estándar;cancelado;2717;P0085;6;0.00;4464.06;1218.12;papelería smart 5;oficina;papelería;alerce;744.01;540.99;sin dato;sin dato;4464.06;744.01;3;6
ORD-2025-01080;2023-03-22;2023-03-28;estándar;cancelado;2718;P0052;6;0.00;2964.90;698.70;mesas nova 2;muebles;mesas;lumen;494.15;377.70;sin dato;sin dato;2964.90;494.15;3;6
ORD-2025-01081;2024-07-18;2024-07-21;segunda clase;completado;2719;P0015;1;0.15;593.73;78.30;teléfonos plus 5;tecnología;teléfonos;nova;698.50;515.60;sin dato;sin dato;504.67;593.73;7;3
ORD-2025-01081;2024-07-18;2024-07-21;segunda clase;completado;2720;P0071;6;0.15;4531.45;532.87;almacenamiento flex 1;muebles;almacenamiento;patagonia;888.52;677.49;sin dato;sin dato;3851.73;755.24;7;3
ORD-2025-01081;2024-07-18;2024-07-21;segunda clase;completado;2721;P0034;7;0.00;2937.76;1007.37;periféricos flex 4;tecnología;periféricos;orion;419.68;275.77;sin dato;sin dato;2937.76;419.68;7;3
ORD-2025-01082;2023-08-26;2023-08-28;primera clase;completado;2722;P0041;4;0.30;432.66;15.65;sillas eco 1;muebles;sillas;vector;154.52;100.57;campaña outlet 8;búsqueda;302.86;108.16;8;2
ORD-2025-01082;2023-08-26;2023-08-28;primera clase;completado;2723;P0018;8;0.00;5490.24;1720.16;teléfonos flex 8;tecnología;teléfonos;patagonia;686.28;471.26;campaña outlet 8;búsqueda;5490.24;686.28;8;2
ORD-2025-01082;2023-08-26;2023-08-28;primera clase;completado;2724;P0054;8;0.05;627.15;143.05;mesas eco 4;muebles;mesas;altura;82.52;60.93;campaña outlet 8;búsqueda;595.79;78.39;8;2
ORD-2025-01083;2023-04-08;2023-04-14;mismo día;completado;2725;P0093;3;0.20;1499.69;661.67;archivadores flex 3;oficina;archivadores;vector;624.87;291.47;campaña ahorro 2;afiliados;1199.75;499.90;4;6
ORD-2025-01083;2023-04-08;2023-04-14;mismo día;completado;2726;P0023;7;0.00;5553.59;2787.96;computadores pro 3;tecnología;computadores;patagonia;793.37;395.09;campaña ahorro 2;afiliados;5553.59;793.37;4;6
ORD-2025-01083;2023-04-08;2023-04-14;mismo día;completado;2727;P0066;8;0.20;2303.04;982.83;libreros smart 6;muebles;libreros;lumen;359.85;174.82;campaña ahorro 2;afiliados;1842.43;287.88;4;6
ORD-2025-01083;2023-04-08;2023-04-14;mismo día;completado;2728;P0055;4;0.00;2316.44;959.84;mesas plus 5;muebles;mesas;vector;579.11;339.15;campaña ahorro 2;afiliados;2316.44;579.11;4;6
ORD-2025-01084;2023-01-21;2023-01-27;primera clase;cancelado;2729;P0096;8;0.00;5651.92;2479.76;archivadores pro 6;oficina;archivadores;patagonia;706.49;396.52;sin dato;sin dato;5651.92;706.49;1;6
ORD-2025-01084;2023-01-21;2023-01-27;primera clase;cancelado;2730;P0092;6;0.00;3697.92;1844.34;archivadores nova 2;oficina;archivadores;alerce;616.32;308.93;sin dato;sin dato;3697.92;616.32;1;6
ORD-2025-01084;2023-01-21;2023-01-27;primera clase;cancelado;2731;P0118;7;0.30;1137.05;23.81;sobres nova 8;oficina;sobres;alerce;232.05;166.62;sin dato;sin dato;795.93;162.44;1;6
ORD-2025-01084;2023-01-21;2023-01-27;primera clase;cancelado;2732;P0023;4;0.10;2856.13;1240.02;computadores pro 3;tecnología;computadores;patagonia;793.37;395.09;sin dato;sin dato;2570.52;714.03;1;6
ORD-2025-01085;2024-05-29;2024-05-31;primera clase;completado;2733;P0008;3;0.15;1011.33;178.06;accesorios plus 8;tecnología;accesorios;andes;396.60;275.19;sin dato;sin dato;859.63;337.11;5;2
ORD-2025-01085;2024-05-29;2024-05-31;primera clase;completado;2734;P0052;5;0.15;2100.14;278.91;mesas nova 2;muebles;mesas;lumen;494.15;377.70;sin dato;sin dato;1785.12;420.03;5;2
ORD-2025-01086;2023-06-29;2023-07-05;primera clase;completado;2735;P0047;6;0.30;2930.89;-132.74;sillas plus 7;muebles;sillas;andes;697.83;520.77;sin dato;sin dato;2051.62;488.48;6;6
ORD-2025-01086;2023-06-29;2023-07-05;primera clase;completado;2736;P0078;2;0.00;600.44;329.66;almacenamiento eco 8;muebles;almacenamiento;andes;300.22;135.39;sin dato;sin dato;600.44;300.22;6;6
ORD-2025-01086;2023-06-29;2023-07-05;primera clase;completado;2737;P0076;1;0.10;103.27;40.90;almacenamiento eco 6;muebles;almacenamiento;patagonia;114.74;61.78;sin dato;sin dato;92.94;103.27;6;6
ORD-2025-01086;2023-06-29;2023-07-05;primera clase;completado;2738;P0115;2;0.05;250.55;77.32;sobres pro 5;oficina;sobres;alerce;131.87;86.23;sin dato;sin dato;238.02;125.28;6;6
ORD-2025-01087;2024-09-21;2024-09-23;segunda clase;enviado;2739;P0062;2;0.00;931.36;460.42;libreros plus 2;muebles;libreros;vector;465.68;235.47;campaña ahorro 2;afiliados;931.36;465.68;9;2
ORD-2025-01087;2024-09-21;2024-09-23;segunda clase;enviado;2740;P0019;2;0.30;735.60;-70.11;teléfonos eco 9;tecnología;teléfonos;andes;525.43;396.24;campaña ahorro 2;afiliados;514.92;367.80;9;2
ORD-2025-01087;2024-09-21;2024-09-23;segunda clase;enviado;2741;P0116;6;0.00;4645.14;1734.84;sobres flex 6;oficina;sobres;patagonia;774.19;485.05;campaña ahorro 2;afiliados;4645.14;774.19;9;2
ORD-2025-01087;2024-09-21;2024-09-23;segunda clase;enviado;2742;P0110;3;0.00;180.96;76.14;etiquetas nova 10;oficina;etiquetas;orion;60.32;34.94;campaña ahorro 2;afiliados;180.96;60.32;9;2
ORD-2025-01088;2025-01-31;2025-01-31;segunda clase;completado;2743;P0076;4;0.20;367.17;117.58;almacenamiento eco 6;muebles;almacenamiento;patagonia;114.74;61.78;sin dato;sin dato;293.74;91.79;1;0
ORD-2025-01089;2024-03-29;2024-03-30;mismo día;completado;2744;P0046;3;0.30;178.23;43.31;sillas pro 6;muebles;sillas;nova;84.87;45.10;sin dato;sin dato;124.76;59.41;3;1
ORD-2025-01090;2023-12-21;2023-12-27;estándar;completado;2745;P0008;5;0.10;1784.70;423.20;accesorios plus 8;tecnología;accesorios;andes;396.60;275.19;sin dato;sin dato;1606.23;356.94;12;6
ORD-2025-01090;2023-12-21;2023-12-27;estándar;completado;2746;P0104;3;0.00;1815.60;638.10;etiquetas nova 4;oficina;etiquetas;altura;605.20;392.50;sin dato;sin dato;1815.60;605.20;12;6
ORD-2025-01091;2023-09-07;2023-09-11;segunda clase;completado;2747;P0082;6;0.00;3545.16;1934.52;papelería eco 2;oficina;papelería;orion;590.86;268.44;sin dato;sin dato;3545.16;590.86;9;4
ORD-2025-01091;2023-09-07;2023-09-11;segunda clase;completado;2748;P0065;7;0.30;2101.07;517.31;libreros pro 5;muebles;libreros;nova;428.79;212.81;sin dato;sin dato;1470.75;300.15;9;4
ORD-2025-01091;2023-09-07;2023-09-11;segunda clase;completado;2749;P0031;1;0.10;209.32;100.85;periféricos smart 1;tecnología;periféricos;andes;232.58;113.04;sin dato;sin dato;188.39;209.32;9;4
ORD-2025-01092;2024-02-22;2024-02-27;primera clase;completado;2750;P0069;3;0.05;1903.40;481.68;libreros smart 9;muebles;libreros;patagonia;667.86;470.05;sin dato;sin dato;1808.23;634.47;2;5
ORD-2025-01093;2023-03-19;2023-03-20;mismo día;completado;2751;P0007;6;0.00;1878.54;1017.06;accesorios nova 7;tecnología;accesorios;alerce;313.09;143.58;sin dato;sin dato;1878.54;313.09;3;1
ORD-2025-01094;2023-03-03;2023-03-03;estándar;completado;2752;P0069;3;0.15;1703.04;257.30;libreros smart 9;muebles;libreros;patagonia;667.86;470.05;sin dato;sin dato;1447.58;567.68;3;0
ORD-2025-01094;2023-03-03;2023-03-03;estándar;completado;2753;P0005;4;0.00;3566.68;1363.44;accesorios flex 5;tecnología;accesorios;vector;891.67;550.81;sin dato;sin dato;3566.68;891.67;3;0
ORD-2025-01095;2023-05-05;2023-05-10;mismo día;completado;2754;P0031;2;0.30;325.61;72.16;periféricos smart 1;tecnología;periféricos;andes;232.58;113.04;sin dato;sin dato;227.93;162.80;5;5
ORD-2025-01096;2024-04-22;2024-04-27;mismo día;completado;2755;P0024;1;0.00;807.35;404.48;computadores nova 4;tecnología;computadores;vector;807.35;402.87;sin dato;sin dato;807.35;807.35;4;5
ORD-2025-01096;2024-04-22;2024-04-27;mismo día;completado;2756;P0011;5;0.00;2758.65;950.50;teléfonos plus 1;tecnología;teléfonos;lumen;551.73;361.63;sin dato;sin dato;2758.65;551.73;4;5
ORD-2025-01096;2024-04-22;2024-04-27;mismo día;completado;2757;P0117;1;0.30;521.82;-13.15;sobres eco 7;oficina;sobres;vector;745.46;569.49;sin dato;sin dato;365.27;521.82;4;5
ORD-2025-01096;2024-04-22;2024-04-27;mismo día;completado;2758;P0035;6;0.00;4588.26;1355.70;periféricos nova 5;tecnología;periféricos;orion;764.71;538.76;sin dato;sin dato;4588.26;764.71;4;5
ORD-2025-01097;2023-07-04;2023-07-05;estándar;completado;2759;P0113;2;0.10;1096.22;329.35;sobres smart 3;oficina;sobres;patagonia;609.01;376.16;sin dato;sin dato;986.60;548.11;7;1
ORD-2025-01098;2023-09-23;2023-09-25;mismo día;completado;2760;P0050;2;0.00;483.26;223.58;sillas nova 10;muebles;sillas;lumen;241.63;129.84;campaña outlet 8;búsqueda;483.26;241.63;9;2
ORD-2025-01098;2023-09-23;2023-09-25;mismo día;completado;2761;P0011;4;0.30;1544.84;112.59;teléfonos plus 1;tecnología;teléfonos;lumen;551.73;361.63;campaña outlet 8;búsqueda;1081.39;386.21;9;2
ORD-2025-01098;2023-09-23;2023-09-25;mismo día;completado;2762;P0089;7;0.00;2457.84;835.17;papelería plus 9;oficina;papelería;vector;351.12;231.81;campaña outlet 8;búsqueda;2457.84;351.12;9;2
ORD-2025-01099;2023-12-29;2024-01-01;mismo día;enviado;2763;P0070;4;0.00;3066.76;1181.68;libreros eco 10;muebles;libreros;andes;766.69;471.27;campaña ahorro 7;afiliados;3066.76;766.69;12;3
ORD-2025-01099;2023-12-29;2024-01-01;mismo día;enviado;2764;P0027;8;0.00;317.44;167.84;computadores flex 7;tecnología;computadores;alerce;39.68;18.70;campaña ahorro 7;afiliados;317.44;39.68;12;3
ORD-2025-01099;2023-12-29;2024-01-01;mismo día;enviado;2765;P0096;5;0.00;3532.45;1549.85;archivadores pro 6;oficina;archivadores;patagonia;706.49;396.52;campaña ahorro 7;afiliados;3532.45;706.49;12;3
ORD-2025-01099;2023-12-29;2024-01-01;mismo día;enviado;2766;P0028;5;0.20;1848.52;559.13;computadores pro 8;tecnología;computadores;lumen;462.13;240.82;campaña ahorro 7;afiliados;1478.82;369.70;12;3
ORD-2025-01100;2025-03-17;2025-03-20;mismo día;completado;2767;P0001;5;0.00;2229.20;1176.70;accesorios flex 1;tecnología;accesorios;alerce;445.84;210.50;sin dato;sin dato;2229.20;445.84;3;3
ORD-2025-01100;2025-03-17;2025-03-20;mismo día;completado;2768;P0054;2;0.10;148.54;28.83;mesas eco 4;muebles;mesas;altura;82.52;60.93;sin dato;sin dato;133.69;74.27;3;3
ORD-2025-01101;2023-07-10;2023-07-12;mismo día;completado;2769;P0027;7;0.10;249.98;119.32;computadores flex 7;tecnología;computadores;alerce;39.68;18.70;sin dato;sin dato;224.98;35.71;7;2
ORD-2025-01101;2023-07-10;2023-07-12;mismo día;completado;2770;P0050;6;0.20;1159.82;376.30;sillas nova 10;muebles;sillas;lumen;241.63;129.84;sin dato;sin dato;927.86;193.30;7;2
ORD-2025-01101;2023-07-10;2023-07-12;mismo día;completado;2771;P0076;8;0.00;917.92;423.68;almacenamiento eco 6;muebles;almacenamiento;patagonia;114.74;61.78;sin dato;sin dato;917.92;114.74;7;2
ORD-2025-01101;2023-07-10;2023-07-12;mismo día;completado;2772;P0001;1;0.10;401.26;190.02;accesorios flex 1;tecnología;accesorios;alerce;445.84;210.50;sin dato;sin dato;361.13;401.26;7;2
ORD-2025-01102;2024-02-16;2024-02-21;segunda clase;enviado;2773;P0100;2;0.00;105.24;28.62;archivadores smart 10;oficina;archivadores;andes;52.62;38.31;campaña ahorro 2;afiliados;105.24;52.62;2;5
ORD-2025-01102;2024-02-16;2024-02-21;segunda clase;enviado;2774;P0050;6;0.05;1377.29;604.63;sillas nova 10;muebles;sillas;lumen;241.63;129.84;campaña ahorro 2;afiliados;1308.43;229.55;2;5
ORD-2025-01103;2023-02-21;2023-02-24;estándar;completado;2775;P0022;3;0.00;1293.66;651.42;computadores pro 2;tecnología;computadores;altura;431.22;214.08;sin dato;sin dato;1293.66;431.22;2;3
ORD-2025-01103;2023-02-21;2023-02-24;estándar;completado;2776;P0067;4;0.00;691.08;254.96;libreros pro 7;muebles;libreros;nova;172.77;109.03;sin dato;sin dato;691.08;172.77;2;3
ORD-2025-01103;2023-02-21;2023-02-24;estándar;completado;2777;P0058;7;0.00;1645.49;380.45;mesas nova 8;muebles;mesas;andes;235.07;180.72;sin dato;sin dato;1645.49;235.07;2;3
ORD-2025-01103;2023-02-21;2023-02-24;estándar;completado;2778;P0043;8;0.10;5073.12;1753.08;sillas smart 3;muebles;sillas;altura;704.60;405.63;sin dato;sin dato;4565.81;634.14;2;3
ORD-2025-01104;2024-08-18;2024-08-22;segunda clase;completado;2779;P0016;2;0.10;1402.74;634.45;teléfonos pro 6;tecnología;teléfonos;orion;779.30;382.70;campaña cliente vip 1;email;1262.47;701.37;8;4
ORD-2025-01104;2024-08-18;2024-08-22;segunda clase;completado;2780;P0102;6;0.20;2057.71;449.65;etiquetas pro 2;oficina;etiquetas;vector;428.69;272.95;campaña cliente vip 1;email;1646.17;342.95;8;4
ORD-2025-01104;2024-08-18;2024-08-22;segunda clase;completado;2781;P0071;2;0.00;1777.04;422.06;almacenamiento flex 1;muebles;almacenamiento;patagonia;888.52;677.49;campaña cliente vip 1;email;1777.04;888.52;8;4
ORD-2025-01104;2024-08-18;2024-08-22;segunda clase;completado;2782;P0028;6;0.20;2218.22;693.10;computadores pro 8;tecnología;computadores;lumen;462.13;240.82;campaña cliente vip 1;email;1774.58;369.70;8;4
ORD-2025-01105;2023-07-24;2023-07-30;primera clase;devuelto;2783;P0058;3;0.20;564.17;44.39;mesas nova 8;muebles;mesas;andes;235.07;180.72;campaña outlet 8;búsqueda;451.34;188.06;7;6
ORD-2025-01105;2023-07-24;2023-07-30;primera clase;devuelto;2784;P0078;7;0.05;1996.46;1049.24;almacenamiento eco 8;muebles;almacenamiento;andes;300.22;135.39;campaña outlet 8;búsqueda;1896.64;285.21;7;6
ORD-2025-01105;2023-07-24;2023-07-30;primera clase;devuelto;2785;P0012;4;0.00;1353.92;677.68;teléfonos flex 2;tecnología;teléfonos;vector;338.48;169.06;campaña outlet 8;búsqueda;1353.92;338.48;7;6
ORD-2025-01106;2023-04-27;2023-05-03;mismo día;completado;2786;P0025;3;0.00;2291.13;732.15;computadores plus 5;tecnología;computadores;orion;763.71;519.66;campaña cliente vip 1;email;2291.13;763.71;4;6
ORD-2025-01106;2023-04-27;2023-05-03;mismo día;completado;2787;P0054;2;0.05;156.79;36.32;mesas eco 4;muebles;mesas;altura;82.52;60.93;campaña cliente vip 1;email;148.95;78.40;4;6
ORD-2025-01106;2023-04-27;2023-05-03;mismo día;completado;2788;P0035;1;0.00;764.71;225.95;periféricos nova 5;tecnología;periféricos;orion;764.71;538.76;campaña cliente vip 1;email;764.71;764.71;4;6
ORD-2025-01107;2024-05-02;2024-05-07;primera clase;enviado;2789;P0065;4;0.15;1457.89;586.59;libreros pro 5;muebles;libreros;nova;428.79;212.81;campaña ahorro 6;afiliados;1239.21;364.47;5;5
ORD-2025-01107;2024-05-02;2024-05-07;primera clase;enviado;2790;P0088;2;0.00;1391.68;545.98;papelería eco 8;oficina;papelería;patagonia;695.84;422.85;campaña ahorro 6;afiliados;1391.68;695.84;5;5
ORD-2025-01107;2024-05-02;2024-05-07;primera clase;enviado;2791;P0094;4;0.00;720.16;213.36;archivadores pro 4;oficina;archivadores;alerce;180.04;126.70;campaña ahorro 6;afiliados;720.16;180.04;5;5
ORD-2025-01108;2023-04-19;2023-04-22;segunda clase;completado;2792;P0081;5;0.30;2871.61;151.58;papelería smart 1;oficina;papelería;altura;820.46;507.81;sin dato;sin dato;2010.13;574.32;4;3
ORD-2025-01109;2025-04-18;2025-04-23;mismo día;completado;2793;P0016;7;0.05;5182.34;2495.65;teléfonos pro 6;tecnología;teléfonos;orion;779.30;382.70;sin dato;sin dato;4923.22;740.33;4;5
ORD-2025-01110;2023-09-22;2023-09-22;primera clase;completado;2794;P0013;6;0.20;1372.13;368.31;teléfonos nova 3;tecnología;teléfonos;lumen;285.86;173.76;sin dato;sin dato;1097.70;228.69;9;0
ORD-2025-01110;2023-09-22;2023-09-22;primera clase;completado;2795;P0078;4;0.00;1200.88;659.32;almacenamiento eco 8;muebles;almacenamiento;andes;300.22;135.39;sin dato;sin dato;1200.88;300.22;9;0
ORD-2025-01111;2024-06-17;2024-06-22;estándar;enviado;2796;P0090;5;0.15;3227.41;703.80;papelería plus 10;oficina;papelería;orion;759.39;487.32;sin dato;sin dato;2743.30;645.48;6;5
ORD-2025-01111;2024-06-17;2024-06-22;estándar;enviado;2797;P0018;5;0.00;3431.40;1075.10;teléfonos flex 8;tecnología;teléfonos;patagonia;686.28;471.26;sin dato;sin dato;3431.40;686.28;6;5
ORD-2025-01111;2024-06-17;2024-06-22;estándar;enviado;2798;P0014;8;0.30;437.19;139.24;teléfonos pro 4;tecnología;teléfonos;alerce;78.07;35.97;sin dato;sin dato;306.03;54.65;6;5
ORD-2025-01111;2024-06-17;2024-06-22;estándar;enviado;2799;P0043;2;0.20;1127.36;327.32;sillas smart 3;muebles;sillas;altura;704.60;405.63;sin dato;sin dato;901.89;563.68;6;5
ORD-2025-01112;2023-07-31;2023-08-01;mismo día;completado;2800;P0062;3;0.00;1397.04;690.63;libreros plus 2;muebles;libreros;vector;465.68;235.47;sin dato;sin dato;1397.04;465.68;7;1
ORD-2025-01113;2023-01-12;2023-01-17;segunda clase;completado;2801;P0095;5;0.00;2636.25;1214.65;archivadores plus 5;oficina;archivadores;altura;527.25;284.32;sin dato;sin dato;2636.25;527.25;1;5
ORD-2025-01113;2023-01-12;2023-01-17;segunda clase;completado;2802;P0104;1;0.20;484.16;83.25;etiquetas nova 4;oficina;etiquetas;altura;605.20;392.50;sin dato;sin dato;387.33;484.16;1;5
ORD-2025-01114;2025-01-21;2025-01-22;estándar;cancelado;2803;P0084;5;0.10;3312.54;1588.83;papelería flex 4;oficina;papelería;altura;736.12;351.56;sin dato;sin dato;2981.29;662.51;1;1
ORD-2025-01115;2023-10-05;2023-10-06;segunda clase;completado;2804;P0032;6;0.00;4341.54;1302.84;periféricos eco 2;tecnología;periféricos;vector;723.59;506.45;sin dato;sin dato;4341.54;723.59;10;1
ORD-2025-01115;2023-10-05;2023-10-06;segunda clase;completado;2805;P0057;7;0.15;3069.07;747.47;mesas smart 7;muebles;mesas;patagonia;515.81;325.42;sin dato;sin dato;2608.71;438.44;10;1
ORD-2025-01115;2023-10-05;2023-10-06;segunda clase;completado;2806;P0016;7;0.00;5455.10;2776.20;teléfonos pro 6;tecnología;teléfonos;orion;779.30;382.70;sin dato;sin dato;5455.10;779.30;10;1
ORD-2025-01116;2023-01-09;2023-01-13;primera clase;completado;2807;P0025;2;0.05;1451.05;412.72;computadores plus 5;tecnología;computadores;orion;763.71;519.66;sin dato;sin dato;1378.50;725.52;1;4
ORD-2025-01116;2023-01-09;2023-01-13;primera clase;completado;2808;P0040;3;0.10;2003.43;681.52;periféricos eco 10;tecnología;periféricos;andes;742.01;430.58;sin dato;sin dato;1803.09;667.81;1;4
ORD-2025-01116;2023-01-09;2023-01-13;primera clase;completado;2809;P0088;1;0.00;695.84;272.99;papelería eco 8;oficina;papelería;patagonia;695.84;422.85;sin dato;sin dato;695.84;695.84;1;4
ORD-2025-01117;2023-01-28;2023-02-02;primera clase;completado;2810;P0005;3;0.05;2541.26;889.88;accesorios flex 5;tecnología;accesorios;vector;891.67;550.81;campaña ahorro 7;afiliados;2414.20;847.09;1;5
ORD-2025-01117;2023-01-28;2023-02-02;primera clase;completado;2811;P0056;7;0.00;4218.55;1126.93;mesas flex 6;muebles;mesas;orion;602.65;441.66;campaña ahorro 7;afiliados;4218.55;602.65;1;5
ORD-2025-01118;2023-08-26;2023-08-30;estándar;completado;2812;P0078;1;0.05;285.21;148.12;almacenamiento eco 8;muebles;almacenamiento;andes;300.22;135.39;campaña cliente vip 5;display;270.95;285.21;8;4
ORD-2025-01118;2023-08-26;2023-08-30;estándar;completado;2813;P0017;5;0.00;1279.25;462.35;teléfonos plus 7;tecnología;teléfonos;alerce;255.85;163.38;campaña cliente vip 5;display;1279.25;255.85;8;4
ORD-2025-01119;2024-11-20;2024-11-21;mismo día;completado;2814;P0104;5;0.05;2874.70;884.83;etiquetas nova 4;oficina;etiquetas;altura;605.20;392.50;sin dato;sin dato;2730.96;574.94;11;1
ORD-2025-01119;2024-11-20;2024-11-21;mismo día;completado;2815;P0027;8;0.15;269.82;127.79;computadores flex 7;tecnología;computadores;alerce;39.68;18.70;sin dato;sin dato;229.35;33.73;11;1
ORD-2025-01120;2024-09-18;2024-09-20;primera clase;completado;2816;P0023;5;0.05;3768.51;1775.01;computadores pro 3;tecnología;computadores;patagonia;793.37;395.09;sin dato;sin dato;3580.08;753.70;9;2
ORD-2025-01120;2024-09-18;2024-09-20;primera clase;completado;2817;P0050;3;0.15;616.16;233.44;sillas nova 10;muebles;sillas;lumen;241.63;129.84;sin dato;sin dato;523.74;205.39;9;2
ORD-2025-01120;2024-09-18;2024-09-20;primera clase;completado;2818;P0035;4;0.15;2600.01;386.03;periféricos nova 5;tecnología;periféricos;orion;764.71;538.76;sin dato;sin dato;2210.01;650.00;9;2
ORD-2025-01121;2023-12-22;2023-12-23;primera clase;enviado;2819;P0113;8;0.00;4872.08;1862.80;sobres smart 3;oficina;sobres;patagonia;609.01;376.16;sin dato;sin dato;4872.08;609.01;12;1
ORD-2025-01121;2023-12-22;2023-12-23;primera clase;enviado;2820;P0104;7;0.10;3812.76;1094.62;etiquetas nova 4;oficina;etiquetas;altura;605.20;392.50;sin dato;sin dato;3431.48;544.68;12;1
ORD-2025-01121;2023-12-22;2023-12-23;primera clase;enviado;2821;P0077;2;0.30;153.29;48.51;almacenamiento nova 7;muebles;almacenamiento;altura;109.49;53.64;sin dato;sin dato;107.30;76.64;12;1
ORD-2025-01122;2024-04-13;2024-04-13;estándar;completado;2822;P0036;3;0.30;1842.12;670.55;periféricos nova 6;tecnología;periféricos;patagonia;877.20;420.81;sin dato;sin dato;1289.48;614.04;4;0
ORD-2025-01122;2024-04-13;2024-04-13;estándar;completado;2823;P0037;7;0.20;1618.29;512.79;periféricos nova 7;tecnología;periféricos;orion;288.98;157.55;sin dato;sin dato;1294.63;231.18;4;0
ORD-2025-01122;2024-04-13;2024-04-13;estándar;completado;2824;P0056;8;0.10;4339.08;814.10;mesas flex 6;muebles;mesas;orion;602.65;441.66;sin dato;sin dato;3905.17;542.38;4;0
ORD-2025-01123;2024-04-13;2024-04-18;mismo día;completado;2825;P0011;5;0.30;1931.05;-12.22;teléfonos plus 1;tecnología;teléfonos;lumen;551.73;361.63;sin dato;sin dato;1351.73;386.21;4;5
ORD-2025-01124;2025-02-15;2025-02-16;mismo día;completado;2826;P0051;8;0.15;645.18;179.92;mesas smart 1;muebles;mesas;orion;94.88;58.62;sin dato;sin dato;548.40;80.65;2;1
ORD-2025-01124;2025-02-15;2025-02-16;mismo día;completado;2827;P0001;6;0.00;2675.04;1412.04;accesorios flex 1;tecnología;accesorios;alerce;445.84;210.50;sin dato;sin dato;2675.04;445.84;2;1
ORD-2025-01124;2025-02-15;2025-02-16;mismo día;completado;2828;P0003;2;0.20;1389.22;20.21;accesorios plus 3;tecnología;accesorios;altura;868.26;685.10;sin dato;sin dato;1111.38;694.61;2;1
ORD-2025-01125;2024-07-30;2024-08-04;segunda clase;completado;2829;P0074;6;0.00;2475.06;910.56;almacenamiento smart 4;muebles;almacenamiento;lumen;412.51;260.75;sin dato;sin dato;2475.06;412.51;7;5
ORD-2025-01125;2024-07-30;2024-08-04;segunda clase;completado;2830;P0042;1;0.15;473.29;87.17;sillas flex 2;muebles;sillas;vector;556.81;376.71;sin dato;sin dato;402.30;473.29;7;5
ORD-2025-01125;2024-07-30;2024-08-04;segunda clase;completado;2831;P0110;4;0.30;168.90;33.68;etiquetas nova 10;oficina;etiquetas;orion;60.32;34.94;sin dato;sin dato;118.23;42.22;7;5
ORD-2025-01125;2024-07-30;2024-08-04;segunda clase;completado;2832;P0018;5;0.00;3431.40;1075.10;teléfonos flex 8;tecnología;teléfonos;patagonia;686.28;471.26;sin dato;sin dato;3431.40;686.28;7;5
ORD-2025-01126;2024-04-27;2024-05-03;primera clase;completado;2833;P0016;5;0.00;3896.50;1983.00;teléfonos pro 6;tecnología;teléfonos;orion;779.30;382.70;sin dato;sin dato;3896.50;779.30;4;6
ORD-2025-01126;2024-04-27;2024-05-03;primera clase;completado;2834;P0008;4;0.15;1348.44;212.34;accesorios plus 8;tecnología;accesorios;andes;396.60;275.19;sin dato;sin dato;1146.17;337.11;4;6
ORD-2025-01126;2024-04-27;2024-05-03;primera clase;completado;2835;P0055;3;0.20;1389.86;320.36;mesas plus 5;muebles;mesas;vector;579.11;339.15;sin dato;sin dato;1111.89;463.29;4;6
ORD-2025-01126;2024-04-27;2024-05-03;primera clase;completado;2836;P0066;2;0.20;575.76;211.12;libreros smart 6;muebles;libreros;lumen;359.85;174.82;sin dato;sin dato;460.61;287.88;4;6
ORD-2025-01127;2024-10-24;2024-10-26;mismo día;enviado;2837;P0086;7;0.05;4296.76;1702.33;papelería flex 6;oficina;papelería;andes;646.13;372.92;sin dato;sin dato;4081.92;613.82;10;2
ORD-2025-01128;2023-01-20;2023-01-25;estándar;completado;2838;P0057;7;0.15;3069.07;881.24;mesas smart 7;muebles;mesas;patagonia;515.81;325.42;sin dato;sin dato;2608.71;438.44;1;5
ORD-2025-01128;2023-01-20;2023-01-25;estándar;completado;2839;P0001;5;0.15;1894.82;889.48;accesorios flex 1;tecnología;accesorios;alerce;445.84;210.50;sin dato;sin dato;1610.60;378.96;1;5
ORD-2025-01129;2023-12-25;2023-12-29;segunda clase;completado;2840;P0054;3;0.00;247.56;64.77;mesas eco 4;muebles;mesas;altura;82.52;60.93;campaña outlet 8;búsqueda;247.56;82.52;12;4
ORD-2025-01129;2023-12-25;2023-12-29;segunda clase;completado;2841;P0028;5;0.10;2079.59;858.85;computadores pro 8;tecnología;computadores;lumen;462.13;240.82;campaña outlet 8;búsqueda;1871.63;415.92;12;4
ORD-2025-01129;2023-12-25;2023-12-29;segunda clase;completado;2842;P0081;5;0.20;3281.84;739.94;papelería smart 1;oficina;papelería;altura;820.46;507.81;campaña outlet 8;búsqueda;2625.47;656.37;12;4
ORD-2025-01130;2023-08-27;2023-08-27;segunda clase;completado;2843;P0048;8;0.20;4002.75;289.19;sillas plus 8;muebles;sillas;orion;625.43;484.77;sin dato;sin dato;3202.20;500.34;8;0
ORD-2025-01130;2023-08-27;2023-08-27;segunda clase;completado;2844;P0058;4;0.00;940.28;217.40;mesas nova 8;muebles;mesas;andes;235.07;180.72;sin dato;sin dato;940.28;235.07;8;0
ORD-2025-01131;2024-01-01;2024-01-04;mismo día;completado;2845;P0032;7;0.30;3545.59;-22.77;periféricos eco 2;tecnología;periféricos;vector;723.59;506.45;sin dato;sin dato;2481.91;506.51;1;3
ORD-2025-01131;2024-01-01;2024-01-04;mismo día;completado;2846;P0066;8;0.30;2015.16;697.79;libreros smart 6;muebles;libreros;lumen;359.85;174.82;sin dato;sin dato;1410.61;251.90;1;3
ORD-2025-01131;2024-01-01;2024-01-04;mismo día;completado;2847;P0099;6;0.10;57.08;26.61;archivadores eco 9;oficina;archivadores;orion;10.57;5.00;sin dato;sin dato;51.37;9.51;1;3
ORD-2025-01131;2024-01-01;2024-01-04;mismo día;completado;2848;P0037;6;0.00;1733.88;788.58;periféricos nova 7;tecnología;periféricos;orion;288.98;157.55;sin dato;sin dato;1733.88;288.98;1;3
ORD-2025-01132;2025-02-06;2025-02-09;estándar;enviado;2849;P0061;7;0.30;4289.26;1101.92;libreros plus 1;muebles;libreros;altura;875.36;463.75;sin dato;sin dato;3002.48;612.75;2;3
ORD-2025-01132;2025-02-06;2025-02-09;estándar;enviado;2850;P0037;1;0.10;260.08;98.23;periféricos nova 7;tecnología;periféricos;orion;288.98;157.55;sin dato;sin dato;234.07;260.08;2;3
ORD-2025-01133;2024-03-07;2024-03-10;primera clase;completado;2851;P0012;2;0.15;575.42;226.96;teléfonos flex 2;tecnología;teléfonos;vector;338.48;169.06;campaña cliente vip 5;display;489.11;287.71;3;3
ORD-2025-01133;2024-03-07;2024-03-10;primera clase;completado;2852;P0084;4;0.00;2944.48;1538.24;papelería flex 4;oficina;papelería;altura;736.12;351.56;campaña cliente vip 5;display;2944.48;736.12;3;3
ORD-2025-01133;2024-03-07;2024-03-10;primera clase;completado;2853;P0101;1;0.00;578.71;193.04;etiquetas eco 1;oficina;etiquetas;nova;578.71;385.67;campaña cliente vip 5;display;578.71;578.71;3;3
ORD-2025-01134;2025-03-26;2025-03-29;segunda clase;completado;2854;P0093;5;0.15;2655.70;1246.31;archivadores flex 3;oficina;archivadores;vector;624.87;291.47;campaña ahorro 6;afiliados;2257.34;531.14;3;3
ORD-2025-01134;2025-03-26;2025-03-29;segunda clase;completado;2855;P0084;7;0.15;4379.91;1997.52;papelería flex 4;oficina;papelería;altura;736.12;351.56;campaña ahorro 6;afiliados;3722.92;625.70;3;3
ORD-2025-01134;2025-03-26;2025-03-29;segunda clase;completado;2856;P0117;4;0.00;2981.84;703.88;sobres eco 7;oficina;sobres;vector;745.46;569.49;campaña ahorro 6;afiliados;2981.84;745.46;3;3
ORD-2025-01135;2024-10-08;2024-10-13;estándar;completado;2857;P0034;8;0.00;3357.44;1151.28;periféricos flex 4;tecnología;periféricos;orion;419.68;275.77;sin dato;sin dato;3357.44;419.68;10;5
ORD-2025-01136;2023-03-03;2023-03-08;primera clase;completado;2858;P0010;2;0.20;1084.93;54.60;accesorios nova 10;tecnología;accesorios;andes;678.08;497.07;campaña cliente vip 5;display;867.94;542.46;3;5
ORD-2025-01136;2023-03-03;2023-03-08;primera clase;completado;2859;P0012;2;0.15;575.42;237.20;teléfonos flex 2;tecnología;teléfonos;vector;338.48;169.06;campaña cliente vip 5;display;489.11;287.71;3;5
ORD-2025-01136;2023-03-03;2023-03-08;primera clase;completado;2860;P0101;5;0.20;2314.84;403.53;etiquetas eco 1;oficina;etiquetas;nova;578.71;385.67;campaña cliente vip 5;display;1851.87;462.97;3;5
ORD-2025-01136;2023-03-03;2023-03-08;primera clase;completado;2861;P0094;5;0.30;630.14;2.18;archivadores pro 4;oficina;archivadores;alerce;180.04;126.70;campaña cliente vip 5;display;441.10;126.03;3;5
ORD-2025-01137;2024-10-20;2024-10-26;estándar;completado;2862;P0094;7;0.20;1008.22;104.06;archivadores pro 4;oficina;archivadores;alerce;180.04;126.70;sin dato;sin dato;806.58;144.03;10;6
ORD-2025-01137;2024-10-20;2024-10-26;estándar;completado;2863;P0071;3;0.00;2665.56;633.09;almacenamiento flex 1;muebles;almacenamiento;patagonia;888.52;677.49;sin dato;sin dato;2665.56;888.52;10;6
ORD-2025-01137;2024-10-20;2024-10-26;estándar;completado;2864;P0048;7;0.15;3721.31;202.37;sillas plus 8;muebles;sillas;orion;625.43;484.77;sin dato;sin dato;3163.11;531.62;10;6
ORD-2025-01137;2024-10-20;2024-10-26;estándar;completado;2865;P0003;2;0.10;1562.87;177.50;accesorios plus 3;tecnología;accesorios;altura;868.26;685.10;sin dato;sin dato;1406.58;781.44;10;6
ORD-2025-01138;2023-01-04;2023-01-09;primera clase;completado;2866;P0041;5;0.30;540.82;21.24;sillas eco 1;muebles;sillas;vector;154.52;100.57;campaña activa 3;afiliados;378.57;108.16;1;5
ORD-2025-01139;2023-06-09;2023-06-09;estándar;completado;2867;P0049;1;0.10;260.21;48.44;sillas smart 9;muebles;sillas;orion;289.12;211.95;campaña ahorro 6;afiliados;234.19;260.21;6;0
ORD-2025-01139;2023-06-09;2023-06-09;estándar;completado;2868;P0112;4;0.05;1723.87;817.15;sobres pro 2;oficina;sobres;orion;453.65;226.21;campaña ahorro 6;afiliados;1637.68;430.97;6;0
ORD-2025-01139;2023-06-09;2023-06-09;estándar;completado;2869;P0033;8;0.15;6006.78;607.85;periféricos nova 3;tecnología;periféricos;altura;883.35;692.48;campaña ahorro 6;afiliados;5105.76;750.85;6;0
ORD-2025-01139;2023-06-09;2023-06-09;estándar;completado;2870;P0039;5;0.00;1185.55;241.00;periféricos nova 9;tecnología;periféricos;vector;237.11;188.91;campaña ahorro 6;afiliados;1185.55;237.11;6;0
ORD-2025-01140;2023-10-16;2023-10-16;segunda clase;cancelado;2871;P0083;4;0.15;179.83;30.74;papelería pro 3;oficina;papelería;altura;52.89;35.71;sin dato;sin dato;152.86;44.96;10;0
ORD-2025-01140;2023-10-16;2023-10-16;segunda clase;cancelado;2872;P0053;5;0.30;1297.48;108.59;mesas eco 3;muebles;mesas;alerce;370.71;238.71;sin dato;sin dato;908.24;259.50;10;0
ORD-2025-01140;2023-10-16;2023-10-16;segunda clase;cancelado;2873;P0027;2;0.05;75.39;37.33;computadores flex 7;tecnología;computadores;alerce;39.68;18.70;sin dato;sin dato;71.62;37.70;10;0
ORD-2025-01140;2023-10-16;2023-10-16;segunda clase;cancelado;2874;P0065;4;0.00;1715.16;863.92;libreros pro 5;muebles;libreros;nova;428.79;212.81;sin dato;sin dato;1715.16;428.79;10;0
ORD-2025-01141;2023-10-01;2023-10-04;estándar;completado;2875;P0080;6;0.00;4746.66;2456.22;almacenamiento plus 10;muebles;almacenamiento;patagonia;791.11;381.74;sin dato;sin dato;4746.66;791.11;10;3
ORD-2025-01141;2023-10-01;2023-10-04;estándar;completado;2876;P0071;6;0.15;4531.45;345.98;almacenamiento flex 1;muebles;almacenamiento;patagonia;888.52;677.49;sin dato;sin dato;3851.73;755.24;10;3
ORD-2025-01142;2024-06-19;2024-06-21;estándar;completado;2877;P0043;6;0.00;4227.60;1793.82;sillas smart 3;muebles;sillas;altura;704.60;405.63;sin dato;sin dato;4227.60;704.60;6;2
ORD-2025-01142;2024-06-19;2024-06-21;estándar;completado;2878;P0098;3;0.05;666.64;172.52;archivadores nova 8;oficina;archivadores;lumen;233.91;164.53;sin dato;sin dato;633.31;222.21;6;2
ORD-2025-01142;2024-06-19;2024-06-21;estándar;completado;2879;P0076;4;0.10;413.06;165.35;almacenamiento eco 6;muebles;almacenamiento;patagonia;114.74;61.78;sin dato;sin dato;371.75;103.26;6;2
ORD-2025-01142;2024-06-19;2024-06-21;estándar;completado;2880;P0071;1;0.00;888.52;211.03;almacenamiento flex 1;muebles;almacenamiento;patagonia;888.52;677.49;sin dato;sin dato;888.52;888.52;6;2
ORD-2025-01143;2024-01-30;2024-01-31;segunda clase;completado;2881;P0074;8;0.05;3135.08;1017.52;almacenamiento smart 4;muebles;almacenamiento;lumen;412.51;260.75;campaña activa 3;afiliados;2978.33;391.88;1;1
ORD-2025-01143;2024-01-30;2024-01-31;segunda clase;completado;2882;P0108;2;0.00;981.90;196.82;etiquetas flex 8;oficina;etiquetas;patagonia;490.95;392.54;campaña activa 3;afiliados;981.90;490.95;1;1
ORD-2025-01143;2024-01-30;2024-01-31;segunda clase;completado;2883;P0020;8;0.05;3757.36;1813.00;teléfonos flex 10;tecnología;teléfonos;lumen;494.39;245.07;campaña activa 3;afiliados;3569.49;469.67;1;1
ORD-2025-01144;2025-01-11;2025-01-14;primera clase;completado;2884;P0109;1;0.00;763.79;204.47;etiquetas smart 9;oficina;etiquetas;patagonia;763.79;559.32;campaña activa 4;afiliados;763.79;763.79;1;3
ORD-2025-01144;2025-01-11;2025-01-14;primera clase;completado;2885;P0025;1;0.10;687.34;173.89;computadores plus 5;tecnología;computadores;orion;763.71;519.66;campaña activa 4;afiliados;618.61;687.34;1;3
ORD-2025-01145;2024-06-29;2024-06-29;estándar;completado;2886;P0047;5;0.15;2965.78;399.66;sillas plus 7;muebles;sillas;andes;697.83;520.77;sin dato;sin dato;2520.91;593.16;6;0
ORD-2025-01145;2024-06-29;2024-06-29;estándar;completado;2887;P0095;7;0.05;3506.21;1497.57;archivadores plus 5;oficina;archivadores;altura;527.25;284.32;sin dato;sin dato;3330.90;500.89;6;0
ORD-2025-01145;2024-06-29;2024-06-29;estándar;completado;2888;P0042;5;0.00;2784.05;900.50;sillas flex 2;muebles;sillas;vector;556.81;376.71;sin dato;sin dato;2784.05;556.81;6;0
ORD-2025-01145;2024-06-29;2024-06-29;estándar;completado;2889;P0077;2;0.00;218.98;111.70;almacenamiento nova 7;muebles;almacenamiento;altura;109.49;53.64;sin dato;sin dato;218.98;109.49;6;0
ORD-2025-01146;2023-06-06;2023-06-06;estándar;cancelado;2890;P0014;7;0.20;437.19;177.09;teléfonos pro 4;tecnología;teléfonos;alerce;78.07;35.97;sin dato;sin dato;349.75;62.46;6;0
ORD-2025-01146;2023-06-06;2023-06-06;estándar;cancelado;2891;P0003;1;0.00;868.26;183.16;accesorios plus 3;tecnología;accesorios;altura;868.26;685.10;sin dato;sin dato;868.26;868.26;6;0
ORD-2025-01146;2023-06-06;2023-06-06;estándar;cancelado;2892;P0018;2;0.20;1098.05;151.62;teléfonos flex 8;tecnología;teléfonos;patagonia;686.28;471.26;sin dato;sin dato;878.44;549.02;6;0
ORD-2025-01146;2023-06-06;2023-06-06;estándar;cancelado;2893;P0106;3;0.00;673.71;318.30;etiquetas eco 6;oficina;etiquetas;vector;224.57;118.47;sin dato;sin dato;673.71;224.57;6;0
ORD-2025-01147;2024-10-15;2024-10-18;mismo día;enviado;2894;P0068;4;0.10;2298.35;638.22;libreros pro 8;muebles;libreros;lumen;638.43;415.12;campaña ahorro 7;afiliados;2068.51;574.59;10;3
ORD-2025-01148;2023-01-12;2023-01-14;primera clase;completado;2895;P0098;3;0.30;491.21;35.59;archivadores nova 8;oficina;archivadores;lumen;233.91;164.53;sin dato;sin dato;343.85;163.74;1;2
ORD-2025-01148;2023-01-12;2023-01-14;primera clase;completado;2896;P0021;3;0.00;2383.20;1058.97;computadores plus 1;tecnología;computadores;andes;794.40;441.41;sin dato;sin dato;2383.20;794.40;1;2
ORD-2025-01149;2024-07-26;2024-07-28;primera clase;completado;2897;P0072;8;0.00;5511.84;2087.04;almacenamiento nova 2;muebles;almacenamiento;patagonia;688.98;428.10;sin dato;sin dato;5511.84;688.98;7;2
ORD-2025-01149;2024-07-26;2024-07-28;primera clase;completado;2898;P0012;5;0.15;1438.54;625.10;teléfonos flex 2;tecnología;teléfonos;vector;338.48;169.06;sin dato;sin dato;1222.76;287.71;7;2
ORD-2025-01150;2024-11-24;2024-11-28;estándar;enviado;2899;P0117;7;0.00;5218.22;1231.79;sobres eco 7;oficina;sobres;vector;745.46;569.49;sin dato;sin dato;5218.22;745.46;11;4
ORD-2025-01150;2024-11-24;2024-11-28;estándar;enviado;2900;P0037;1;0.00;288.98;131.43;periféricos nova 7;tecnología;periféricos;orion;288.98;157.55;sin dato;sin dato;288.98;288.98;11;4
ORD-2025-01151;2023-01-14;2023-01-17;mismo día;enviado;2901;P0103;7;0.15;3204.67;902.94;etiquetas nova 3;oficina;etiquetas;alerce;538.60;343.63;sin dato;sin dato;2723.97;457.81;1;3
ORD-2025-01151;2023-01-14;2023-01-17;mismo día;enviado;2902;P0033;2;0.15;1501.69;123.56;periféricos nova 3;tecnología;periféricos;altura;883.35;692.48;sin dato;sin dato;1276.44;750.84;1;3
ORD-2025-01151;2023-01-14;2023-01-17;mismo día;enviado;2903;P0027;1;0.00;39.68;20.98;computadores flex 7;tecnología;computadores;alerce;39.68;18.70;sin dato;sin dato;39.68;39.68;1;3
ORD-2025-01151;2023-01-14;2023-01-17;mismo día;enviado;2904;P0081;6;0.20;3938.21;771.13;papelería smart 1;oficina;papelería;altura;820.46;507.81;sin dato;sin dato;3150.57;656.37;1;3
ORD-2025-01152;2024-07-26;2024-07-29;mismo día;cancelado;2905;P0045;7;0.05;3557.08;847.50;sillas eco 5;muebles;sillas;lumen;534.90;391.64;sin dato;sin dato;3379.23;508.15;7;3
ORD-2025-01152;2024-07-26;2024-07-29;mismo día;cancelado;2906;P0085;1;0.20;595.21;45.46;papelería smart 5;oficina;papelería;alerce;744.01;540.99;sin dato;sin dato;476.17;595.21;7;3
ORD-2025-01152;2024-07-26;2024-07-29;mismo día;cancelado;2907;P0108;1;0.00;490.95;98.41;etiquetas flex 8;oficina;etiquetas;patagonia;490.95;392.54;sin dato;sin dato;490.95;490.95;7;3
ORD-2025-01152;2024-07-26;2024-07-29;mismo día;cancelado;2908;P0072;7;0.00;4822.86;1826.16;almacenamiento nova 2;muebles;almacenamiento;patagonia;688.98;428.10;sin dato;sin dato;4822.86;688.98;7;3
ORD-2025-01153;2024-11-12;2024-11-18;estándar;enviado;2909;P0027;6;0.00;238.08;125.88;computadores flex 7;tecnología;computadores;alerce;39.68;18.70;campaña ahorro 2;afiliados;238.08;39.68;11;6
ORD-2025-01154;2024-08-23;2024-08-29;segunda clase;completado;2910;P0092;5;0.10;2773.44;1281.37;archivadores nova 2;oficina;archivadores;alerce;616.32;308.93;sin dato;sin dato;2496.10;554.69;8;6
ORD-2025-01154;2024-08-23;2024-08-29;segunda clase;completado;2911;P0034;8;0.00;3357.44;1151.28;periféricos flex 4;tecnología;periféricos;orion;419.68;275.77;sin dato;sin dato;3357.44;419.68;8;6
ORD-2025-01155;2024-03-27;2024-03-28;estándar;completado;2912;P0061;4;0.00;3501.44;1646.44;libreros plus 1;muebles;libreros;altura;875.36;463.75;sin dato;sin dato;3501.44;875.36;3;1
ORD-2025-01155;2024-03-27;2024-03-28;estándar;completado;2913;P0094;4;0.00;720.16;213.36;archivadores pro 4;oficina;archivadores;alerce;180.04;126.70;sin dato;sin dato;720.16;180.04;3;1
ORD-2025-01155;2024-03-27;2024-03-28;estándar;completado;2914;P0064;1;0.10;135.46;18.41;libreros eco 4;muebles;libreros;andes;150.51;114.85;sin dato;sin dato;121.91;135.46;3;1
ORD-2025-01155;2024-03-27;2024-03-28;estándar;completado;2915;P0105;7;0.15;1543.91;695.21;etiquetas pro 5;oficina;etiquetas;lumen;259.48;123.11;sin dato;sin dato;1312.32;220.56;3;1
ORD-2025-01156;2024-01-12;2024-01-18;segunda clase;completado;2916;P0068;3;0.00;1915.29;669.93;libreros pro 8;muebles;libreros;lumen;638.43;415.12;sin dato;sin dato;1915.29;638.43;1;6
ORD-2025-01156;2024-01-12;2024-01-18;segunda clase;completado;2917;P0028;3;0.05;1317.07;598.12;computadores pro 8;tecnología;computadores;lumen;462.13;240.82;sin dato;sin dato;1251.22;439.02;1;6
ORD-2025-01157;2024-06-06;2024-06-10;mismo día;completado;2918;P0082;8;0.00;4726.88;2579.36;papelería eco 2;oficina;papelería;orion;590.86;268.44;campaña cliente vip 5;display;4726.88;590.86;6;4
ORD-2025-01157;2024-06-06;2024-06-10;mismo día;completado;2919;P0036;6;0.05;5000.04;2477.32;periféricos nova 6;tecnología;periféricos;patagonia;877.20;420.81;campaña cliente vip 5;display;4750.04;833.34;6;4
ORD-2025-01157;2024-06-06;2024-06-10;mismo día;completado;2920;P0094;5;0.15;765.17;113.79;archivadores pro 4;oficina;archivadores;alerce;180.04;126.70;campaña cliente vip 5;display;650.39;153.03;6;4
ORD-2025-01157;2024-06-06;2024-06-10;mismo día;completado;2921;P0043;3;0.00;2113.80;896.91;sillas smart 3;muebles;sillas;altura;704.60;405.63;campaña cliente vip 5;display;2113.80;704.60;6;4
ORD-2025-01158;2024-05-04;2024-05-06;primera clase;completado;2922;P0119;8;0.10;4465.73;1676.78;sobres plus 9;oficina;sobres;andes;620.24;347.69;sin dato;sin dato;4019.16;558.22;5;2
ORD-2025-01158;2024-05-04;2024-05-06;primera clase;completado;2923;P0036;2;0.00;1754.40;912.78;periféricos nova 6;tecnología;periféricos;patagonia;877.20;420.81;sin dato;sin dato;1754.40;877.20;5;2
ORD-2025-01159;2024-01-31;2024-02-05;mismo día;cancelado;2924;P0098;2;0.00;467.82;138.76;archivadores nova 8;oficina;archivadores;lumen;233.91;164.53;sin dato;sin dato;467.82;233.91;1;5
ORD-2025-01159;2024-01-31;2024-02-05;mismo día;cancelado;2925;P0055;5;0.15;2461.22;813.41;mesas plus 5;muebles;mesas;vector;579.11;339.15;sin dato;sin dato;2092.04;492.24;1;5
ORD-2025-01159;2024-01-31;2024-02-05;mismo día;cancelado;2926;P0046;6;0.00;509.22;238.62;sillas pro 6;muebles;sillas;nova;84.87;45.10;sin dato;sin dato;509.22;84.87;1;5
ORD-2025-01160;2023-04-25;2023-04-29;estándar;completado;2927;P0073;4;0.15;594.18;104.11;almacenamiento eco 3;muebles;almacenamiento;orion;174.76;120.04;campaña ahorro 7;afiliados;505.05;148.54;4;4
ORD-2025-01161;2023-04-23;2023-04-26;estándar;enviado;2928;P0074;8;0.00;3300.08;1214.08;almacenamiento smart 4;muebles;almacenamiento;lumen;412.51;260.75;sin dato;sin dato;3300.08;412.51;4;3
ORD-2025-01161;2023-04-23;2023-04-26;estándar;enviado;2929;P0019;3;0.10;1418.66;213.59;teléfonos eco 9;tecnología;teléfonos;andes;525.43;396.24;sin dato;sin dato;1276.79;472.89;4;3
ORD-2025-01161;2023-04-23;2023-04-26;estándar;enviado;2930;P0040;3;0.30;1558.22;298.12;periféricos eco 10;tecnología;periféricos;andes;742.01;430.58;sin dato;sin dato;1090.75;519.41;4;3
ORD-2025-01162;2024-10-05;2024-10-09;estándar;completado;2931;P0036;1;0.05;833.34;417.85;periféricos nova 6;tecnología;periféricos;patagonia;877.20;420.81;sin dato;sin dato;791.67;833.34;10;4
ORD-2025-01163;2023-01-06;2023-01-06;segunda clase;completado;2932;P0048;7;0.20;3502.41;-61.47;sillas plus 8;muebles;sillas;orion;625.43;484.77;sin dato;sin dato;2801.93;500.34;1;0
ORD-2025-01163;2023-01-06;2023-01-06;segunda clase;completado;2933;P0014;6;0.15;398.16;189.05;teléfonos pro 4;tecnología;teléfonos;alerce;78.07;35.97;sin dato;sin dato;338.44;66.36;1;0
ORD-2025-01164;2023-12-20;2023-12-21;estándar;enviado;2934;P0063;5;0.20;997.92;63.80;libreros smart 3;muebles;libreros;vector;249.48;184.17;sin dato;sin dato;798.34;199.58;12;1
ORD-2025-01164;2023-12-20;2023-12-21;estándar;enviado;2935;P0064;3;0.00;451.53;106.98;libreros eco 4;muebles;libreros;andes;150.51;114.85;sin dato;sin dato;451.53;150.51;12;1
ORD-2025-01164;2023-12-20;2023-12-21;estándar;enviado;2936;P0051;5;0.00;474.40;181.30;mesas smart 1;muebles;mesas;orion;94.88;58.62;sin dato;sin dato;474.40;94.88;12;1
ORD-2025-01164;2023-12-20;2023-12-21;estándar;enviado;2937;P0091;6;0.20;2473.39;373.93;archivadores flex 1;oficina;archivadores;alerce;515.29;352.20;sin dato;sin dato;1978.71;412.23;12;1
ORD-2025-01165;2024-01-09;2024-01-14;primera clase;enviado;2938;P0072;4;0.00;2755.92;1043.52;almacenamiento nova 2;muebles;almacenamiento;patagonia;688.98;428.10;campaña ahorro 2;afiliados;2755.92;688.98;1;5
ORD-2025-01165;2024-01-09;2024-01-14;primera clase;enviado;2939;P0044;6;0.00;4371.30;1682.58;sillas plus 4;muebles;sillas;orion;728.55;448.12;campaña ahorro 2;afiliados;4371.30;728.55;1;5
ORD-2025-01166;2023-07-06;2023-07-09;primera clase;completado;2940;P0001;8;0.00;3566.72;1882.72;accesorios flex 1;tecnología;accesorios;alerce;445.84;210.50;campaña ahorro 6;afiliados;3566.72;445.84;7;3
ORD-2025-01166;2023-07-06;2023-07-09;primera clase;completado;2941;P0011;2;0.00;1103.46;380.20;teléfonos plus 1;tecnología;teléfonos;lumen;551.73;361.63;campaña ahorro 6;afiliados;1103.46;551.73;7;3
ORD-2025-01166;2023-07-06;2023-07-09;primera clase;completado;2942;P0048;2;0.00;1250.86;281.32;sillas plus 8;muebles;sillas;orion;625.43;484.77;campaña ahorro 6;afiliados;1250.86;625.43;7;3
ORD-2025-01166;2023-07-06;2023-07-09;primera clase;completado;2943;P0039;2;0.10;426.80;47.00;periféricos nova 9;tecnología;periféricos;vector;237.11;188.91;campaña ahorro 6;afiliados;384.12;213.40;7;3
ORD-2025-01167;2023-07-30;2023-08-04;segunda clase;completado;2944;P0067;6;0.30;725.63;99.80;libreros pro 7;muebles;libreros;nova;172.77;109.03;campaña cliente vip 5;display;507.94;120.94;7;5
ORD-2025-01167;2023-07-30;2023-08-04;segunda clase;completado;2945;P0056;6;0.20;2892.72;161.73;mesas flex 6;muebles;mesas;orion;602.65;441.66;campaña cliente vip 5;display;2314.18;482.12;7;5
ORD-2025-01168;2023-01-20;2023-01-22;segunda clase;completado;2946;P0029;7;0.30;1377.49;-56.00;computadores eco 9;tecnología;computadores;patagonia;281.12;199.48;campaña cliente vip 5;display;964.24;196.78;1;2
ORD-2025-01168;2023-01-20;2023-01-22;segunda clase;completado;2947;P0044;7;0.00;5099.85;1963.01;sillas plus 4;muebles;sillas;orion;728.55;448.12;campaña cliente vip 5;display;5099.85;728.55;1;2
ORD-2025-01168;2023-01-20;2023-01-22;segunda clase;completado;2948;P0107;5;0.00;387.25;174.95;etiquetas pro 7;oficina;etiquetas;orion;77.45;42.46;campaña cliente vip 5;display;387.25;77.45;1;2
ORD-2025-01169;2023-04-26;2023-04-28;estándar;completado;2949;P0015;2;0.15;1187.45;144.23;teléfonos plus 5;tecnología;teléfonos;nova;698.50;515.60;campaña outlet 8;búsqueda;1009.33;593.72;4;2
ORD-2025-01170;2023-08-23;2023-08-29;estándar;completado;2950;P0089;8;0.00;2808.96;954.48;papelería plus 9;oficina;papelería;vector;351.12;231.81;campaña cliente vip 5;display;2808.96;351.12;8;6
ORD-2025-01170;2023-08-23;2023-08-29;estándar;completado;2951;P0060;6;0.20;759.79;217.08;mesas smart 10;muebles;mesas;vector;158.29;93.56;campaña cliente vip 5;display;607.83;126.63;8;6
ORD-2025-01170;2023-08-23;2023-08-29;estándar;completado;2952;P0044;5;0.30;2549.92;392.81;sillas plus 4;muebles;sillas;orion;728.55;448.12;campaña cliente vip 5;display;1784.94;509.98;8;6
ORD-2025-01171;2023-12-03;2023-12-08;primera clase;completado;2953;P0111;3;0.15;1312.89;370.96;sobres flex 1;oficina;sobres;lumen;514.86;299.56;campaña activa 4;afiliados;1115.96;437.63;12;5
ORD-2025-01171;2023-12-03;2023-12-08;primera clase;completado;2954;P0071;1;0.15;755.24;78.50;almacenamiento flex 1;muebles;almacenamiento;patagonia;888.52;677.49;campaña activa 4;afiliados;641.95;755.24;12;5
ORD-2025-01172;2024-01-06;2024-01-10;segunda clase;completado;2955;P0081;2;0.05;1558.87;546.19;papelería smart 1;oficina;papelería;altura;820.46;507.81;campaña ahorro 7;afiliados;1480.93;779.44;1;4
ORD-2025-01172;2024-01-06;2024-01-10;segunda clase;completado;2956;P0028;5;0.30;1617.45;551.47;computadores pro 8;tecnología;computadores;lumen;462.13;240.82;campaña ahorro 7;afiliados;1132.21;323.49;1;4
ORD-2025-01172;2024-01-06;2024-01-10;segunda clase;completado;2957;P0060;2;0.10;284.92;99.06;mesas smart 10;muebles;mesas;vector;158.29;93.56;campaña ahorro 7;afiliados;256.43;142.46;1;4
ORD-2025-01173;2023-09-18;2023-09-23;mismo día;completado;2958;P0038;2;0.15;695.16;184.02;periféricos nova 8;tecnología;periféricos;andes;408.92;250.33;sin dato;sin dato;590.89;347.58;9;5
ORD-2025-01173;2023-09-18;2023-09-23;mismo día;completado;2959;P0006;4;0.30;2433.98;162.32;accesorios nova 6;tecnología;accesorios;andes;869.28;522.14;sin dato;sin dato;1703.79;608.50;9;5
ORD-2025-01174;2023-02-07;2023-02-07;mismo día;completado;2960;P0010;8;0.15;4610.94;596.70;accesorios nova 10;tecnología;accesorios;andes;678.08;497.07;sin dato;sin dato;3919.30;576.37;2;0
ORD-2025-01175;2025-02-15;2025-02-15;mismo día;cancelado;2961;P0074;1;0.30;288.76;25.88;almacenamiento smart 4;muebles;almacenamiento;lumen;412.51;260.75;sin dato;sin dato;202.13;288.76;2;0
ORD-2025-01175;2025-02-15;2025-02-15;mismo día;cancelado;2962;P0068;6;0.15;3255.99;723.92;libreros pro 8;muebles;libreros;lumen;638.43;415.12;sin dato;sin dato;2767.59;542.66;2;0
ORD-2025-01175;2025-02-15;2025-02-15;mismo día;cancelado;2963;P0116;3;0.00;2322.57;867.42;sobres flex 6;oficina;sobres;patagonia;774.19;485.05;sin dato;sin dato;2322.57;774.19;2;0
ORD-2025-01176;2025-04-09;2025-04-15;segunda clase;completado;2964;P0102;7;0.30;2100.58;9.93;etiquetas pro 2;oficina;etiquetas;vector;428.69;272.95;campaña ahorro 7;afiliados;1470.41;300.08;4;6
ORD-2025-01176;2025-04-09;2025-04-15;segunda clase;completado;2965;P0113;6;0.20;2923.25;799.16;sobres smart 3;oficina;sobres;patagonia;609.01;376.16;campaña ahorro 7;afiliados;2338.60;487.21;4;6
ORD-2025-01177;2023-05-12;2023-05-13;estándar;completado;2966;P0103;6;0.00;3231.60;1169.82;etiquetas nova 3;oficina;etiquetas;alerce;538.60;343.63;sin dato;sin dato;3231.60;538.60;5;1
ORD-2025-01177;2023-05-12;2023-05-13;estándar;completado;2967;P0010;5;0.05;3220.88;766.24;accesorios nova 10;tecnología;accesorios;andes;678.08;497.07;sin dato;sin dato;3059.84;644.18;5;1
ORD-2025-01178;2023-06-18;2023-06-21;segunda clase;devuelto;2968;P0109;4;0.15;2596.89;363.31;etiquetas smart 9;oficina;etiquetas;patagonia;763.79;559.32;sin dato;sin dato;2207.36;649.22;6;3
ORD-2025-01178;2023-06-18;2023-06-21;segunda clase;devuelto;2969;P0057;2;0.10;928.46;276.79;mesas smart 7;muebles;mesas;patagonia;515.81;325.42;sin dato;sin dato;835.61;464.23;6;3
ORD-2025-01178;2023-06-18;2023-06-21;segunda clase;devuelto;2970;P0026;1;0.00;477.34;99.19;computadores plus 6;tecnología;computadores;lumen;477.34;378.15;sin dato;sin dato;477.34;477.34;6;3
ORD-2025-01178;2023-06-18;2023-06-21;segunda clase;devuelto;2971;P0103;6;0.20;2585.28;434.70;etiquetas nova 3;oficina;etiquetas;alerce;538.60;343.63;sin dato;sin dato;2068.22;430.88;6;3
ORD-2025-01179;2025-04-24;2025-04-24;primera clase;devuelto;2972;P0031;8;0.10;1674.58;754.81;periféricos smart 1;tecnología;periféricos;andes;232.58;113.04;sin dato;sin dato;1507.12;209.32;4;0
ORD-2025-01179;2025-04-24;2025-04-24;primera clase;devuelto;2973;P0019;7;0.20;2942.41;39.56;teléfonos eco 9;tecnología;teléfonos;andes;525.43;396.24;sin dato;sin dato;2353.93;420.34;4;0
ORD-2025-01179;2025-04-24;2025-04-24;primera clase;devuelto;2974;P0012;3;0.00;1015.44;508.26;teléfonos flex 2;tecnología;teléfonos;vector;338.48;169.06;sin dato;sin dato;1015.44;338.48;4;0
ORD-2025-01179;2025-04-24;2025-04-24;primera clase;devuelto;2975;P0010;5;0.00;3390.40;905.05;accesorios nova 10;tecnología;accesorios;andes;678.08;497.07;sin dato;sin dato;3390.40;678.08;4;0
ORD-2025-01180;2023-03-26;2023-03-26;segunda clase;enviado;2976;P0104;5;0.20;2420.80;342.89;etiquetas nova 4;oficina;etiquetas;altura;605.20;392.50;sin dato;sin dato;1936.64;484.16;3;0
ORD-2025-01180;2023-03-26;2023-03-26;segunda clase;enviado;2977;P0058;5;0.10;1057.82;159.97;mesas nova 8;muebles;mesas;andes;235.07;180.72;sin dato;sin dato;952.04;211.56;3;0
ORD-2025-01180;2023-03-26;2023-03-26;segunda clase;enviado;2978;P0090;4;0.00;3037.56;1088.28;papelería plus 10;oficina;papelería;orion;759.39;487.32;sin dato;sin dato;3037.56;759.39;3;0
ORD-2025-01181;2023-10-21;2023-10-21;primera clase;enviado;2979;P0049;8;0.05;2197.31;501.19;sillas smart 9;muebles;sillas;orion;289.12;211.95;campaña ahorro 2;afiliados;2087.44;274.66;10;0
ORD-2025-01181;2023-10-21;2023-10-21;primera clase;enviado;2980;P0088;6;0.00;4175.04;1637.94;papelería eco 8;oficina;papelería;patagonia;695.84;422.85;campaña ahorro 2;afiliados;4175.04;695.84;10;0
ORD-2025-01182;2024-03-31;2024-04-06;primera clase;completado;2981;P0069;5;0.30;2337.51;-188.69;libreros smart 9;muebles;libreros;patagonia;667.86;470.05;sin dato;sin dato;1636.26;467.50;3;6
ORD-2025-01183;2024-11-17;2024-11-18;segunda clase;completado;2982;P0042;5;0.00;2784.05;900.50;sillas flex 2;muebles;sillas;vector;556.81;376.71;campaña ahorro 2;afiliados;2784.05;556.81;11;1
ORD-2025-01183;2024-11-17;2024-11-18;segunda clase;completado;2983;P0024;8;0.00;6458.80;3235.84;computadores nova 4;tecnología;computadores;vector;807.35;402.87;campaña ahorro 2;afiliados;6458.80;807.35;11;1
ORD-2025-01184;2023-07-20;2023-07-20;mismo día;enviado;2984;P0117;8;0.00;5963.68;1407.76;sobres eco 7;oficina;sobres;vector;745.46;569.49;sin dato;sin dato;5963.68;745.46;7;0
ORD-2025-01184;2023-07-20;2023-07-20;mismo día;enviado;2985;P0054;8;0.20;528.13;61.37;mesas eco 4;muebles;mesas;altura;82.52;60.93;sin dato;sin dato;422.50;66.02;7;0
ORD-2025-01184;2023-07-20;2023-07-20;mismo día;enviado;2986;P0100;8;0.20;336.77;42.26;archivadores smart 10;oficina;archivadores;andes;52.62;38.31;sin dato;sin dato;269.42;42.10;7;0
ORD-2025-01184;2023-07-20;2023-07-20;mismo día;enviado;2987;P0001;8;0.20;2853.38;1125.38;accesorios flex 1;tecnología;accesorios;alerce;445.84;210.50;sin dato;sin dato;2282.70;356.67;7;0
ORD-2025-01185;2023-07-09;2023-07-09;mismo día;completado;2988;P0085;5;0.00;3720.05;1015.10;papelería smart 5;oficina;papelería;alerce;744.01;540.99;sin dato;sin dato;3720.05;744.01;7;0
ORD-2025-01186;2023-08-20;2023-08-26;primera clase;completado;2989;P0102;7;0.10;2700.75;776.32;etiquetas pro 2;oficina;etiquetas;vector;428.69;272.95;sin dato;sin dato;2430.68;385.82;8;6
ORD-2025-01186;2023-08-20;2023-08-26;primera clase;completado;2990;P0039;2;0.00;474.22;96.40;periféricos nova 9;tecnología;periféricos;vector;237.11;188.91;sin dato;sin dato;474.22;237.11;8;6
ORD-2025-01186;2023-08-20;2023-08-26;primera clase;completado;2991;P0092;4;0.00;2465.28;1229.56;archivadores nova 2;oficina;archivadores;alerce;616.32;308.93;sin dato;sin dato;2465.28;616.32;8;6
ORD-2025-01187;2023-02-03;2023-02-07;estándar;enviado;2992;P0017;6;0.00;1535.10;554.82;teléfonos plus 7;tecnología;teléfonos;alerce;255.85;163.38;sin dato;sin dato;1535.10;255.85;2;4
ORD-2025-01187;2023-02-03;2023-02-07;estándar;enviado;2993;P0088;1;0.00;695.84;272.99;papelería eco 8;oficina;papelería;patagonia;695.84;422.85;sin dato;sin dato;695.84;695.84;2;4
ORD-2025-01187;2023-02-03;2023-02-07;estándar;enviado;2994;P0072;2;0.05;1309.06;455.70;almacenamiento nova 2;muebles;almacenamiento;patagonia;688.98;428.10;sin dato;sin dato;1243.61;654.53;2;4
ORD-2025-01188;2024-02-05;2024-02-08;segunda clase;completado;2995;P0119;4;0.00;2480.96;1090.20;sobres plus 9;oficina;sobres;andes;620.24;347.69;sin dato;sin dato;2480.96;620.24;2;3
ORD-2025-01188;2024-02-05;2024-02-08;segunda clase;completado;2996;P0094;3;0.15;459.10;64.33;archivadores pro 4;oficina;archivadores;alerce;180.04;126.70;sin dato;sin dato;390.24;153.03;2;3
ORD-2025-01188;2024-02-05;2024-02-08;segunda clase;completado;2997;P0102;1;0.00;428.69;155.74;etiquetas pro 2;oficina;etiquetas;vector;428.69;272.95;sin dato;sin dato;428.69;428.69;2;3
ORD-2025-01189;2025-01-22;2025-01-28;primera clase;completado;2998;P0019;4;0.05;1996.63;400.21;teléfonos eco 9;tecnología;teléfonos;andes;525.43;396.24;campaña outlet 8;búsqueda;1896.80;499.16;1;6
ORD-2025-01190;2023-08-25;2023-08-31;estándar;completado;2999;P0047;8;0.05;5303.51;1094.32;sillas plus 7;muebles;sillas;andes;697.83;520.77;sin dato;sin dato;5038.33;662.94;8;6
ORD-2025-01190;2023-08-25;2023-08-31;estándar;completado;3000;P0109;2;0.30;1069.31;-14.78;etiquetas smart 9;oficina;etiquetas;patagonia;763.79;559.32;sin dato;sin dato;748.52;534.66;8;6
ORD-2025-01190;2023-08-25;2023-08-31;estándar;completado;3001;P0049;4;0.15;983.01;161.43;sillas smart 9;muebles;sillas;orion;289.12;211.95;sin dato;sin dato;835.56;245.75;8;6
ORD-2025-01190;2023-08-25;2023-08-31;estándar;completado;3002;P0095;2;0.10;949.05;399.51;archivadores plus 5;oficina;archivadores;altura;527.25;284.32;sin dato;sin dato;854.14;474.52;8;6
ORD-2025-01191;2024-07-10;2024-07-11;mismo día;completado;3003;P0120;4;0.15;2401.32;600.79;sobres plus 10;oficina;sobres;altura;706.27;437.08;campaña ahorro 6;afiliados;2041.12;600.33;7;1
ORD-2025-01192;2024-05-19;2024-05-22;segunda clase;completado;3004;P0053;8;0.00;2965.68;1056.00;mesas eco 3;muebles;mesas;alerce;370.71;238.71;campaña outlet 8;búsqueda;2965.68;370.71;5;3
ORD-2025-01192;2024-05-19;2024-05-22;segunda clase;completado;3005;P0010;3;0.10;1830.82;306.24;accesorios nova 10;tecnología;accesorios;andes;678.08;497.07;campaña outlet 8;búsqueda;1647.74;610.27;5;3
ORD-2025-01192;2024-05-19;2024-05-22;segunda clase;completado;3006;P0001;6;0.00;2675.04;1412.04;accesorios flex 1;tecnología;accesorios;alerce;445.84;210.50;campaña outlet 8;búsqueda;2675.04;445.84;5;3
ORD-2025-01193;2025-04-08;2025-04-09;primera clase;completado;3007;P0058;7;0.10;1480.94;241.22;mesas nova 8;muebles;mesas;andes;235.07;180.72;sin dato;sin dato;1332.85;211.56;4;1
ORD-2025-01193;2025-04-08;2025-04-09;primera clase;completado;3008;P0098;7;0.30;1146.16;1.37;archivadores nova 8;oficina;archivadores;lumen;233.91;164.53;sin dato;sin dato;802.31;163.74;4;1
ORD-2025-01194;2023-01-10;2023-01-13;mismo día;completado;3009;P0108;2;0.30;687.33;-128.42;etiquetas flex 8;oficina;etiquetas;patagonia;490.95;392.54;campaña cliente vip 5;display;481.13;343.66;1;3
ORD-2025-01194;2023-01-10;2023-01-13;mismo día;completado;3010;P0030;4;0.00;2780.80;1500.88;computadores flex 10;tecnología;computadores;alerce;695.20;319.98;campaña cliente vip 5;display;2780.80;695.20;1;3
ORD-2025-01195;2023-12-08;2023-12-14;primera clase;enviado;3011;P0015;1;0.10;628.65;111.85;teléfonos plus 5;tecnología;teléfonos;nova;698.50;515.60;sin dato;sin dato;565.78;628.65;12;6
ORD-2025-01195;2023-12-08;2023-12-14;primera clase;enviado;3012;P0076;5;0.30;401.59;77.18;almacenamiento eco 6;muebles;almacenamiento;patagonia;114.74;61.78;sin dato;sin dato;281.11;80.32;12;6
ORD-2025-01195;2023-12-08;2023-12-14;primera clase;enviado;3013;P0108;2;0.00;981.90;196.82;etiquetas flex 8;oficina;etiquetas;patagonia;490.95;392.54;sin dato;sin dato;981.90;490.95;12;6
ORD-2025-01196;2023-12-16;2023-12-22;primera clase;completado;3014;P0103;8;0.20;3447.04;583.57;etiquetas nova 3;oficina;etiquetas;alerce;538.60;343.63;campaña outlet 8;búsqueda;2757.63;430.88;12;6
ORD-2025-01196;2023-12-16;2023-12-22;primera clase;completado;3015;P0014;1;0.30;54.65;14.43;teléfonos pro 4;tecnología;teléfonos;alerce;78.07;35.97;campaña outlet 8;búsqueda;38.25;54.65;12;6
ORD-2025-01196;2023-12-16;2023-12-22;primera clase;completado;3016;P0051;5;0.30;332.08;46.83;mesas smart 1;muebles;mesas;orion;94.88;58.62;campaña outlet 8;búsqueda;232.46;66.42;12;6
ORD-2025-01197;2023-12-16;2023-12-19;mismo día;completado;3017;P0038;6;0.10;2208.17;662.68;periféricos nova 8;tecnología;periféricos;andes;408.92;250.33;campaña outlet 8;búsqueda;1987.35;368.03;12;3
ORD-2025-01197;2023-12-16;2023-12-19;mismo día;completado;3018;P0098;4;0.00;935.64;277.52;archivadores nova 8;oficina;archivadores;lumen;233.91;164.53;campaña outlet 8;búsqueda;935.64;233.91;12;3
ORD-2025-01198;2024-06-25;2024-07-01;mismo día;completado;3019;P0119;7;0.00;4341.68;1907.85;sobres plus 9;oficina;sobres;andes;620.24;347.69;campaña ahorro 7;afiliados;4341.68;620.24;6;6
ORD-2025-01198;2024-06-25;2024-07-01;mismo día;completado;3020;P0120;7;0.30;3460.72;677.76;sobres plus 10;oficina;sobres;altura;706.27;437.08;campaña ahorro 7;afiliados;2422.50;494.39;6;6
ORD-2025-01199;2024-04-12;2024-04-15;segunda clase;completado;3021;P0019;7;0.05;3494.11;720.65;teléfonos eco 9;tecnología;teléfonos;andes;525.43;396.24;sin dato;sin dato;3319.40;499.16;4;3
ORD-2025-01199;2024-04-12;2024-04-15;segunda clase;completado;3022;P0113;8;0.00;4872.08;1862.80;sobres smart 3;oficina;sobres;patagonia;609.01;376.16;sin dato;sin dato;4872.08;609.01;4;3
ORD-2025-01199;2024-04-12;2024-04-15;segunda clase;completado;3023;P0008;8;0.05;3014.16;781.65;accesorios plus 8;tecnología;accesorios;andes;396.60;275.19;sin dato;sin dato;2863.45;376.77;4;3
ORD-2025-01199;2024-04-12;2024-04-15;segunda clase;completado;3024;P0017;7;0.00;1790.95;647.29;teléfonos plus 7;tecnología;teléfonos;alerce;255.85;163.38;sin dato;sin dato;1790.95;255.85;4;3
ORD-2025-01200;2024-07-06;2024-07-11;segunda clase;completado;3025;P0088;4;0.00;2783.36;1091.96;papelería eco 8;oficina;papelería;patagonia;695.84;422.85;sin dato;sin dato;2783.36;695.84;7;5
ORD-2025-01200;2024-07-06;2024-07-11;segunda clase;completado;3026;P0079;4;0.10;175.93;34.05;almacenamiento nova 9;muebles;almacenamiento;alerce;48.87;35.90;sin dato;sin dato;158.34;43.98;7;5
